#include "protocol/codec_data.h"
#include <cstring>

namespace limbo::codec {

static const uint8_t k_j116[] = {
  0x0a, 0x09, 0x00, 0x09, 0x64, 0x69, 0x6d, 0x65, 0x6e, 0x73, 0x69, 0x6f,
  0x6e, 0x0a, 0x00, 0x00, 0x00, 0x04, 0x01, 0x00, 0x0b, 0x70, 0x69, 0x67,
  0x6c, 0x69, 0x6e, 0x5f, 0x73, 0x61, 0x66, 0x65, 0x00, 0x01, 0x00, 0x07,
  0x6e, 0x61, 0x74, 0x75, 0x72, 0x61, 0x6c, 0x01, 0x05, 0x00, 0x0d, 0x61,
  0x6d, 0x62, 0x69, 0x65, 0x6e, 0x74, 0x5f, 0x6c, 0x69, 0x67, 0x68, 0x74,
  0x00, 0x00, 0x00, 0x00, 0x08, 0x00, 0x0a, 0x69, 0x6e, 0x66, 0x69, 0x6e,
  0x69, 0x62, 0x75, 0x72, 0x6e, 0x00, 0x1e, 0x6d, 0x69, 0x6e, 0x65, 0x63,
  0x72, 0x61, 0x66, 0x74, 0x3a, 0x69, 0x6e, 0x66, 0x69, 0x6e, 0x69, 0x62,
  0x75, 0x72, 0x6e, 0x5f, 0x6f, 0x76, 0x65, 0x72, 0x77, 0x6f, 0x72, 0x6c,
  0x64, 0x01, 0x00, 0x14, 0x72, 0x65, 0x73, 0x70, 0x61, 0x77, 0x6e, 0x5f,
  0x61, 0x6e, 0x63, 0x68, 0x6f, 0x72, 0x5f, 0x77, 0x6f, 0x72, 0x6b, 0x73,
  0x00, 0x01, 0x00, 0x0c, 0x68, 0x61, 0x73, 0x5f, 0x73, 0x6b, 0x79, 0x6c,
  0x69, 0x67, 0x68, 0x74, 0x01, 0x01, 0x00, 0x09, 0x62, 0x65, 0x64, 0x5f,
  0x77, 0x6f, 0x72, 0x6b, 0x73, 0x01, 0x01, 0x00, 0x09, 0x68, 0x61, 0x73,
  0x5f, 0x72, 0x61, 0x69, 0x64, 0x73, 0x01, 0x08, 0x00, 0x04, 0x6e, 0x61,
  0x6d, 0x65, 0x00, 0x13, 0x6d, 0x69, 0x6e, 0x65, 0x63, 0x72, 0x61, 0x66,
  0x74, 0x3a, 0x6f, 0x76, 0x65, 0x72, 0x77, 0x6f, 0x72, 0x6c, 0x64, 0x03,
  0x00, 0x0e, 0x6c, 0x6f, 0x67, 0x69, 0x63, 0x61, 0x6c, 0x5f, 0x68, 0x65,
  0x69, 0x67, 0x68, 0x74, 0x00, 0x00, 0x01, 0x00, 0x01, 0x00, 0x06, 0x73,
  0x68, 0x72, 0x75, 0x6e, 0x6b, 0x00, 0x01, 0x00, 0x09, 0x75, 0x6c, 0x74,
  0x72, 0x61, 0x77, 0x61, 0x72, 0x6d, 0x00, 0x01, 0x00, 0x0b, 0x68, 0x61,
  0x73, 0x5f, 0x63, 0x65, 0x69, 0x6c, 0x69, 0x6e, 0x67, 0x00, 0x00, 0x01,
  0x00, 0x0b, 0x70, 0x69, 0x67, 0x6c, 0x69, 0x6e, 0x5f, 0x73, 0x61, 0x66,
  0x65, 0x00, 0x01, 0x00, 0x07, 0x6e, 0x61, 0x74, 0x75, 0x72, 0x61, 0x6c,
  0x01, 0x05, 0x00, 0x0d, 0x61, 0x6d, 0x62, 0x69, 0x65, 0x6e, 0x74, 0x5f,
  0x6c, 0x69, 0x67, 0x68, 0x74, 0x00, 0x00, 0x00, 0x00, 0x08, 0x00, 0x0a,
  0x69, 0x6e, 0x66, 0x69, 0x6e, 0x69, 0x62, 0x75, 0x72, 0x6e, 0x00, 0x1e,
  0x6d, 0x69, 0x6e, 0x65, 0x63, 0x72, 0x61, 0x66, 0x74, 0x3a, 0x69, 0x6e,
  0x66, 0x69, 0x6e, 0x69, 0x62, 0x75, 0x72, 0x6e, 0x5f, 0x6f, 0x76, 0x65,
  0x72, 0x77, 0x6f, 0x72, 0x6c, 0x64, 0x01, 0x00, 0x14, 0x72, 0x65, 0x73,
  0x70, 0x61, 0x77, 0x6e, 0x5f, 0x61, 0x6e, 0x63, 0x68, 0x6f, 0x72, 0x5f,
  0x77, 0x6f, 0x72, 0x6b, 0x73, 0x00, 0x01, 0x00, 0x0c, 0x68, 0x61, 0x73,
  0x5f, 0x73, 0x6b, 0x79, 0x6c, 0x69, 0x67, 0x68, 0x74, 0x01, 0x01, 0x00,
  0x09, 0x62, 0x65, 0x64, 0x5f, 0x77, 0x6f, 0x72, 0x6b, 0x73, 0x01, 0x01,
  0x00, 0x09, 0x68, 0x61, 0x73, 0x5f, 0x72, 0x61, 0x69, 0x64, 0x73, 0x01,
  0x08, 0x00, 0x04, 0x6e, 0x61, 0x6d, 0x65, 0x00, 0x19, 0x6d, 0x69, 0x6e,
  0x65, 0x63, 0x72, 0x61, 0x66, 0x74, 0x3a, 0x6f, 0x76, 0x65, 0x72, 0x77,
  0x6f, 0x72, 0x6c, 0x64, 0x5f, 0x63, 0x61, 0x76, 0x65, 0x73, 0x03, 0x00,
  0x0e, 0x6c, 0x6f, 0x67, 0x69, 0x63, 0x61, 0x6c, 0x5f, 0x68, 0x65, 0x69,
  0x67, 0x68, 0x74, 0x00, 0x00, 0x01, 0x00, 0x01, 0x00, 0x06, 0x73, 0x68,
  0x72, 0x75, 0x6e, 0x6b, 0x00, 0x01, 0x00, 0x09, 0x75, 0x6c, 0x74, 0x72,
  0x61, 0x77, 0x61, 0x72, 0x6d, 0x00, 0x01, 0x00, 0x0b, 0x68, 0x61, 0x73,
  0x5f, 0x63, 0x65, 0x69, 0x6c, 0x69, 0x6e, 0x67, 0x01, 0x00, 0x01, 0x00,
  0x0b, 0x70, 0x69, 0x67, 0x6c, 0x69, 0x6e, 0x5f, 0x73, 0x61, 0x66, 0x65,
  0x01, 0x01, 0x00, 0x07, 0x6e, 0x61, 0x74, 0x75, 0x72, 0x61, 0x6c, 0x00,
  0x05, 0x00, 0x0d, 0x61, 0x6d, 0x62, 0x69, 0x65, 0x6e, 0x74, 0x5f, 0x6c,
  0x69, 0x67, 0x68, 0x74, 0x3d, 0xcc, 0xcc, 0xcd, 0x08, 0x00, 0x0a, 0x69,
  0x6e, 0x66, 0x69, 0x6e, 0x69, 0x62, 0x75, 0x72, 0x6e, 0x00, 0x1b, 0x6d,
  0x69, 0x6e, 0x65, 0x63, 0x72, 0x61, 0x66, 0x74, 0x3a, 0x69, 0x6e, 0x66,
  0x69, 0x6e, 0x69, 0x62, 0x75, 0x72, 0x6e, 0x5f, 0x6e, 0x65, 0x74, 0x68,
  0x65, 0x72, 0x01, 0x00, 0x14, 0x72, 0x65, 0x73, 0x70, 0x61, 0x77, 0x6e,
  0x5f, 0x61, 0x6e, 0x63, 0x68, 0x6f, 0x72, 0x5f, 0x77, 0x6f, 0x72, 0x6b,
  0x73, 0x01, 0x01, 0x00, 0x0c, 0x68, 0x61, 0x73, 0x5f, 0x73, 0x6b, 0x79,
  0x6c, 0x69, 0x67, 0x68, 0x74, 0x00, 0x01, 0x00, 0x09, 0x62, 0x65, 0x64,
  0x5f, 0x77, 0x6f, 0x72, 0x6b, 0x73, 0x00, 0x01, 0x00, 0x09, 0x68, 0x61,
  0x73, 0x5f, 0x72, 0x61, 0x69, 0x64, 0x73, 0x00, 0x08, 0x00, 0x04, 0x6e,
  0x61, 0x6d, 0x65, 0x00, 0x14, 0x6d, 0x69, 0x6e, 0x65, 0x63, 0x72, 0x61,
  0x66, 0x74, 0x3a, 0x74, 0x68, 0x65, 0x5f, 0x6e, 0x65, 0x74, 0x68, 0x65,
  0x72, 0x03, 0x00, 0x0e, 0x6c, 0x6f, 0x67, 0x69, 0x63, 0x61, 0x6c, 0x5f,
  0x68, 0x65, 0x69, 0x67, 0x68, 0x74, 0x00, 0x00, 0x00, 0x80, 0x01, 0x00,
  0x06, 0x73, 0x68, 0x72, 0x75, 0x6e, 0x6b, 0x01, 0x01, 0x00, 0x09, 0x75,
  0x6c, 0x74, 0x72, 0x61, 0x77, 0x61, 0x72, 0x6d, 0x01, 0x01, 0x00, 0x0b,
  0x68, 0x61, 0x73, 0x5f, 0x63, 0x65, 0x69, 0x6c, 0x69, 0x6e, 0x67, 0x01,
  0x00, 0x01, 0x00, 0x0b, 0x70, 0x69, 0x67, 0x6c, 0x69, 0x6e, 0x5f, 0x73,
  0x61, 0x66, 0x65, 0x00, 0x01, 0x00, 0x07, 0x6e, 0x61, 0x74, 0x75, 0x72,
  0x61, 0x6c, 0x00, 0x05, 0x00, 0x0d, 0x61, 0x6d, 0x62, 0x69, 0x65, 0x6e,
  0x74, 0x5f, 0x6c, 0x69, 0x67, 0x68, 0x74, 0x00, 0x00, 0x00, 0x00, 0x08,
  0x00, 0x0a, 0x69, 0x6e, 0x66, 0x69, 0x6e, 0x69, 0x62, 0x75, 0x72, 0x6e,
  0x00, 0x18, 0x6d, 0x69, 0x6e, 0x65, 0x63, 0x72, 0x61, 0x66, 0x74, 0x3a,
  0x69, 0x6e, 0x66, 0x69, 0x6e, 0x69, 0x62, 0x75, 0x72, 0x6e, 0x5f, 0x65,
  0x6e, 0x64, 0x01, 0x00, 0x14, 0x72, 0x65, 0x73, 0x70, 0x61, 0x77, 0x6e,
  0x5f, 0x61, 0x6e, 0x63, 0x68, 0x6f, 0x72, 0x5f, 0x77, 0x6f, 0x72, 0x6b,
  0x73, 0x00, 0x01, 0x00, 0x0c, 0x68, 0x61, 0x73, 0x5f, 0x73, 0x6b, 0x79,
  0x6c, 0x69, 0x67, 0x68, 0x74, 0x00, 0x01, 0x00, 0x09, 0x62, 0x65, 0x64,
  0x5f, 0x77, 0x6f, 0x72, 0x6b, 0x73, 0x00, 0x01, 0x00, 0x09, 0x68, 0x61,
  0x73, 0x5f, 0x72, 0x61, 0x69, 0x64, 0x73, 0x01, 0x08, 0x00, 0x04, 0x6e,
  0x61, 0x6d, 0x65, 0x00, 0x11, 0x6d, 0x69, 0x6e, 0x65, 0x63, 0x72, 0x61,
  0x66, 0x74, 0x3a, 0x74, 0x68, 0x65, 0x5f, 0x65, 0x6e, 0x64, 0x03, 0x00,
  0x0e, 0x6c, 0x6f, 0x67, 0x69, 0x63, 0x61, 0x6c, 0x5f, 0x68, 0x65, 0x69,
  0x67, 0x68, 0x74, 0x00, 0x00, 0x01, 0x00, 0x01, 0x00, 0x06, 0x73, 0x68,
  0x72, 0x75, 0x6e, 0x6b, 0x00, 0x01, 0x00, 0x09, 0x75, 0x6c, 0x74, 0x72,
  0x61, 0x77, 0x61, 0x72, 0x6d, 0x00, 0x01, 0x00, 0x0b, 0x68, 0x61, 0x73,
  0x5f, 0x63, 0x65, 0x69, 0x6c, 0x69, 0x6e, 0x67, 0x00, 0x00, 0x00,
};
Blob j116() { return {k_j116, sizeof(k_j116)}; }

static const uint8_t k_j1162[] = {
  0x0a, 0x0a, 0x00, 0x18, 0x6d, 0x69, 0x6e, 0x65, 0x63, 0x72, 0x61, 0x66,
  0x74, 0x3a, 0x64, 0x69, 0x6d, 0x65, 0x6e, 0x73, 0x69, 0x6f, 0x6e, 0x5f,
  0x74, 0x79, 0x70, 0x65, 0x08, 0x00, 0x04, 0x74, 0x79, 0x70, 0x65, 0x00,
  0x18, 0x6d, 0x69, 0x6e, 0x65, 0x63, 0x72, 0x61, 0x66, 0x74, 0x3a, 0x64,
  0x69, 0x6d, 0x65, 0x6e, 0x73, 0x69, 0x6f, 0x6e, 0x5f, 0x74, 0x79, 0x70,
  0x65, 0x09, 0x00, 0x05, 0x76, 0x61, 0x6c, 0x75, 0x65, 0x0a, 0x00, 0x00,
  0x00, 0x01, 0x08, 0x00, 0x04, 0x6e, 0x61, 0x6d, 0x65, 0x00, 0x13, 0x6d,
  0x69, 0x6e, 0x65, 0x63, 0x72, 0x61, 0x66, 0x74, 0x3a, 0x6f, 0x76, 0x65,
  0x72, 0x77, 0x6f, 0x72, 0x6c, 0x64, 0x03, 0x00, 0x02, 0x69, 0x64, 0x00,
  0x00, 0x00, 0x00, 0x0a, 0x00, 0x07, 0x65, 0x6c, 0x65, 0x6d, 0x65, 0x6e,
  0x74, 0x01, 0x00, 0x09, 0x62, 0x65, 0x64, 0x5f, 0x77, 0x6f, 0x72, 0x6b,
  0x73, 0x01, 0x01, 0x00, 0x0b, 0x68, 0x61, 0x73, 0x5f, 0x63, 0x65, 0x69,
  0x6c, 0x69, 0x6e, 0x67, 0x00, 0x06, 0x00, 0x10, 0x63, 0x6f, 0x6f, 0x72,
  0x64, 0x69, 0x6e, 0x61, 0x74, 0x65, 0x5f, 0x73, 0x63, 0x61, 0x6c, 0x65,
  0x3f, 0xf0, 0x00, 0x00, 0x00, 0x00, 0x00, 0x00, 0x01, 0x00, 0x0b, 0x70,
  0x69, 0x67, 0x6c, 0x69, 0x6e, 0x5f, 0x73, 0x61, 0x66, 0x65, 0x00, 0x01,
  0x00, 0x0c, 0x68, 0x61, 0x73, 0x5f, 0x73, 0x6b, 0x79, 0x6c, 0x69, 0x67,
  0x68, 0x74, 0x01, 0x01, 0x00, 0x09, 0x75, 0x6c, 0x74, 0x72, 0x61, 0x77,
  0x61, 0x72, 0x6d, 0x00, 0x08, 0x00, 0x0a, 0x69, 0x6e, 0x66, 0x69, 0x6e,
  0x69, 0x62, 0x75, 0x72, 0x6e, 0x00, 0x1e, 0x6d, 0x69, 0x6e, 0x65, 0x63,
  0x72, 0x61, 0x66, 0x74, 0x3a, 0x69, 0x6e, 0x66, 0x69, 0x6e, 0x69, 0x62,
  0x75, 0x72, 0x6e, 0x5f, 0x6f, 0x76, 0x65, 0x72, 0x77, 0x6f, 0x72, 0x6c,
  0x64, 0x08, 0x00, 0x07, 0x65, 0x66, 0x66, 0x65, 0x63, 0x74, 0x73, 0x00,
  0x13, 0x6d, 0x69, 0x6e, 0x65, 0x63, 0x72, 0x61, 0x66, 0x74, 0x3a, 0x6f,
  0x76, 0x65, 0x72, 0x77, 0x6f, 0x72, 0x6c, 0x64, 0x01, 0x00, 0x09, 0x68,
  0x61, 0x73, 0x5f, 0x72, 0x61, 0x69, 0x64, 0x73, 0x01, 0x05, 0x00, 0x0d,
  0x61, 0x6d, 0x62, 0x69, 0x65, 0x6e, 0x74, 0x5f, 0x6c, 0x69, 0x67, 0x68,
  0x74, 0x00, 0x00, 0x00, 0x00, 0x03, 0x00, 0x0e, 0x6c, 0x6f, 0x67, 0x69,
  0x63, 0x61, 0x6c, 0x5f, 0x68, 0x65, 0x69, 0x67, 0x68, 0x74, 0x00, 0x00,
  0x01, 0x00, 0x01, 0x00, 0x07, 0x6e, 0x61, 0x74, 0x75, 0x72, 0x61, 0x6c,
  0x01, 0x01, 0x00, 0x14, 0x72, 0x65, 0x73, 0x70, 0x61, 0x77, 0x6e, 0x5f,
  0x61, 0x6e, 0x63, 0x68, 0x6f, 0x72, 0x5f, 0x77, 0x6f, 0x72, 0x6b, 0x73,
  0x00, 0x00, 0x00, 0x00, 0x0a, 0x00, 0x18, 0x6d, 0x69, 0x6e, 0x65, 0x63,
  0x72, 0x61, 0x66, 0x74, 0x3a, 0x77, 0x6f, 0x72, 0x6c, 0x64, 0x67, 0x65,
  0x6e, 0x2f, 0x62, 0x69, 0x6f, 0x6d, 0x65, 0x08, 0x00, 0x04, 0x74, 0x79,
  0x70, 0x65, 0x00, 0x18, 0x6d, 0x69, 0x6e, 0x65, 0x63, 0x72, 0x61, 0x66,
  0x74, 0x3a, 0x77, 0x6f, 0x72, 0x6c, 0x64, 0x67, 0x65, 0x6e, 0x2f, 0x62,
  0x69, 0x6f, 0x6d, 0x65, 0x09, 0x00, 0x05, 0x76, 0x61, 0x6c, 0x75, 0x65,
  0x0a, 0x00, 0x00, 0x00, 0x01, 0x08, 0x00, 0x04, 0x6e, 0x61, 0x6d, 0x65,
  0x00, 0x10, 0x6d, 0x69, 0x6e, 0x65, 0x63, 0x72, 0x61, 0x66, 0x74, 0x3a,
  0x70, 0x6c, 0x61, 0x69, 0x6e, 0x73, 0x03, 0x00, 0x02, 0x69, 0x64, 0x00,
  0x00, 0x00, 0x01, 0x0a, 0x00, 0x07, 0x65, 0x6c, 0x65, 0x6d, 0x65, 0x6e,
  0x74, 0x08, 0x00, 0x08, 0x63, 0x61, 0x74, 0x65, 0x67, 0x6f, 0x72, 0x79,
  0x00, 0x06, 0x70, 0x6c, 0x61, 0x69, 0x6e, 0x73, 0x05, 0x00, 0x0b, 0x74,
  0x65, 0x6d, 0x70, 0x65, 0x72, 0x61, 0x74, 0x75, 0x72, 0x65, 0x3f, 0x4c,
  0xcc, 0xcd, 0x05, 0x00, 0x08, 0x64, 0x6f, 0x77, 0x6e, 0x66, 0x61, 0x6c,
  0x6c, 0x3e, 0xcc, 0xcc, 0xcd, 0x05, 0x00, 0x05, 0x64, 0x65, 0x70, 0x74,
  0x68, 0x3e, 0x00, 0x00, 0x00, 0x0a, 0x00, 0x07, 0x65, 0x66, 0x66, 0x65,
  0x63, 0x74, 0x73, 0x03, 0x00, 0x0f, 0x77, 0x61, 0x74, 0x65, 0x72, 0x5f,
  0x66, 0x6f, 0x67, 0x5f, 0x63, 0x6f, 0x6c, 0x6f, 0x72, 0x00, 0x05, 0x05,
  0x33, 0x03, 0x00, 0x0b, 0x77, 0x61, 0x74, 0x65, 0x72, 0x5f, 0x63, 0x6f,
  0x6c, 0x6f, 0x72, 0x00, 0x3f, 0x76, 0xe4, 0x03, 0x00, 0x09, 0x66, 0x6f,
  0x67, 0x5f, 0x63, 0x6f, 0x6c, 0x6f, 0x72, 0x00, 0xc0, 0xd8, 0xff, 0x0a,
  0x00, 0x0a, 0x6d, 0x6f, 0x6f, 0x64, 0x5f, 0x73, 0x6f, 0x75, 0x6e, 0x64,
  0x06, 0x00, 0x06, 0x6f, 0x66, 0x66, 0x73, 0x65, 0x74, 0x40, 0x00, 0x00,
  0x00, 0x00, 0x00, 0x00, 0x00, 0x08, 0x00, 0x05, 0x73, 0x6f, 0x75, 0x6e,
  0x64, 0x00, 0x16, 0x6d, 0x69, 0x6e, 0x65, 0x63, 0x72, 0x61, 0x66, 0x74,
  0x3a, 0x61, 0x6d, 0x62, 0x69, 0x65, 0x6e, 0x74, 0x2e, 0x63, 0x61, 0x76,
  0x65, 0x03, 0x00, 0x13, 0x62, 0x6c, 0x6f, 0x63, 0x6b, 0x5f, 0x73, 0x65,
  0x61, 0x72, 0x63, 0x68, 0x5f, 0x65, 0x78, 0x74, 0x65, 0x6e, 0x74, 0x00,
  0x00, 0x00, 0x08, 0x03, 0x00, 0x0a, 0x74, 0x69, 0x63, 0x6b, 0x5f, 0x64,
  0x65, 0x6c, 0x61, 0x79, 0x00, 0x00, 0x17, 0x70, 0x00, 0x03, 0x00, 0x09,
  0x73, 0x6b, 0x79, 0x5f, 0x63, 0x6f, 0x6c, 0x6f, 0x72, 0x00, 0x78, 0xa7,
  0xff, 0x00, 0x08, 0x00, 0x0d, 0x70, 0x72, 0x65, 0x63, 0x69, 0x70, 0x69,
  0x74, 0x61, 0x74, 0x69, 0x6f, 0x6e, 0x00, 0x04, 0x72, 0x61, 0x69, 0x6e,
  0x05, 0x00, 0x05, 0x73, 0x63, 0x61, 0x6c, 0x65, 0x3d, 0x4c, 0xcc, 0xcd,
  0x00, 0x00, 0x00, 0x00,
};
Blob j1162() { return {k_j1162, sizeof(k_j1162)}; }

static const uint8_t k_dim_1162[] = {
  0x0a, 0x01, 0x00, 0x09, 0x62, 0x65, 0x64, 0x5f, 0x77, 0x6f, 0x72, 0x6b,
  0x73, 0x01, 0x01, 0x00, 0x0b, 0x68, 0x61, 0x73, 0x5f, 0x63, 0x65, 0x69,
  0x6c, 0x69, 0x6e, 0x67, 0x00, 0x06, 0x00, 0x10, 0x63, 0x6f, 0x6f, 0x72,
  0x64, 0x69, 0x6e, 0x61, 0x74, 0x65, 0x5f, 0x73, 0x63, 0x61, 0x6c, 0x65,
  0x3f, 0xf0, 0x00, 0x00, 0x00, 0x00, 0x00, 0x00, 0x01, 0x00, 0x0b, 0x70,
  0x69, 0x67, 0x6c, 0x69, 0x6e, 0x5f, 0x73, 0x61, 0x66, 0x65, 0x00, 0x01,
  0x00, 0x0c, 0x68, 0x61, 0x73, 0x5f, 0x73, 0x6b, 0x79, 0x6c, 0x69, 0x67,
  0x68, 0x74, 0x01, 0x01, 0x00, 0x09, 0x75, 0x6c, 0x74, 0x72, 0x61, 0x77,
  0x61, 0x72, 0x6d, 0x00, 0x08, 0x00, 0x0a, 0x69, 0x6e, 0x66, 0x69, 0x6e,
  0x69, 0x62, 0x75, 0x72, 0x6e, 0x00, 0x1e, 0x6d, 0x69, 0x6e, 0x65, 0x63,
  0x72, 0x61, 0x66, 0x74, 0x3a, 0x69, 0x6e, 0x66, 0x69, 0x6e, 0x69, 0x62,
  0x75, 0x72, 0x6e, 0x5f, 0x6f, 0x76, 0x65, 0x72, 0x77, 0x6f, 0x72, 0x6c,
  0x64, 0x08, 0x00, 0x07, 0x65, 0x66, 0x66, 0x65, 0x63, 0x74, 0x73, 0x00,
  0x13, 0x6d, 0x69, 0x6e, 0x65, 0x63, 0x72, 0x61, 0x66, 0x74, 0x3a, 0x6f,
  0x76, 0x65, 0x72, 0x77, 0x6f, 0x72, 0x6c, 0x64, 0x01, 0x00, 0x09, 0x68,
  0x61, 0x73, 0x5f, 0x72, 0x61, 0x69, 0x64, 0x73, 0x01, 0x05, 0x00, 0x0d,
  0x61, 0x6d, 0x62, 0x69, 0x65, 0x6e, 0x74, 0x5f, 0x6c, 0x69, 0x67, 0x68,
  0x74, 0x00, 0x00, 0x00, 0x00, 0x03, 0x00, 0x0e, 0x6c, 0x6f, 0x67, 0x69,
  0x63, 0x61, 0x6c, 0x5f, 0x68, 0x65, 0x69, 0x67, 0x68, 0x74, 0x00, 0x00,
  0x01, 0x00, 0x01, 0x00, 0x07, 0x6e, 0x61, 0x74, 0x75, 0x72, 0x61, 0x6c,
  0x01, 0x01, 0x00, 0x14, 0x72, 0x65, 0x73, 0x70, 0x61, 0x77, 0x6e, 0x5f,
  0x61, 0x6e, 0x63, 0x68, 0x6f, 0x72, 0x5f, 0x77, 0x6f, 0x72, 0x6b, 0x73,
  0x00, 0x00,
};
Blob dim_1162() { return {k_dim_1162, sizeof(k_dim_1162)}; }

static const uint8_t k_j117[] = {
  0x0a, 0x0a, 0x00, 0x18, 0x6d, 0x69, 0x6e, 0x65, 0x63, 0x72, 0x61, 0x66,
  0x74, 0x3a, 0x64, 0x69, 0x6d, 0x65, 0x6e, 0x73, 0x69, 0x6f, 0x6e, 0x5f,
  0x74, 0x79, 0x70, 0x65, 0x08, 0x00, 0x04, 0x74, 0x79, 0x70, 0x65, 0x00,
  0x18, 0x6d, 0x69, 0x6e, 0x65, 0x63, 0x72, 0x61, 0x66, 0x74, 0x3a, 0x64,
  0x69, 0x6d, 0x65, 0x6e, 0x73, 0x69, 0x6f, 0x6e, 0x5f, 0x74, 0x79, 0x70,
  0x65, 0x09, 0x00, 0x05, 0x76, 0x61, 0x6c, 0x75, 0x65, 0x0a, 0x00, 0x00,
  0x00, 0x01, 0x08, 0x00, 0x04, 0x6e, 0x61, 0x6d, 0x65, 0x00, 0x13, 0x6d,
  0x69, 0x6e, 0x65, 0x63, 0x72, 0x61, 0x66, 0x74, 0x3a, 0x6f, 0x76, 0x65,
  0x72, 0x77, 0x6f, 0x72, 0x6c, 0x64, 0x03, 0x00, 0x02, 0x69, 0x64, 0x00,
  0x00, 0x00, 0x00, 0x0a, 0x00, 0x07, 0x65, 0x6c, 0x65, 0x6d, 0x65, 0x6e,
  0x74, 0x01, 0x00, 0x0b, 0x70, 0x69, 0x67, 0x6c, 0x69, 0x6e, 0x5f, 0x73,
  0x61, 0x66, 0x65, 0x00, 0x01, 0x00, 0x07, 0x6e, 0x61, 0x74, 0x75, 0x72,
  0x61, 0x6c, 0x01, 0x05, 0x00, 0x0d, 0x61, 0x6d, 0x62, 0x69, 0x65, 0x6e,
  0x74, 0x5f, 0x6c, 0x69, 0x67, 0x68, 0x74, 0x00, 0x00, 0x00, 0x00, 0x08,
  0x00, 0x0a, 0x69, 0x6e, 0x66, 0x69, 0x6e, 0x69, 0x62, 0x75, 0x72, 0x6e,
  0x00, 0x1e, 0x6d, 0x69, 0x6e, 0x65, 0x63, 0x72, 0x61, 0x66, 0x74, 0x3a,
  0x69, 0x6e, 0x66, 0x69, 0x6e, 0x69, 0x62, 0x75, 0x72, 0x6e, 0x5f, 0x6f,
  0x76, 0x65, 0x72, 0x77, 0x6f, 0x72, 0x6c, 0x64, 0x01, 0x00, 0x14, 0x72,
  0x65, 0x73, 0x70, 0x61, 0x77, 0x6e, 0x5f, 0x61, 0x6e, 0x63, 0x68, 0x6f,
  0x72, 0x5f, 0x77, 0x6f, 0x72, 0x6b, 0x73, 0x00, 0x01, 0x00, 0x0c, 0x68,
  0x61, 0x73, 0x5f, 0x73, 0x6b, 0x79, 0x6c, 0x69, 0x67, 0x68, 0x74, 0x01,
  0x01, 0x00, 0x09, 0x62, 0x65, 0x64, 0x5f, 0x77, 0x6f, 0x72, 0x6b, 0x73,
  0x01, 0x08, 0x00, 0x07, 0x65, 0x66, 0x66, 0x65, 0x63, 0x74, 0x73, 0x00,
  0x13, 0x6d, 0x69, 0x6e, 0x65, 0x63, 0x72, 0x61, 0x66, 0x74, 0x3a, 0x6f,
  0x76, 0x65, 0x72, 0x77, 0x6f, 0x72, 0x6c, 0x64, 0x01, 0x00, 0x09, 0x68,
  0x61, 0x73, 0x5f, 0x72, 0x61, 0x69, 0x64, 0x73, 0x01, 0x03, 0x00, 0x0e,
  0x6c, 0x6f, 0x67, 0x69, 0x63, 0x61, 0x6c, 0x5f, 0x68, 0x65, 0x69, 0x67,
  0x68, 0x74, 0x00, 0x00, 0x01, 0x00, 0x06, 0x00, 0x10, 0x63, 0x6f, 0x6f,
  0x72, 0x64, 0x69, 0x6e, 0x61, 0x74, 0x65, 0x5f, 0x73, 0x63, 0x61, 0x6c,
  0x65, 0x3f, 0xf0, 0x00, 0x00, 0x00, 0x00, 0x00, 0x00, 0x03, 0x00, 0x05,
  0x6d, 0x69, 0x6e, 0x5f, 0x79, 0x00, 0x00, 0x00, 0x00, 0x01, 0x00, 0x0b,
  0x68, 0x61, 0x73, 0x5f, 0x63, 0x65, 0x69, 0x6c, 0x69, 0x6e, 0x67, 0x00,
  0x01, 0x00, 0x09, 0x75, 0x6c, 0x74, 0x72, 0x61, 0x77, 0x61, 0x72, 0x6d,
  0x00, 0x03, 0x00, 0x06, 0x68, 0x65, 0x69, 0x67, 0x68, 0x74, 0x00, 0x00,
  0x01, 0x00, 0x00, 0x00, 0x00, 0x0a, 0x00, 0x18, 0x6d, 0x69, 0x6e, 0x65,
  0x63, 0x72, 0x61, 0x66, 0x74, 0x3a, 0x77, 0x6f, 0x72, 0x6c, 0x64, 0x67,
  0x65, 0x6e, 0x2f, 0x62, 0x69, 0x6f, 0x6d, 0x65, 0x08, 0x00, 0x04, 0x74,
  0x79, 0x70, 0x65, 0x00, 0x18, 0x6d, 0x69, 0x6e, 0x65, 0x63, 0x72, 0x61,
  0x66, 0x74, 0x3a, 0x77, 0x6f, 0x72, 0x6c, 0x64, 0x67, 0x65, 0x6e, 0x2f,
  0x62, 0x69, 0x6f, 0x6d, 0x65, 0x09, 0x00, 0x05, 0x76, 0x61, 0x6c, 0x75,
  0x65, 0x0a, 0x00, 0x00, 0x00, 0x01, 0x08, 0x00, 0x04, 0x6e, 0x61, 0x6d,
  0x65, 0x00, 0x10, 0x6d, 0x69, 0x6e, 0x65, 0x63, 0x72, 0x61, 0x66, 0x74,
  0x3a, 0x70, 0x6c, 0x61, 0x69, 0x6e, 0x73, 0x03, 0x00, 0x02, 0x69, 0x64,
  0x00, 0x00, 0x00, 0x01, 0x0a, 0x00, 0x07, 0x65, 0x6c, 0x65, 0x6d, 0x65,
  0x6e, 0x74, 0x08, 0x00, 0x0d, 0x70, 0x72, 0x65, 0x63, 0x69, 0x70, 0x69,
  0x74, 0x61, 0x74, 0x69, 0x6f, 0x6e, 0x00, 0x04, 0x72, 0x61, 0x69, 0x6e,
  0x0a, 0x00, 0x07, 0x65, 0x66, 0x66, 0x65, 0x63, 0x74, 0x73, 0x03, 0x00,
  0x09, 0x73, 0x6b, 0x79, 0x5f, 0x63, 0x6f, 0x6c, 0x6f, 0x72, 0x00, 0x78,
  0xa7, 0xff, 0x03, 0x00, 0x0f, 0x77, 0x61, 0x74, 0x65, 0x72, 0x5f, 0x66,
  0x6f, 0x67, 0x5f, 0x63, 0x6f, 0x6c, 0x6f, 0x72, 0x00, 0x05, 0x05, 0x33,
  0x03, 0x00, 0x09, 0x66, 0x6f, 0x67, 0x5f, 0x63, 0x6f, 0x6c, 0x6f, 0x72,
  0x00, 0xc0, 0xd8, 0xff, 0x03, 0x00, 0x0b, 0x77, 0x61, 0x74, 0x65, 0x72,
  0x5f, 0x63, 0x6f, 0x6c, 0x6f, 0x72, 0x00, 0x3f, 0x76, 0xe4, 0x0a, 0x00,
  0x0a, 0x6d, 0x6f, 0x6f, 0x64, 0x5f, 0x73, 0x6f, 0x75, 0x6e, 0x64, 0x03,
  0x00, 0x0a, 0x74, 0x69, 0x63, 0x6b, 0x5f, 0x64, 0x65, 0x6c, 0x61, 0x79,
  0x00, 0x00, 0x17, 0x70, 0x06, 0x00, 0x06, 0x6f, 0x66, 0x66, 0x73, 0x65,
  0x74, 0x40, 0x00, 0x00, 0x00, 0x00, 0x00, 0x00, 0x00, 0x08, 0x00, 0x05,
  0x73, 0x6f, 0x75, 0x6e, 0x64, 0x00, 0x16, 0x6d, 0x69, 0x6e, 0x65, 0x63,
  0x72, 0x61, 0x66, 0x74, 0x3a, 0x61, 0x6d, 0x62, 0x69, 0x65, 0x6e, 0x74,
  0x2e, 0x63, 0x61, 0x76, 0x65, 0x03, 0x00, 0x13, 0x62, 0x6c, 0x6f, 0x63,
  0x6b, 0x5f, 0x73, 0x65, 0x61, 0x72, 0x63, 0x68, 0x5f, 0x65, 0x78, 0x74,
  0x65, 0x6e, 0x74, 0x00, 0x00, 0x00, 0x08, 0x00, 0x00, 0x05, 0x00, 0x05,
  0x64, 0x65, 0x70, 0x74, 0x68, 0x3e, 0x00, 0x00, 0x00, 0x05, 0x00, 0x0b,
  0x74, 0x65, 0x6d, 0x70, 0x65, 0x72, 0x61, 0x74, 0x75, 0x72, 0x65, 0x3f,
  0x4c, 0xcc, 0xcd, 0x05, 0x00, 0x05, 0x73, 0x63, 0x61, 0x6c, 0x65, 0x3d,
  0x4c, 0xcc, 0xcd, 0x05, 0x00, 0x08, 0x64, 0x6f, 0x77, 0x6e, 0x66, 0x61,
  0x6c, 0x6c, 0x3e, 0xcc, 0xcc, 0xcd, 0x08, 0x00, 0x08, 0x63, 0x61, 0x74,
  0x65, 0x67, 0x6f, 0x72, 0x79, 0x00, 0x06, 0x70, 0x6c, 0x61, 0x69, 0x6e,
  0x73, 0x00, 0x00, 0x00, 0x00,
};
Blob j117() { return {k_j117, sizeof(k_j117)}; }

static const uint8_t k_dim_117[] = {
  0x0a, 0x01, 0x00, 0x0b, 0x70, 0x69, 0x67, 0x6c, 0x69, 0x6e, 0x5f, 0x73,
  0x61, 0x66, 0x65, 0x00, 0x01, 0x00, 0x07, 0x6e, 0x61, 0x74, 0x75, 0x72,
  0x61, 0x6c, 0x01, 0x05, 0x00, 0x0d, 0x61, 0x6d, 0x62, 0x69, 0x65, 0x6e,
  0x74, 0x5f, 0x6c, 0x69, 0x67, 0x68, 0x74, 0x00, 0x00, 0x00, 0x00, 0x08,
  0x00, 0x0a, 0x69, 0x6e, 0x66, 0x69, 0x6e, 0x69, 0x62, 0x75, 0x72, 0x6e,
  0x00, 0x1e, 0x6d, 0x69, 0x6e, 0x65, 0x63, 0x72, 0x61, 0x66, 0x74, 0x3a,
  0x69, 0x6e, 0x66, 0x69, 0x6e, 0x69, 0x62, 0x75, 0x72, 0x6e, 0x5f, 0x6f,
  0x76, 0x65, 0x72, 0x77, 0x6f, 0x72, 0x6c, 0x64, 0x01, 0x00, 0x14, 0x72,
  0x65, 0x73, 0x70, 0x61, 0x77, 0x6e, 0x5f, 0x61, 0x6e, 0x63, 0x68, 0x6f,
  0x72, 0x5f, 0x77, 0x6f, 0x72, 0x6b, 0x73, 0x00, 0x01, 0x00, 0x0c, 0x68,
  0x61, 0x73, 0x5f, 0x73, 0x6b, 0x79, 0x6c, 0x69, 0x67, 0x68, 0x74, 0x01,
  0x01, 0x00, 0x09, 0x62, 0x65, 0x64, 0x5f, 0x77, 0x6f, 0x72, 0x6b, 0x73,
  0x01, 0x08, 0x00, 0x07, 0x65, 0x66, 0x66, 0x65, 0x63, 0x74, 0x73, 0x00,
  0x13, 0x6d, 0x69, 0x6e, 0x65, 0x63, 0x72, 0x61, 0x66, 0x74, 0x3a, 0x6f,
  0x76, 0x65, 0x72, 0x77, 0x6f, 0x72, 0x6c, 0x64, 0x01, 0x00, 0x09, 0x68,
  0x61, 0x73, 0x5f, 0x72, 0x61, 0x69, 0x64, 0x73, 0x01, 0x03, 0x00, 0x0e,
  0x6c, 0x6f, 0x67, 0x69, 0x63, 0x61, 0x6c, 0x5f, 0x68, 0x65, 0x69, 0x67,
  0x68, 0x74, 0x00, 0x00, 0x01, 0x00, 0x06, 0x00, 0x10, 0x63, 0x6f, 0x6f,
  0x72, 0x64, 0x69, 0x6e, 0x61, 0x74, 0x65, 0x5f, 0x73, 0x63, 0x61, 0x6c,
  0x65, 0x3f, 0xf0, 0x00, 0x00, 0x00, 0x00, 0x00, 0x00, 0x03, 0x00, 0x05,
  0x6d, 0x69, 0x6e, 0x5f, 0x79, 0x00, 0x00, 0x00, 0x00, 0x01, 0x00, 0x0b,
  0x68, 0x61, 0x73, 0x5f, 0x63, 0x65, 0x69, 0x6c, 0x69, 0x6e, 0x67, 0x00,
  0x01, 0x00, 0x09, 0x75, 0x6c, 0x74, 0x72, 0x61, 0x77, 0x61, 0x72, 0x6d,
  0x00, 0x03, 0x00, 0x06, 0x68, 0x65, 0x69, 0x67, 0x68, 0x74, 0x00, 0x00,
  0x01, 0x00, 0x00,
};
Blob dim_117() { return {k_dim_117, sizeof(k_dim_117)}; }

static const uint8_t k_j118[] = {
  0x0a, 0x0a, 0x00, 0x18, 0x6d, 0x69, 0x6e, 0x65, 0x63, 0x72, 0x61, 0x66,
  0x74, 0x3a, 0x64, 0x69, 0x6d, 0x65, 0x6e, 0x73, 0x69, 0x6f, 0x6e, 0x5f,
  0x74, 0x79, 0x70, 0x65, 0x08, 0x00, 0x04, 0x74, 0x79, 0x70, 0x65, 0x00,
  0x18, 0x6d, 0x69, 0x6e, 0x65, 0x63, 0x72, 0x61, 0x66, 0x74, 0x3a, 0x64,
  0x69, 0x6d, 0x65, 0x6e, 0x73, 0x69, 0x6f, 0x6e, 0x5f, 0x74, 0x79, 0x70,
  0x65, 0x09, 0x00, 0x05, 0x76, 0x61, 0x6c, 0x75, 0x65, 0x0a, 0x00, 0x00,
  0x00, 0x01, 0x08, 0x00, 0x04, 0x6e, 0x61, 0x6d, 0x65, 0x00, 0x13, 0x6d,
  0x69, 0x6e, 0x65, 0x63, 0x72, 0x61, 0x66, 0x74, 0x3a, 0x6f, 0x76, 0x65,
  0x72, 0x77, 0x6f, 0x72, 0x6c, 0x64, 0x03, 0x00, 0x02, 0x69, 0x64, 0x00,
  0x00, 0x00, 0x00, 0x0a, 0x00, 0x07, 0x65, 0x6c, 0x65, 0x6d, 0x65, 0x6e,
  0x74, 0x01, 0x00, 0x0b, 0x70, 0x69, 0x67, 0x6c, 0x69, 0x6e, 0x5f, 0x73,
  0x61, 0x66, 0x65, 0x00, 0x01, 0x00, 0x07, 0x6e, 0x61, 0x74, 0x75, 0x72,
  0x61, 0x6c, 0x01, 0x05, 0x00, 0x0d, 0x61, 0x6d, 0x62, 0x69, 0x65, 0x6e,
  0x74, 0x5f, 0x6c, 0x69, 0x67, 0x68, 0x74, 0x00, 0x00, 0x00, 0x00, 0x08,
  0x00, 0x0a, 0x69, 0x6e, 0x66, 0x69, 0x6e, 0x69, 0x62, 0x75, 0x72, 0x6e,
  0x00, 0x1e, 0x6d, 0x69, 0x6e, 0x65, 0x63, 0x72, 0x61, 0x66, 0x74, 0x3a,
  0x69, 0x6e, 0x66, 0x69, 0x6e, 0x69, 0x62, 0x75, 0x72, 0x6e, 0x5f, 0x6f,
  0x76, 0x65, 0x72, 0x77, 0x6f, 0x72, 0x6c, 0x64, 0x01, 0x00, 0x14, 0x72,
  0x65, 0x73, 0x70, 0x61, 0x77, 0x6e, 0x5f, 0x61, 0x6e, 0x63, 0x68, 0x6f,
  0x72, 0x5f, 0x77, 0x6f, 0x72, 0x6b, 0x73, 0x00, 0x01, 0x00, 0x0c, 0x68,
  0x61, 0x73, 0x5f, 0x73, 0x6b, 0x79, 0x6c, 0x69, 0x67, 0x68, 0x74, 0x01,
  0x01, 0x00, 0x09, 0x62, 0x65, 0x64, 0x5f, 0x77, 0x6f, 0x72, 0x6b, 0x73,
  0x01, 0x08, 0x00, 0x07, 0x65, 0x66, 0x66, 0x65, 0x63, 0x74, 0x73, 0x00,
  0x13, 0x6d, 0x69, 0x6e, 0x65, 0x63, 0x72, 0x61, 0x66, 0x74, 0x3a, 0x6f,
  0x76, 0x65, 0x72, 0x77, 0x6f, 0x72, 0x6c, 0x64, 0x01, 0x00, 0x09, 0x68,
  0x61, 0x73, 0x5f, 0x72, 0x61, 0x69, 0x64, 0x73, 0x01, 0x03, 0x00, 0x0e,
  0x6c, 0x6f, 0x67, 0x69, 0x63, 0x61, 0x6c, 0x5f, 0x68, 0x65, 0x69, 0x67,
  0x68, 0x74, 0x00, 0x00, 0x01, 0x80, 0x06, 0x00, 0x10, 0x63, 0x6f, 0x6f,
  0x72, 0x64, 0x69, 0x6e, 0x61, 0x74, 0x65, 0x5f, 0x73, 0x63, 0x61, 0x6c,
  0x65, 0x3f, 0xf0, 0x00, 0x00, 0x00, 0x00, 0x00, 0x00, 0x03, 0x00, 0x05,
  0x6d, 0x69, 0x6e, 0x5f, 0x79, 0xff, 0xff, 0xff, 0xc0, 0x01, 0x00, 0x0b,
  0x68, 0x61, 0x73, 0x5f, 0x63, 0x65, 0x69, 0x6c, 0x69, 0x6e, 0x67, 0x00,
  0x01, 0x00, 0x09, 0x75, 0x6c, 0x74, 0x72, 0x61, 0x77, 0x61, 0x72, 0x6d,
  0x00, 0x03, 0x00, 0x06, 0x68, 0x65, 0x69, 0x67, 0x68, 0x74, 0x00, 0x00,
  0x01, 0x80, 0x00, 0x00, 0x00, 0x0a, 0x00, 0x18, 0x6d, 0x69, 0x6e, 0x65,
  0x63, 0x72, 0x61, 0x66, 0x74, 0x3a, 0x77, 0x6f, 0x72, 0x6c, 0x64, 0x67,
  0x65, 0x6e, 0x2f, 0x62, 0x69, 0x6f, 0x6d, 0x65, 0x08, 0x00, 0x04, 0x74,
  0x79, 0x70, 0x65, 0x00, 0x18, 0x6d, 0x69, 0x6e, 0x65, 0x63, 0x72, 0x61,
  0x66, 0x74, 0x3a, 0x77, 0x6f, 0x72, 0x6c, 0x64, 0x67, 0x65, 0x6e, 0x2f,
  0x62, 0x69, 0x6f, 0x6d, 0x65, 0x09, 0x00, 0x05, 0x76, 0x61, 0x6c, 0x75,
  0x65, 0x0a, 0x00, 0x00, 0x00, 0x01, 0x08, 0x00, 0x04, 0x6e, 0x61, 0x6d,
  0x65, 0x00, 0x10, 0x6d, 0x69, 0x6e, 0x65, 0x63, 0x72, 0x61, 0x66, 0x74,
  0x3a, 0x70, 0x6c, 0x61, 0x69, 0x6e, 0x73, 0x03, 0x00, 0x02, 0x69, 0x64,
  0x00, 0x00, 0x00, 0x01, 0x0a, 0x00, 0x07, 0x65, 0x6c, 0x65, 0x6d, 0x65,
  0x6e, 0x74, 0x08, 0x00, 0x0d, 0x70, 0x72, 0x65, 0x63, 0x69, 0x70, 0x69,
  0x74, 0x61, 0x74, 0x69, 0x6f, 0x6e, 0x00, 0x04, 0x72, 0x61, 0x69, 0x6e,
  0x0a, 0x00, 0x07, 0x65, 0x66, 0x66, 0x65, 0x63, 0x74, 0x73, 0x03, 0x00,
  0x09, 0x73, 0x6b, 0x79, 0x5f, 0x63, 0x6f, 0x6c, 0x6f, 0x72, 0x00, 0x78,
  0xa7, 0xff, 0x03, 0x00, 0x0f, 0x77, 0x61, 0x74, 0x65, 0x72, 0x5f, 0x66,
  0x6f, 0x67, 0x5f, 0x63, 0x6f, 0x6c, 0x6f, 0x72, 0x00, 0x05, 0x05, 0x33,
  0x03, 0x00, 0x09, 0x66, 0x6f, 0x67, 0x5f, 0x63, 0x6f, 0x6c, 0x6f, 0x72,
  0x00, 0xc0, 0xd8, 0xff, 0x03, 0x00, 0x0b, 0x77, 0x61, 0x74, 0x65, 0x72,
  0x5f, 0x63, 0x6f, 0x6c, 0x6f, 0x72, 0x00, 0x3f, 0x76, 0xe4, 0x0a, 0x00,
  0x0a, 0x6d, 0x6f, 0x6f, 0x64, 0x5f, 0x73, 0x6f, 0x75, 0x6e, 0x64, 0x03,
  0x00, 0x0a, 0x74, 0x69, 0x63, 0x6b, 0x5f, 0x64, 0x65, 0x6c, 0x61, 0x79,
  0x00, 0x00, 0x17, 0x70, 0x06, 0x00, 0x06, 0x6f, 0x66, 0x66, 0x73, 0x65,
  0x74, 0x40, 0x00, 0x00, 0x00, 0x00, 0x00, 0x00, 0x00, 0x08, 0x00, 0x05,
  0x73, 0x6f, 0x75, 0x6e, 0x64, 0x00, 0x16, 0x6d, 0x69, 0x6e, 0x65, 0x63,
  0x72, 0x61, 0x66, 0x74, 0x3a, 0x61, 0x6d, 0x62, 0x69, 0x65, 0x6e, 0x74,
  0x2e, 0x63, 0x61, 0x76, 0x65, 0x03, 0x00, 0x13, 0x62, 0x6c, 0x6f, 0x63,
  0x6b, 0x5f, 0x73, 0x65, 0x61, 0x72, 0x63, 0x68, 0x5f, 0x65, 0x78, 0x74,
  0x65, 0x6e, 0x74, 0x00, 0x00, 0x00, 0x08, 0x00, 0x00, 0x05, 0x00, 0x0b,
  0x74, 0x65, 0x6d, 0x70, 0x65, 0x72, 0x61, 0x74, 0x75, 0x72, 0x65, 0x3f,
  0x4c, 0xcc, 0xcd, 0x05, 0x00, 0x08, 0x64, 0x6f, 0x77, 0x6e, 0x66, 0x61,
  0x6c, 0x6c, 0x3e, 0xcc, 0xcc, 0xcd, 0x08, 0x00, 0x08, 0x63, 0x61, 0x74,
  0x65, 0x67, 0x6f, 0x72, 0x79, 0x00, 0x06, 0x70, 0x6c, 0x61, 0x69, 0x6e,
  0x73, 0x00, 0x00, 0x00, 0x00,
};
Blob j118() { return {k_j118, sizeof(k_j118)}; }

static const uint8_t k_dim_118[] = {
  0x0a, 0x01, 0x00, 0x0b, 0x70, 0x69, 0x67, 0x6c, 0x69, 0x6e, 0x5f, 0x73,
  0x61, 0x66, 0x65, 0x00, 0x01, 0x00, 0x07, 0x6e, 0x61, 0x74, 0x75, 0x72,
  0x61, 0x6c, 0x01, 0x05, 0x00, 0x0d, 0x61, 0x6d, 0x62, 0x69, 0x65, 0x6e,
  0x74, 0x5f, 0x6c, 0x69, 0x67, 0x68, 0x74, 0x00, 0x00, 0x00, 0x00, 0x08,
  0x00, 0x0a, 0x69, 0x6e, 0x66, 0x69, 0x6e, 0x69, 0x62, 0x75, 0x72, 0x6e,
  0x00, 0x1e, 0x6d, 0x69, 0x6e, 0x65, 0x63, 0x72, 0x61, 0x66, 0x74, 0x3a,
  0x69, 0x6e, 0x66, 0x69, 0x6e, 0x69, 0x62, 0x75, 0x72, 0x6e, 0x5f, 0x6f,
  0x76, 0x65, 0x72, 0x77, 0x6f, 0x72, 0x6c, 0x64, 0x01, 0x00, 0x14, 0x72,
  0x65, 0x73, 0x70, 0x61, 0x77, 0x6e, 0x5f, 0x61, 0x6e, 0x63, 0x68, 0x6f,
  0x72, 0x5f, 0x77, 0x6f, 0x72, 0x6b, 0x73, 0x00, 0x01, 0x00, 0x0c, 0x68,
  0x61, 0x73, 0x5f, 0x73, 0x6b, 0x79, 0x6c, 0x69, 0x67, 0x68, 0x74, 0x01,
  0x01, 0x00, 0x09, 0x62, 0x65, 0x64, 0x5f, 0x77, 0x6f, 0x72, 0x6b, 0x73,
  0x01, 0x08, 0x00, 0x07, 0x65, 0x66, 0x66, 0x65, 0x63, 0x74, 0x73, 0x00,
  0x13, 0x6d, 0x69, 0x6e, 0x65, 0x63, 0x72, 0x61, 0x66, 0x74, 0x3a, 0x6f,
  0x76, 0x65, 0x72, 0x77, 0x6f, 0x72, 0x6c, 0x64, 0x01, 0x00, 0x09, 0x68,
  0x61, 0x73, 0x5f, 0x72, 0x61, 0x69, 0x64, 0x73, 0x01, 0x03, 0x00, 0x0e,
  0x6c, 0x6f, 0x67, 0x69, 0x63, 0x61, 0x6c, 0x5f, 0x68, 0x65, 0x69, 0x67,
  0x68, 0x74, 0x00, 0x00, 0x01, 0x80, 0x06, 0x00, 0x10, 0x63, 0x6f, 0x6f,
  0x72, 0x64, 0x69, 0x6e, 0x61, 0x74, 0x65, 0x5f, 0x73, 0x63, 0x61, 0x6c,
  0x65, 0x3f, 0xf0, 0x00, 0x00, 0x00, 0x00, 0x00, 0x00, 0x03, 0x00, 0x05,
  0x6d, 0x69, 0x6e, 0x5f, 0x79, 0xff, 0xff, 0xff, 0xc0, 0x01, 0x00, 0x0b,
  0x68, 0x61, 0x73, 0x5f, 0x63, 0x65, 0x69, 0x6c, 0x69, 0x6e, 0x67, 0x00,
  0x01, 0x00, 0x09, 0x75, 0x6c, 0x74, 0x72, 0x61, 0x77, 0x61, 0x72, 0x6d,
  0x00, 0x03, 0x00, 0x06, 0x68, 0x65, 0x69, 0x67, 0x68, 0x74, 0x00, 0x00,
  0x01, 0x80, 0x00,
};
Blob dim_118() { return {k_dim_118, sizeof(k_dim_118)}; }

static const uint8_t k_j119_759[] = {
  0x0a, 0x0a, 0x00, 0x18, 0x6d, 0x69, 0x6e, 0x65, 0x63, 0x72, 0x61, 0x66,
  0x74, 0x3a, 0x64, 0x69, 0x6d, 0x65, 0x6e, 0x73, 0x69, 0x6f, 0x6e, 0x5f,
  0x74, 0x79, 0x70, 0x65, 0x08, 0x00, 0x04, 0x74, 0x79, 0x70, 0x65, 0x00,
  0x18, 0x6d, 0x69, 0x6e, 0x65, 0x63, 0x72, 0x61, 0x66, 0x74, 0x3a, 0x64,
  0x69, 0x6d, 0x65, 0x6e, 0x73, 0x69, 0x6f, 0x6e, 0x5f, 0x74, 0x79, 0x70,
  0x65, 0x09, 0x00, 0x05, 0x76, 0x61, 0x6c, 0x75, 0x65, 0x0a, 0x00, 0x00,
  0x00, 0x01, 0x08, 0x00, 0x04, 0x6e, 0x61, 0x6d, 0x65, 0x00, 0x13, 0x6d,
  0x69, 0x6e, 0x65, 0x63, 0x72, 0x61, 0x66, 0x74, 0x3a, 0x6f, 0x76, 0x65,
  0x72, 0x77, 0x6f, 0x72, 0x6c, 0x64, 0x03, 0x00, 0x02, 0x69, 0x64, 0x00,
  0x00, 0x00, 0x00, 0x0a, 0x00, 0x07, 0x65, 0x6c, 0x65, 0x6d, 0x65, 0x6e,
  0x74, 0x01, 0x00, 0x0b, 0x70, 0x69, 0x67, 0x6c, 0x69, 0x6e, 0x5f, 0x73,
  0x61, 0x66, 0x65, 0x00, 0x01, 0x00, 0x07, 0x6e, 0x61, 0x74, 0x75, 0x72,
  0x61, 0x6c, 0x01, 0x05, 0x00, 0x0d, 0x61, 0x6d, 0x62, 0x69, 0x65, 0x6e,
  0x74, 0x5f, 0x6c, 0x69, 0x67, 0x68, 0x74, 0x00, 0x00, 0x00, 0x00, 0x03,
  0x00, 0x1f, 0x6d, 0x6f, 0x6e, 0x73, 0x74, 0x65, 0x72, 0x5f, 0x73, 0x70,
  0x61, 0x77, 0x6e, 0x5f, 0x62, 0x6c, 0x6f, 0x63, 0x6b, 0x5f, 0x6c, 0x69,
  0x67, 0x68, 0x74, 0x5f, 0x6c, 0x69, 0x6d, 0x69, 0x74, 0x00, 0x00, 0x00,
  0x00, 0x08, 0x00, 0x0a, 0x69, 0x6e, 0x66, 0x69, 0x6e, 0x69, 0x62, 0x75,
  0x72, 0x6e, 0x00, 0x1f, 0x23, 0x6d, 0x69, 0x6e, 0x65, 0x63, 0x72, 0x61,
  0x66, 0x74, 0x3a, 0x69, 0x6e, 0x66, 0x69, 0x6e, 0x69, 0x62, 0x75, 0x72,
  0x6e, 0x5f, 0x6f, 0x76, 0x65, 0x72, 0x77, 0x6f, 0x72, 0x6c, 0x64, 0x01,
  0x00, 0x14, 0x72, 0x65, 0x73, 0x70, 0x61, 0x77, 0x6e, 0x5f, 0x61, 0x6e,
  0x63, 0x68, 0x6f, 0x72, 0x5f, 0x77, 0x6f, 0x72, 0x6b, 0x73, 0x00, 0x01,
  0x00, 0x0c, 0x68, 0x61, 0x73, 0x5f, 0x73, 0x6b, 0x79, 0x6c, 0x69, 0x67,
  0x68, 0x74, 0x01, 0x01, 0x00, 0x09, 0x62, 0x65, 0x64, 0x5f, 0x77, 0x6f,
  0x72, 0x6b, 0x73, 0x01, 0x08, 0x00, 0x07, 0x65, 0x66, 0x66, 0x65, 0x63,
  0x74, 0x73, 0x00, 0x13, 0x6d, 0x69, 0x6e, 0x65, 0x63, 0x72, 0x61, 0x66,
  0x74, 0x3a, 0x6f, 0x76, 0x65, 0x72, 0x77, 0x6f, 0x72, 0x6c, 0x64, 0x01,
  0x00, 0x09, 0x68, 0x61, 0x73, 0x5f, 0x72, 0x61, 0x69, 0x64, 0x73, 0x01,
  0x03, 0x00, 0x0e, 0x6c, 0x6f, 0x67, 0x69, 0x63, 0x61, 0x6c, 0x5f, 0x68,
  0x65, 0x69, 0x67, 0x68, 0x74, 0x00, 0x00, 0x01, 0x80, 0x06, 0x00, 0x10,
  0x63, 0x6f, 0x6f, 0x72, 0x64, 0x69, 0x6e, 0x61, 0x74, 0x65, 0x5f, 0x73,
  0x63, 0x61, 0x6c, 0x65, 0x3f, 0xf0, 0x00, 0x00, 0x00, 0x00, 0x00, 0x00,
  0x0a, 0x00, 0x19, 0x6d, 0x6f, 0x6e, 0x73, 0x74, 0x65, 0x72, 0x5f, 0x73,
  0x70, 0x61, 0x77, 0x6e, 0x5f, 0x6c, 0x69, 0x67, 0x68, 0x74, 0x5f, 0x6c,
  0x65, 0x76, 0x65, 0x6c, 0x08, 0x00, 0x04, 0x74, 0x79, 0x70, 0x65, 0x00,
  0x11, 0x6d, 0x69, 0x6e, 0x65, 0x63, 0x72, 0x61, 0x66, 0x74, 0x3a, 0x75,
  0x6e, 0x69, 0x66, 0x6f, 0x72, 0x6d, 0x0a, 0x00, 0x05, 0x76, 0x61, 0x6c,
  0x75, 0x65, 0x03, 0x00, 0x0d, 0x6d, 0x69, 0x6e, 0x5f, 0x69, 0x6e, 0x63,
  0x6c, 0x75, 0x73, 0x69, 0x76, 0x65, 0x00, 0x00, 0x00, 0x00, 0x03, 0x00,
  0x0d, 0x6d, 0x61, 0x78, 0x5f, 0x69, 0x6e, 0x63, 0x6c, 0x75, 0x73, 0x69,
  0x76, 0x65, 0x00, 0x00, 0x00, 0x07, 0x00, 0x00, 0x03, 0x00, 0x05, 0x6d,
  0x69, 0x6e, 0x5f, 0x79, 0xff, 0xff, 0xff, 0xc0, 0x01, 0x00, 0x09, 0x75,
  0x6c, 0x74, 0x72, 0x61, 0x77, 0x61, 0x72, 0x6d, 0x00, 0x01, 0x00, 0x0b,
  0x68, 0x61, 0x73, 0x5f, 0x63, 0x65, 0x69, 0x6c, 0x69, 0x6e, 0x67, 0x00,
  0x03, 0x00, 0x06, 0x68, 0x65, 0x69, 0x67, 0x68, 0x74, 0x00, 0x00, 0x01,
  0x80, 0x00, 0x00, 0x00, 0x0a, 0x00, 0x18, 0x6d, 0x69, 0x6e, 0x65, 0x63,
  0x72, 0x61, 0x66, 0x74, 0x3a, 0x77, 0x6f, 0x72, 0x6c, 0x64, 0x67, 0x65,
  0x6e, 0x2f, 0x62, 0x69, 0x6f, 0x6d, 0x65, 0x08, 0x00, 0x04, 0x74, 0x79,
  0x70, 0x65, 0x00, 0x18, 0x6d, 0x69, 0x6e, 0x65, 0x63, 0x72, 0x61, 0x66,
  0x74, 0x3a, 0x77, 0x6f, 0x72, 0x6c, 0x64, 0x67, 0x65, 0x6e, 0x2f, 0x62,
  0x69, 0x6f, 0x6d, 0x65, 0x09, 0x00, 0x05, 0x76, 0x61, 0x6c, 0x75, 0x65,
  0x0a, 0x00, 0x00, 0x00, 0x01, 0x08, 0x00, 0x04, 0x6e, 0x61, 0x6d, 0x65,
  0x00, 0x10, 0x6d, 0x69, 0x6e, 0x65, 0x63, 0x72, 0x61, 0x66, 0x74, 0x3a,
  0x70, 0x6c, 0x61, 0x69, 0x6e, 0x73, 0x03, 0x00, 0x02, 0x69, 0x64, 0x00,
  0x00, 0x00, 0x01, 0x0a, 0x00, 0x07, 0x65, 0x6c, 0x65, 0x6d, 0x65, 0x6e,
  0x74, 0x08, 0x00, 0x0d, 0x70, 0x72, 0x65, 0x63, 0x69, 0x70, 0x69, 0x74,
  0x61, 0x74, 0x69, 0x6f, 0x6e, 0x00, 0x04, 0x72, 0x61, 0x69, 0x6e, 0x0a,
  0x00, 0x07, 0x65, 0x66, 0x66, 0x65, 0x63, 0x74, 0x73, 0x03, 0x00, 0x09,
  0x73, 0x6b, 0x79, 0x5f, 0x63, 0x6f, 0x6c, 0x6f, 0x72, 0x00, 0x78, 0xa7,
  0xff, 0x03, 0x00, 0x0f, 0x77, 0x61, 0x74, 0x65, 0x72, 0x5f, 0x66, 0x6f,
  0x67, 0x5f, 0x63, 0x6f, 0x6c, 0x6f, 0x72, 0x00, 0x05, 0x05, 0x33, 0x03,
  0x00, 0x09, 0x66, 0x6f, 0x67, 0x5f, 0x63, 0x6f, 0x6c, 0x6f, 0x72, 0x00,
  0xc0, 0xd8, 0xff, 0x03, 0x00, 0x0b, 0x77, 0x61, 0x74, 0x65, 0x72, 0x5f,
  0x63, 0x6f, 0x6c, 0x6f, 0x72, 0x00, 0x3f, 0x76, 0xe4, 0x0a, 0x00, 0x0a,
  0x6d, 0x6f, 0x6f, 0x64, 0x5f, 0x73, 0x6f, 0x75, 0x6e, 0x64, 0x03, 0x00,
  0x0a, 0x74, 0x69, 0x63, 0x6b, 0x5f, 0x64, 0x65, 0x6c, 0x61, 0x79, 0x00,
  0x00, 0x17, 0x70, 0x06, 0x00, 0x06, 0x6f, 0x66, 0x66, 0x73, 0x65, 0x74,
  0x40, 0x00, 0x00, 0x00, 0x00, 0x00, 0x00, 0x00, 0x08, 0x00, 0x05, 0x73,
  0x6f, 0x75, 0x6e, 0x64, 0x00, 0x16, 0x6d, 0x69, 0x6e, 0x65, 0x63, 0x72,
  0x61, 0x66, 0x74, 0x3a, 0x61, 0x6d, 0x62, 0x69, 0x65, 0x6e, 0x74, 0x2e,
  0x63, 0x61, 0x76, 0x65, 0x03, 0x00, 0x13, 0x62, 0x6c, 0x6f, 0x63, 0x6b,
  0x5f, 0x73, 0x65, 0x61, 0x72, 0x63, 0x68, 0x5f, 0x65, 0x78, 0x74, 0x65,
  0x6e, 0x74, 0x00, 0x00, 0x00, 0x08, 0x00, 0x00, 0x05, 0x00, 0x0b, 0x74,
  0x65, 0x6d, 0x70, 0x65, 0x72, 0x61, 0x74, 0x75, 0x72, 0x65, 0x3f, 0x4c,
  0xcc, 0xcd, 0x05, 0x00, 0x08, 0x64, 0x6f, 0x77, 0x6e, 0x66, 0x61, 0x6c,
  0x6c, 0x3e, 0xcc, 0xcc, 0xcd, 0x00, 0x00, 0x00, 0x0a, 0x00, 0x13, 0x6d,
  0x69, 0x6e, 0x65, 0x63, 0x72, 0x61, 0x66, 0x74, 0x3a, 0x63, 0x68, 0x61,
  0x74, 0x5f, 0x74, 0x79, 0x70, 0x65, 0x08, 0x00, 0x04, 0x74, 0x79, 0x70,
  0x65, 0x00, 0x13, 0x6d, 0x69, 0x6e, 0x65, 0x63, 0x72, 0x61, 0x66, 0x74,
  0x3a, 0x63, 0x68, 0x61, 0x74, 0x5f, 0x74, 0x79, 0x70, 0x65, 0x09, 0x00,
  0x05, 0x76, 0x61, 0x6c, 0x75, 0x65, 0x0a, 0x00, 0x00, 0x00, 0x08, 0x08,
  0x00, 0x04, 0x6e, 0x61, 0x6d, 0x65, 0x00, 0x0e, 0x6d, 0x69, 0x6e, 0x65,
  0x63, 0x72, 0x61, 0x66, 0x74, 0x3a, 0x63, 0x68, 0x61, 0x74, 0x03, 0x00,
  0x02, 0x69, 0x64, 0x00, 0x00, 0x00, 0x00, 0x0a, 0x00, 0x07, 0x65, 0x6c,
  0x65, 0x6d, 0x65, 0x6e, 0x74, 0x0a, 0x00, 0x04, 0x63, 0x68, 0x61, 0x74,
  0x0a, 0x00, 0x0a, 0x64, 0x65, 0x63, 0x6f, 0x72, 0x61, 0x74, 0x69, 0x6f,
  0x6e, 0x08, 0x00, 0x0f, 0x74, 0x72, 0x61, 0x6e, 0x73, 0x6c, 0x61, 0x74,
  0x69, 0x6f, 0x6e, 0x5f, 0x6b, 0x65, 0x79, 0x00, 0x0e, 0x63, 0x68, 0x61,
  0x74, 0x2e, 0x74, 0x79, 0x70, 0x65, 0x2e, 0x74, 0x65, 0x78, 0x74, 0x0a,
  0x00, 0x05, 0x73, 0x74, 0x79, 0x6c, 0x65, 0x00, 0x09, 0x00, 0x0a, 0x70,
  0x61, 0x72, 0x61, 0x6d, 0x65, 0x74, 0x65, 0x72, 0x73, 0x08, 0x00, 0x00,
  0x00, 0x02, 0x00, 0x06, 0x73, 0x65, 0x6e, 0x64, 0x65, 0x72, 0x00, 0x07,
  0x63, 0x6f, 0x6e, 0x74, 0x65, 0x6e, 0x74, 0x00, 0x00, 0x0a, 0x00, 0x09,
  0x6e, 0x61, 0x72, 0x72, 0x61, 0x74, 0x69, 0x6f, 0x6e, 0x08, 0x00, 0x08,
  0x70, 0x72, 0x69, 0x6f, 0x72, 0x69, 0x74, 0x79, 0x00, 0x04, 0x63, 0x68,
  0x61, 0x74, 0x0a, 0x00, 0x0a, 0x64, 0x65, 0x63, 0x6f, 0x72, 0x61, 0x74,
  0x69, 0x6f, 0x6e, 0x08, 0x00, 0x0f, 0x74, 0x72, 0x61, 0x6e, 0x73, 0x6c,
  0x61, 0x74, 0x69, 0x6f, 0x6e, 0x5f, 0x6b, 0x65, 0x79, 0x00, 0x16, 0x63,
  0x68, 0x61, 0x74, 0x2e, 0x74, 0x79, 0x70, 0x65, 0x2e, 0x74, 0x65, 0x78,
  0x74, 0x2e, 0x6e, 0x61, 0x72, 0x72, 0x61, 0x74, 0x65, 0x0a, 0x00, 0x05,
  0x73, 0x74, 0x79, 0x6c, 0x65, 0x00, 0x09, 0x00, 0x0a, 0x70, 0x61, 0x72,
  0x61, 0x6d, 0x65, 0x74, 0x65, 0x72, 0x73, 0x08, 0x00, 0x00, 0x00, 0x02,
  0x00, 0x06, 0x73, 0x65, 0x6e, 0x64, 0x65, 0x72, 0x00, 0x07, 0x63, 0x6f,
  0x6e, 0x74, 0x65, 0x6e, 0x74, 0x00, 0x00, 0x00, 0x00, 0x08, 0x00, 0x04,
  0x6e, 0x61, 0x6d, 0x65, 0x00, 0x10, 0x6d, 0x69, 0x6e, 0x65, 0x63, 0x72,
  0x61, 0x66, 0x74, 0x3a, 0x73, 0x79, 0x73, 0x74, 0x65, 0x6d, 0x03, 0x00,
  0x02, 0x69, 0x64, 0x00, 0x00, 0x00, 0x01, 0x0a, 0x00, 0x07, 0x65, 0x6c,
  0x65, 0x6d, 0x65, 0x6e, 0x74, 0x0a, 0x00, 0x04, 0x63, 0x68, 0x61, 0x74,
  0x00, 0x0a, 0x00, 0x09, 0x6e, 0x61, 0x72, 0x72, 0x61, 0x74, 0x69, 0x6f,
  0x6e, 0x08, 0x00, 0x08, 0x70, 0x72, 0x69, 0x6f, 0x72, 0x69, 0x74, 0x79,
  0x00, 0x06, 0x73, 0x79, 0x73, 0x74, 0x65, 0x6d, 0x00, 0x00, 0x00, 0x08,
  0x00, 0x04, 0x6e, 0x61, 0x6d, 0x65, 0x00, 0x13, 0x6d, 0x69, 0x6e, 0x65,
  0x63, 0x72, 0x61, 0x66, 0x74, 0x3a, 0x67, 0x61, 0x6d, 0x65, 0x5f, 0x69,
  0x6e, 0x66, 0x6f, 0x03, 0x00, 0x02, 0x69, 0x64, 0x00, 0x00, 0x00, 0x02,
  0x0a, 0x00, 0x07, 0x65, 0x6c, 0x65, 0x6d, 0x65, 0x6e, 0x74, 0x0a, 0x00,
  0x07, 0x6f, 0x76, 0x65, 0x72, 0x6c, 0x61, 0x79, 0x00, 0x00, 0x00, 0x08,
  0x00, 0x04, 0x6e, 0x61, 0x6d, 0x65, 0x00, 0x15, 0x6d, 0x69, 0x6e, 0x65,
  0x63, 0x72, 0x61, 0x66, 0x74, 0x3a, 0x73, 0x61, 0x79, 0x5f, 0x63, 0x6f,
  0x6d, 0x6d, 0x61, 0x6e, 0x64, 0x03, 0x00, 0x02, 0x69, 0x64, 0x00, 0x00,
  0x00, 0x03, 0x0a, 0x00, 0x07, 0x65, 0x6c, 0x65, 0x6d, 0x65, 0x6e, 0x74,
  0x0a, 0x00, 0x04, 0x63, 0x68, 0x61, 0x74, 0x0a, 0x00, 0x0a, 0x64, 0x65,
  0x63, 0x6f, 0x72, 0x61, 0x74, 0x69, 0x6f, 0x6e, 0x08, 0x00, 0x0f, 0x74,
  0x72, 0x61, 0x6e, 0x73, 0x6c, 0x61, 0x74, 0x69, 0x6f, 0x6e, 0x5f, 0x6b,
  0x65, 0x79, 0x00, 0x16, 0x63, 0x68, 0x61, 0x74, 0x2e, 0x74, 0x79, 0x70,
  0x65, 0x2e, 0x61, 0x6e, 0x6e, 0x6f, 0x75, 0x6e, 0x63, 0x65, 0x6d, 0x65,
  0x6e, 0x74, 0x0a, 0x00, 0x05, 0x73, 0x74, 0x79, 0x6c, 0x65, 0x00, 0x09,
  0x00, 0x0a, 0x70, 0x61, 0x72, 0x61, 0x6d, 0x65, 0x74, 0x65, 0x72, 0x73,
  0x08, 0x00, 0x00, 0x00, 0x02, 0x00, 0x06, 0x73, 0x65, 0x6e, 0x64, 0x65,
  0x72, 0x00, 0x07, 0x63, 0x6f, 0x6e, 0x74, 0x65, 0x6e, 0x74, 0x00, 0x00,
  0x0a, 0x00, 0x09, 0x6e, 0x61, 0x72, 0x72, 0x61, 0x74, 0x69, 0x6f, 0x6e,
  0x08, 0x00, 0x08, 0x70, 0x72, 0x69, 0x6f, 0x72, 0x69, 0x74, 0x79, 0x00,
  0x04, 0x63, 0x68, 0x61, 0x74, 0x0a, 0x00, 0x0a, 0x64, 0x65, 0x63, 0x6f,
  0x72, 0x61, 0x74, 0x69, 0x6f, 0x6e, 0x08, 0x00, 0x0f, 0x74, 0x72, 0x61,
  0x6e, 0x73, 0x6c, 0x61, 0x74, 0x69, 0x6f, 0x6e, 0x5f, 0x6b, 0x65, 0x79,
  0x00, 0x16, 0x63, 0x68, 0x61, 0x74, 0x2e, 0x74, 0x79, 0x70, 0x65, 0x2e,
  0x74, 0x65, 0x78, 0x74, 0x2e, 0x6e, 0x61, 0x72, 0x72, 0x61, 0x74, 0x65,
  0x0a, 0x00, 0x05, 0x73, 0x74, 0x79, 0x6c, 0x65, 0x00, 0x09, 0x00, 0x0a,
  0x70, 0x61, 0x72, 0x61, 0x6d, 0x65, 0x74, 0x65, 0x72, 0x73, 0x08, 0x00,
  0x00, 0x00, 0x02, 0x00, 0x06, 0x73, 0x65, 0x6e, 0x64, 0x65, 0x72, 0x00,
  0x07, 0x63, 0x6f, 0x6e, 0x74, 0x65, 0x6e, 0x74, 0x00, 0x00, 0x00, 0x00,
  0x08, 0x00, 0x04, 0x6e, 0x61, 0x6d, 0x65, 0x00, 0x15, 0x6d, 0x69, 0x6e,
  0x65, 0x63, 0x72, 0x61, 0x66, 0x74, 0x3a, 0x6d, 0x73, 0x67, 0x5f, 0x63,
  0x6f, 0x6d, 0x6d, 0x61, 0x6e, 0x64, 0x03, 0x00, 0x02, 0x69, 0x64, 0x00,
  0x00, 0x00, 0x04, 0x0a, 0x00, 0x07, 0x65, 0x6c, 0x65, 0x6d, 0x65, 0x6e,
  0x74, 0x0a, 0x00, 0x04, 0x63, 0x68, 0x61, 0x74, 0x0a, 0x00, 0x0a, 0x64,
  0x65, 0x63, 0x6f, 0x72, 0x61, 0x74, 0x69, 0x6f, 0x6e, 0x08, 0x00, 0x0f,
  0x74, 0x72, 0x61, 0x6e, 0x73, 0x6c, 0x61, 0x74, 0x69, 0x6f, 0x6e, 0x5f,
  0x6b, 0x65, 0x79, 0x00, 0x21, 0x63, 0x6f, 0x6d, 0x6d, 0x61, 0x6e, 0x64,
  0x73, 0x2e, 0x6d, 0x65, 0x73, 0x73, 0x61, 0x67, 0x65, 0x2e, 0x64, 0x69,
  0x73, 0x70, 0x6c, 0x61, 0x79, 0x2e, 0x69, 0x6e, 0x63, 0x6f, 0x6d, 0x69,
  0x6e, 0x67, 0x0a, 0x00, 0x05, 0x73, 0x74, 0x79, 0x6c, 0x65, 0x08, 0x00,
  0x05, 0x63, 0x6f, 0x6c, 0x6f, 0x72, 0x00, 0x04, 0x67, 0x72, 0x61, 0x79,
  0x01, 0x00, 0x06, 0x69, 0x74, 0x61, 0x6c, 0x69, 0x63, 0x01, 0x00, 0x09,
  0x00, 0x0a, 0x70, 0x61, 0x72, 0x61, 0x6d, 0x65, 0x74, 0x65, 0x72, 0x73,
  0x08, 0x00, 0x00, 0x00, 0x02, 0x00, 0x06, 0x73, 0x65, 0x6e, 0x64, 0x65,
  0x72, 0x00, 0x07, 0x63, 0x6f, 0x6e, 0x74, 0x65, 0x6e, 0x74, 0x00, 0x00,
  0x0a, 0x00, 0x09, 0x6e, 0x61, 0x72, 0x72, 0x61, 0x74, 0x69, 0x6f, 0x6e,
  0x08, 0x00, 0x08, 0x70, 0x72, 0x69, 0x6f, 0x72, 0x69, 0x74, 0x79, 0x00,
  0x04, 0x63, 0x68, 0x61, 0x74, 0x0a, 0x00, 0x0a, 0x64, 0x65, 0x63, 0x6f,
  0x72, 0x61, 0x74, 0x69, 0x6f, 0x6e, 0x08, 0x00, 0x0f, 0x74, 0x72, 0x61,
  0x6e, 0x73, 0x6c, 0x61, 0x74, 0x69, 0x6f, 0x6e, 0x5f, 0x6b, 0x65, 0x79,
  0x00, 0x16, 0x63, 0x68, 0x61, 0x74, 0x2e, 0x74, 0x79, 0x70, 0x65, 0x2e,
  0x74, 0x65, 0x78, 0x74, 0x2e, 0x6e, 0x61, 0x72, 0x72, 0x61, 0x74, 0x65,
  0x0a, 0x00, 0x05, 0x73, 0x74, 0x79, 0x6c, 0x65, 0x00, 0x09, 0x00, 0x0a,
  0x70, 0x61, 0x72, 0x61, 0x6d, 0x65, 0x74, 0x65, 0x72, 0x73, 0x08, 0x00,
  0x00, 0x00, 0x02, 0x00, 0x06, 0x73, 0x65, 0x6e, 0x64, 0x65, 0x72, 0x00,
  0x07, 0x63, 0x6f, 0x6e, 0x74, 0x65, 0x6e, 0x74, 0x00, 0x00, 0x00, 0x00,
  0x08, 0x00, 0x04, 0x6e, 0x61, 0x6d, 0x65, 0x00, 0x1a, 0x6d, 0x69, 0x6e,
  0x65, 0x63, 0x72, 0x61, 0x66, 0x74, 0x3a, 0x74, 0x65, 0x61, 0x6d, 0x5f,
  0x6d, 0x73, 0x67, 0x5f, 0x63, 0x6f, 0x6d, 0x6d, 0x61, 0x6e, 0x64, 0x03,
  0x00, 0x02, 0x69, 0x64, 0x00, 0x00, 0x00, 0x05, 0x0a, 0x00, 0x07, 0x65,
  0x6c, 0x65, 0x6d, 0x65, 0x6e, 0x74, 0x0a, 0x00, 0x04, 0x63, 0x68, 0x61,
  0x74, 0x0a, 0x00, 0x0a, 0x64, 0x65, 0x63, 0x6f, 0x72, 0x61, 0x74, 0x69,
  0x6f, 0x6e, 0x08, 0x00, 0x0f, 0x74, 0x72, 0x61, 0x6e, 0x73, 0x6c, 0x61,
  0x74, 0x69, 0x6f, 0x6e, 0x5f, 0x6b, 0x65, 0x79, 0x00, 0x13, 0x63, 0x68,
  0x61, 0x74, 0x2e, 0x74, 0x79, 0x70, 0x65, 0x2e, 0x74, 0x65, 0x61, 0x6d,
  0x2e, 0x74, 0x65, 0x78, 0x74, 0x0a, 0x00, 0x05, 0x73, 0x74, 0x79, 0x6c,
  0x65, 0x00, 0x09, 0x00, 0x0a, 0x70, 0x61, 0x72, 0x61, 0x6d, 0x65, 0x74,
  0x65, 0x72, 0x73, 0x08, 0x00, 0x00, 0x00, 0x03, 0x00, 0x09, 0x74, 0x65,
  0x61, 0x6d, 0x5f, 0x6e, 0x61, 0x6d, 0x65, 0x00, 0x06, 0x73, 0x65, 0x6e,
  0x64, 0x65, 0x72, 0x00, 0x07, 0x63, 0x6f, 0x6e, 0x74, 0x65, 0x6e, 0x74,
  0x00, 0x00, 0x0a, 0x00, 0x09, 0x6e, 0x61, 0x72, 0x72, 0x61, 0x74, 0x69,
  0x6f, 0x6e, 0x08, 0x00, 0x08, 0x70, 0x72, 0x69, 0x6f, 0x72, 0x69, 0x74,
  0x79, 0x00, 0x04, 0x63, 0x68, 0x61, 0x74, 0x0a, 0x00, 0x0a, 0x64, 0x65,
  0x63, 0x6f, 0x72, 0x61, 0x74, 0x69, 0x6f, 0x6e, 0x08, 0x00, 0x0f, 0x74,
  0x72, 0x61, 0x6e, 0x73, 0x6c, 0x61, 0x74, 0x69, 0x6f, 0x6e, 0x5f, 0x6b,
  0x65, 0x79, 0x00, 0x16, 0x63, 0x68, 0x61, 0x74, 0x2e, 0x74, 0x79, 0x70,
  0x65, 0x2e, 0x74, 0x65, 0x78, 0x74, 0x2e, 0x6e, 0x61, 0x72, 0x72, 0x61,
  0x74, 0x65, 0x0a, 0x00, 0x05, 0x73, 0x74, 0x79, 0x6c, 0x65, 0x00, 0x09,
  0x00, 0x0a, 0x70, 0x61, 0x72, 0x61, 0x6d, 0x65, 0x74, 0x65, 0x72, 0x73,
  0x08, 0x00, 0x00, 0x00, 0x02, 0x00, 0x06, 0x73, 0x65, 0x6e, 0x64, 0x65,
  0x72, 0x00, 0x07, 0x63, 0x6f, 0x6e, 0x74, 0x65, 0x6e, 0x74, 0x00, 0x00,
  0x00, 0x00, 0x08, 0x00, 0x04, 0x6e, 0x61, 0x6d, 0x65, 0x00, 0x17, 0x6d,
  0x69, 0x6e, 0x65, 0x63, 0x72, 0x61, 0x66, 0x74, 0x3a, 0x65, 0x6d, 0x6f,
  0x74, 0x65, 0x5f, 0x63, 0x6f, 0x6d, 0x6d, 0x61, 0x6e, 0x64, 0x03, 0x00,
  0x02, 0x69, 0x64, 0x00, 0x00, 0x00, 0x06, 0x0a, 0x00, 0x07, 0x65, 0x6c,
  0x65, 0x6d, 0x65, 0x6e, 0x74, 0x0a, 0x00, 0x04, 0x63, 0x68, 0x61, 0x74,
  0x0a, 0x00, 0x0a, 0x64, 0x65, 0x63, 0x6f, 0x72, 0x61, 0x74, 0x69, 0x6f,
  0x6e, 0x08, 0x00, 0x0f, 0x74, 0x72, 0x61, 0x6e, 0x73, 0x6c, 0x61, 0x74,
  0x69, 0x6f, 0x6e, 0x5f, 0x6b, 0x65, 0x79, 0x00, 0x0f, 0x63, 0x68, 0x61,
  0x74, 0x2e, 0x74, 0x79, 0x70, 0x65, 0x2e, 0x65, 0x6d, 0x6f, 0x74, 0x65,
  0x0a, 0x00, 0x05, 0x73, 0x74, 0x79, 0x6c, 0x65, 0x00, 0x09, 0x00, 0x0a,
  0x70, 0x61, 0x72, 0x61, 0x6d, 0x65, 0x74, 0x65, 0x72, 0x73, 0x08, 0x00,
  0x00, 0x00, 0x02, 0x00, 0x06, 0x73, 0x65, 0x6e, 0x64, 0x65, 0x72, 0x00,
  0x07, 0x63, 0x6f, 0x6e, 0x74, 0x65, 0x6e, 0x74, 0x00, 0x00, 0x0a, 0x00,
  0x09, 0x6e, 0x61, 0x72, 0x72, 0x61, 0x74, 0x69, 0x6f, 0x6e, 0x08, 0x00,
  0x08, 0x70, 0x72, 0x69, 0x6f, 0x72, 0x69, 0x74, 0x79, 0x00, 0x04, 0x63,
  0x68, 0x61, 0x74, 0x0a, 0x00, 0x0a, 0x64, 0x65, 0x63, 0x6f, 0x72, 0x61,
  0x74, 0x69, 0x6f, 0x6e, 0x08, 0x00, 0x0f, 0x74, 0x72, 0x61, 0x6e, 0x73,
  0x6c, 0x61, 0x74, 0x69, 0x6f, 0x6e, 0x5f, 0x6b, 0x65, 0x79, 0x00, 0x0f,
  0x63, 0x68, 0x61, 0x74, 0x2e, 0x74, 0x79, 0x70, 0x65, 0x2e, 0x65, 0x6d,
  0x6f, 0x74, 0x65, 0x0a, 0x00, 0x05, 0x73, 0x74, 0x79, 0x6c, 0x65, 0x00,
  0x09, 0x00, 0x0a, 0x70, 0x61, 0x72, 0x61, 0x6d, 0x65, 0x74, 0x65, 0x72,
  0x73, 0x08, 0x00, 0x00, 0x00, 0x02, 0x00, 0x06, 0x73, 0x65, 0x6e, 0x64,
  0x65, 0x72, 0x00, 0x07, 0x63, 0x6f, 0x6e, 0x74, 0x65, 0x6e, 0x74, 0x00,
  0x00, 0x00, 0x00, 0x08, 0x00, 0x04, 0x6e, 0x61, 0x6d, 0x65, 0x00, 0x19,
  0x6d, 0x69, 0x6e, 0x65, 0x63, 0x72, 0x61, 0x66, 0x74, 0x3a, 0x74, 0x65,
  0x6c, 0x6c, 0x72, 0x61, 0x77, 0x5f, 0x63, 0x6f, 0x6d, 0x6d, 0x61, 0x6e,
  0x64, 0x03, 0x00, 0x02, 0x69, 0x64, 0x00, 0x00, 0x00, 0x07, 0x0a, 0x00,
  0x07, 0x65, 0x6c, 0x65, 0x6d, 0x65, 0x6e, 0x74, 0x0a, 0x00, 0x04, 0x63,
  0x68, 0x61, 0x74, 0x00, 0x0a, 0x00, 0x09, 0x6e, 0x61, 0x72, 0x72, 0x61,
  0x74, 0x69, 0x6f, 0x6e, 0x08, 0x00, 0x08, 0x70, 0x72, 0x69, 0x6f, 0x72,
  0x69, 0x74, 0x79, 0x00, 0x04, 0x63, 0x68, 0x61, 0x74, 0x00, 0x00, 0x00,
  0x00, 0x00,
};
Blob j119_759() { return {k_j119_759, sizeof(k_j119_759)}; }

static const uint8_t k_dim_119_759[] = {
  0x0a, 0x01, 0x00, 0x0b, 0x70, 0x69, 0x67, 0x6c, 0x69, 0x6e, 0x5f, 0x73,
  0x61, 0x66, 0x65, 0x00, 0x01, 0x00, 0x07, 0x6e, 0x61, 0x74, 0x75, 0x72,
  0x61, 0x6c, 0x01, 0x05, 0x00, 0x0d, 0x61, 0x6d, 0x62, 0x69, 0x65, 0x6e,
  0x74, 0x5f, 0x6c, 0x69, 0x67, 0x68, 0x74, 0x00, 0x00, 0x00, 0x00, 0x03,
  0x00, 0x1f, 0x6d, 0x6f, 0x6e, 0x73, 0x74, 0x65, 0x72, 0x5f, 0x73, 0x70,
  0x61, 0x77, 0x6e, 0x5f, 0x62, 0x6c, 0x6f, 0x63, 0x6b, 0x5f, 0x6c, 0x69,
  0x67, 0x68, 0x74, 0x5f, 0x6c, 0x69, 0x6d, 0x69, 0x74, 0x00, 0x00, 0x00,
  0x00, 0x08, 0x00, 0x0a, 0x69, 0x6e, 0x66, 0x69, 0x6e, 0x69, 0x62, 0x75,
  0x72, 0x6e, 0x00, 0x1f, 0x23, 0x6d, 0x69, 0x6e, 0x65, 0x63, 0x72, 0x61,
  0x66, 0x74, 0x3a, 0x69, 0x6e, 0x66, 0x69, 0x6e, 0x69, 0x62, 0x75, 0x72,
  0x6e, 0x5f, 0x6f, 0x76, 0x65, 0x72, 0x77, 0x6f, 0x72, 0x6c, 0x64, 0x01,
  0x00, 0x14, 0x72, 0x65, 0x73, 0x70, 0x61, 0x77, 0x6e, 0x5f, 0x61, 0x6e,
  0x63, 0x68, 0x6f, 0x72, 0x5f, 0x77, 0x6f, 0x72, 0x6b, 0x73, 0x00, 0x01,
  0x00, 0x0c, 0x68, 0x61, 0x73, 0x5f, 0x73, 0x6b, 0x79, 0x6c, 0x69, 0x67,
  0x68, 0x74, 0x01, 0x01, 0x00, 0x09, 0x62, 0x65, 0x64, 0x5f, 0x77, 0x6f,
  0x72, 0x6b, 0x73, 0x01, 0x08, 0x00, 0x07, 0x65, 0x66, 0x66, 0x65, 0x63,
  0x74, 0x73, 0x00, 0x13, 0x6d, 0x69, 0x6e, 0x65, 0x63, 0x72, 0x61, 0x66,
  0x74, 0x3a, 0x6f, 0x76, 0x65, 0x72, 0x77, 0x6f, 0x72, 0x6c, 0x64, 0x01,
  0x00, 0x09, 0x68, 0x61, 0x73, 0x5f, 0x72, 0x61, 0x69, 0x64, 0x73, 0x01,
  0x03, 0x00, 0x0e, 0x6c, 0x6f, 0x67, 0x69, 0x63, 0x61, 0x6c, 0x5f, 0x68,
  0x65, 0x69, 0x67, 0x68, 0x74, 0x00, 0x00, 0x01, 0x80, 0x06, 0x00, 0x10,
  0x63, 0x6f, 0x6f, 0x72, 0x64, 0x69, 0x6e, 0x61, 0x74, 0x65, 0x5f, 0x73,
  0x63, 0x61, 0x6c, 0x65, 0x3f, 0xf0, 0x00, 0x00, 0x00, 0x00, 0x00, 0x00,
  0x0a, 0x00, 0x19, 0x6d, 0x6f, 0x6e, 0x73, 0x74, 0x65, 0x72, 0x5f, 0x73,
  0x70, 0x61, 0x77, 0x6e, 0x5f, 0x6c, 0x69, 0x67, 0x68, 0x74, 0x5f, 0x6c,
  0x65, 0x76, 0x65, 0x6c, 0x08, 0x00, 0x04, 0x74, 0x79, 0x70, 0x65, 0x00,
  0x11, 0x6d, 0x69, 0x6e, 0x65, 0x63, 0x72, 0x61, 0x66, 0x74, 0x3a, 0x75,
  0x6e, 0x69, 0x66, 0x6f, 0x72, 0x6d, 0x0a, 0x00, 0x05, 0x76, 0x61, 0x6c,
  0x75, 0x65, 0x03, 0x00, 0x0d, 0x6d, 0x69, 0x6e, 0x5f, 0x69, 0x6e, 0x63,
  0x6c, 0x75, 0x73, 0x69, 0x76, 0x65, 0x00, 0x00, 0x00, 0x00, 0x03, 0x00,
  0x0d, 0x6d, 0x61, 0x78, 0x5f, 0x69, 0x6e, 0x63, 0x6c, 0x75, 0x73, 0x69,
  0x76, 0x65, 0x00, 0x00, 0x00, 0x07, 0x00, 0x00, 0x03, 0x00, 0x05, 0x6d,
  0x69, 0x6e, 0x5f, 0x79, 0xff, 0xff, 0xff, 0xc0, 0x01, 0x00, 0x09, 0x75,
  0x6c, 0x74, 0x72, 0x61, 0x77, 0x61, 0x72, 0x6d, 0x00, 0x01, 0x00, 0x0b,
  0x68, 0x61, 0x73, 0x5f, 0x63, 0x65, 0x69, 0x6c, 0x69, 0x6e, 0x67, 0x00,
  0x03, 0x00, 0x06, 0x68, 0x65, 0x69, 0x67, 0x68, 0x74, 0x00, 0x00, 0x01,
  0x80, 0x00,
};
Blob dim_119_759() { return {k_dim_119_759, sizeof(k_dim_119_759)}; }

static const uint8_t k_j119_760[] = {
  0x0a, 0x0a, 0x00, 0x18, 0x6d, 0x69, 0x6e, 0x65, 0x63, 0x72, 0x61, 0x66,
  0x74, 0x3a, 0x64, 0x69, 0x6d, 0x65, 0x6e, 0x73, 0x69, 0x6f, 0x6e, 0x5f,
  0x74, 0x79, 0x70, 0x65, 0x08, 0x00, 0x04, 0x74, 0x79, 0x70, 0x65, 0x00,
  0x18, 0x6d, 0x69, 0x6e, 0x65, 0x63, 0x72, 0x61, 0x66, 0x74, 0x3a, 0x64,
  0x69, 0x6d, 0x65, 0x6e, 0x73, 0x69, 0x6f, 0x6e, 0x5f, 0x74, 0x79, 0x70,
  0x65, 0x09, 0x00, 0x05, 0x76, 0x61, 0x6c, 0x75, 0x65, 0x0a, 0x00, 0x00,
  0x00, 0x01, 0x08, 0x00, 0x04, 0x6e, 0x61, 0x6d, 0x65, 0x00, 0x13, 0x6d,
  0x69, 0x6e, 0x65, 0x63, 0x72, 0x61, 0x66, 0x74, 0x3a, 0x6f, 0x76, 0x65,
  0x72, 0x77, 0x6f, 0x72, 0x6c, 0x64, 0x03, 0x00, 0x02, 0x69, 0x64, 0x00,
  0x00, 0x00, 0x00, 0x0a, 0x00, 0x07, 0x65, 0x6c, 0x65, 0x6d, 0x65, 0x6e,
  0x74, 0x01, 0x00, 0x0b, 0x70, 0x69, 0x67, 0x6c, 0x69, 0x6e, 0x5f, 0x73,
  0x61, 0x66, 0x65, 0x00, 0x01, 0x00, 0x07, 0x6e, 0x61, 0x74, 0x75, 0x72,
  0x61, 0x6c, 0x01, 0x05, 0x00, 0x0d, 0x61, 0x6d, 0x62, 0x69, 0x65, 0x6e,
  0x74, 0x5f, 0x6c, 0x69, 0x67, 0x68, 0x74, 0x00, 0x00, 0x00, 0x00, 0x03,
  0x00, 0x1f, 0x6d, 0x6f, 0x6e, 0x73, 0x74, 0x65, 0x72, 0x5f, 0x73, 0x70,
  0x61, 0x77, 0x6e, 0x5f, 0x62, 0x6c, 0x6f, 0x63, 0x6b, 0x5f, 0x6c, 0x69,
  0x67, 0x68, 0x74, 0x5f, 0x6c, 0x69, 0x6d, 0x69, 0x74, 0x00, 0x00, 0x00,
  0x00, 0x08, 0x00, 0x0a, 0x69, 0x6e, 0x66, 0x69, 0x6e, 0x69, 0x62, 0x75,
  0x72, 0x6e, 0x00, 0x1f, 0x23, 0x6d, 0x69, 0x6e, 0x65, 0x63, 0x72, 0x61,
  0x66, 0x74, 0x3a, 0x69, 0x6e, 0x66, 0x69, 0x6e, 0x69, 0x62, 0x75, 0x72,
  0x6e, 0x5f, 0x6f, 0x76, 0x65, 0x72, 0x77, 0x6f, 0x72, 0x6c, 0x64, 0x01,
  0x00, 0x14, 0x72, 0x65, 0x73, 0x70, 0x61, 0x77, 0x6e, 0x5f, 0x61, 0x6e,
  0x63, 0x68, 0x6f, 0x72, 0x5f, 0x77, 0x6f, 0x72, 0x6b, 0x73, 0x00, 0x01,
  0x00, 0x0c, 0x68, 0x61, 0x73, 0x5f, 0x73, 0x6b, 0x79, 0x6c, 0x69, 0x67,
  0x68, 0x74, 0x01, 0x01, 0x00, 0x09, 0x62, 0x65, 0x64, 0x5f, 0x77, 0x6f,
  0x72, 0x6b, 0x73, 0x01, 0x08, 0x00, 0x07, 0x65, 0x66, 0x66, 0x65, 0x63,
  0x74, 0x73, 0x00, 0x13, 0x6d, 0x69, 0x6e, 0x65, 0x63, 0x72, 0x61, 0x66,
  0x74, 0x3a, 0x6f, 0x76, 0x65, 0x72, 0x77, 0x6f, 0x72, 0x6c, 0x64, 0x01,
  0x00, 0x09, 0x68, 0x61, 0x73, 0x5f, 0x72, 0x61, 0x69, 0x64, 0x73, 0x01,
  0x03, 0x00, 0x0e, 0x6c, 0x6f, 0x67, 0x69, 0x63, 0x61, 0x6c, 0x5f, 0x68,
  0x65, 0x69, 0x67, 0x68, 0x74, 0x00, 0x00, 0x01, 0x80, 0x06, 0x00, 0x10,
  0x63, 0x6f, 0x6f, 0x72, 0x64, 0x69, 0x6e, 0x61, 0x74, 0x65, 0x5f, 0x73,
  0x63, 0x61, 0x6c, 0x65, 0x3f, 0xf0, 0x00, 0x00, 0x00, 0x00, 0x00, 0x00,
  0x0a, 0x00, 0x19, 0x6d, 0x6f, 0x6e, 0x73, 0x74, 0x65, 0x72, 0x5f, 0x73,
  0x70, 0x61, 0x77, 0x6e, 0x5f, 0x6c, 0x69, 0x67, 0x68, 0x74, 0x5f, 0x6c,
  0x65, 0x76, 0x65, 0x6c, 0x08, 0x00, 0x04, 0x74, 0x79, 0x70, 0x65, 0x00,
  0x11, 0x6d, 0x69, 0x6e, 0x65, 0x63, 0x72, 0x61, 0x66, 0x74, 0x3a, 0x75,
  0x6e, 0x69, 0x66, 0x6f, 0x72, 0x6d, 0x0a, 0x00, 0x05, 0x76, 0x61, 0x6c,
  0x75, 0x65, 0x03, 0x00, 0x0d, 0x6d, 0x69, 0x6e, 0x5f, 0x69, 0x6e, 0x63,
  0x6c, 0x75, 0x73, 0x69, 0x76, 0x65, 0x00, 0x00, 0x00, 0x00, 0x03, 0x00,
  0x0d, 0x6d, 0x61, 0x78, 0x5f, 0x69, 0x6e, 0x63, 0x6c, 0x75, 0x73, 0x69,
  0x76, 0x65, 0x00, 0x00, 0x00, 0x07, 0x00, 0x00, 0x03, 0x00, 0x05, 0x6d,
  0x69, 0x6e, 0x5f, 0x79, 0xff, 0xff, 0xff, 0xc0, 0x01, 0x00, 0x09, 0x75,
  0x6c, 0x74, 0x72, 0x61, 0x77, 0x61, 0x72, 0x6d, 0x00, 0x01, 0x00, 0x0b,
  0x68, 0x61, 0x73, 0x5f, 0x63, 0x65, 0x69, 0x6c, 0x69, 0x6e, 0x67, 0x00,
  0x03, 0x00, 0x06, 0x68, 0x65, 0x69, 0x67, 0x68, 0x74, 0x00, 0x00, 0x01,
  0x80, 0x00, 0x00, 0x00, 0x0a, 0x00, 0x18, 0x6d, 0x69, 0x6e, 0x65, 0x63,
  0x72, 0x61, 0x66, 0x74, 0x3a, 0x77, 0x6f, 0x72, 0x6c, 0x64, 0x67, 0x65,
  0x6e, 0x2f, 0x62, 0x69, 0x6f, 0x6d, 0x65, 0x08, 0x00, 0x04, 0x74, 0x79,
  0x70, 0x65, 0x00, 0x18, 0x6d, 0x69, 0x6e, 0x65, 0x63, 0x72, 0x61, 0x66,
  0x74, 0x3a, 0x77, 0x6f, 0x72, 0x6c, 0x64, 0x67, 0x65, 0x6e, 0x2f, 0x62,
  0x69, 0x6f, 0x6d, 0x65, 0x09, 0x00, 0x05, 0x76, 0x61, 0x6c, 0x75, 0x65,
  0x0a, 0x00, 0x00, 0x00, 0x01, 0x08, 0x00, 0x04, 0x6e, 0x61, 0x6d, 0x65,
  0x00, 0x10, 0x6d, 0x69, 0x6e, 0x65, 0x63, 0x72, 0x61, 0x66, 0x74, 0x3a,
  0x70, 0x6c, 0x61, 0x69, 0x6e, 0x73, 0x03, 0x00, 0x02, 0x69, 0x64, 0x00,
  0x00, 0x00, 0x01, 0x0a, 0x00, 0x07, 0x65, 0x6c, 0x65, 0x6d, 0x65, 0x6e,
  0x74, 0x08, 0x00, 0x0d, 0x70, 0x72, 0x65, 0x63, 0x69, 0x70, 0x69, 0x74,
  0x61, 0x74, 0x69, 0x6f, 0x6e, 0x00, 0x04, 0x72, 0x61, 0x69, 0x6e, 0x0a,
  0x00, 0x07, 0x65, 0x66, 0x66, 0x65, 0x63, 0x74, 0x73, 0x03, 0x00, 0x09,
  0x73, 0x6b, 0x79, 0x5f, 0x63, 0x6f, 0x6c, 0x6f, 0x72, 0x00, 0x78, 0xa7,
  0xff, 0x03, 0x00, 0x0f, 0x77, 0x61, 0x74, 0x65, 0x72, 0x5f, 0x66, 0x6f,
  0x67, 0x5f, 0x63, 0x6f, 0x6c, 0x6f, 0x72, 0x00, 0x05, 0x05, 0x33, 0x03,
  0x00, 0x09, 0x66, 0x6f, 0x67, 0x5f, 0x63, 0x6f, 0x6c, 0x6f, 0x72, 0x00,
  0xc0, 0xd8, 0xff, 0x03, 0x00, 0x0b, 0x77, 0x61, 0x74, 0x65, 0x72, 0x5f,
  0x63, 0x6f, 0x6c, 0x6f, 0x72, 0x00, 0x3f, 0x76, 0xe4, 0x0a, 0x00, 0x0a,
  0x6d, 0x6f, 0x6f, 0x64, 0x5f, 0x73, 0x6f, 0x75, 0x6e, 0x64, 0x03, 0x00,
  0x0a, 0x74, 0x69, 0x63, 0x6b, 0x5f, 0x64, 0x65, 0x6c, 0x61, 0x79, 0x00,
  0x00, 0x17, 0x70, 0x06, 0x00, 0x06, 0x6f, 0x66, 0x66, 0x73, 0x65, 0x74,
  0x40, 0x00, 0x00, 0x00, 0x00, 0x00, 0x00, 0x00, 0x08, 0x00, 0x05, 0x73,
  0x6f, 0x75, 0x6e, 0x64, 0x00, 0x16, 0x6d, 0x69, 0x6e, 0x65, 0x63, 0x72,
  0x61, 0x66, 0x74, 0x3a, 0x61, 0x6d, 0x62, 0x69, 0x65, 0x6e, 0x74, 0x2e,
  0x63, 0x61, 0x76, 0x65, 0x03, 0x00, 0x13, 0x62, 0x6c, 0x6f, 0x63, 0x6b,
  0x5f, 0x73, 0x65, 0x61, 0x72, 0x63, 0x68, 0x5f, 0x65, 0x78, 0x74, 0x65,
  0x6e, 0x74, 0x00, 0x00, 0x00, 0x08, 0x00, 0x00, 0x05, 0x00, 0x0b, 0x74,
  0x65, 0x6d, 0x70, 0x65, 0x72, 0x61, 0x74, 0x75, 0x72, 0x65, 0x3f, 0x4c,
  0xcc, 0xcd, 0x05, 0x00, 0x08, 0x64, 0x6f, 0x77, 0x6e, 0x66, 0x61, 0x6c,
  0x6c, 0x3e, 0xcc, 0xcc, 0xcd, 0x00, 0x00, 0x00, 0x0a, 0x00, 0x13, 0x6d,
  0x69, 0x6e, 0x65, 0x63, 0x72, 0x61, 0x66, 0x74, 0x3a, 0x63, 0x68, 0x61,
  0x74, 0x5f, 0x74, 0x79, 0x70, 0x65, 0x08, 0x00, 0x04, 0x74, 0x79, 0x70,
  0x65, 0x00, 0x13, 0x6d, 0x69, 0x6e, 0x65, 0x63, 0x72, 0x61, 0x66, 0x74,
  0x3a, 0x63, 0x68, 0x61, 0x74, 0x5f, 0x74, 0x79, 0x70, 0x65, 0x09, 0x00,
  0x05, 0x76, 0x61, 0x6c, 0x75, 0x65, 0x0a, 0x00, 0x00, 0x00, 0x07, 0x08,
  0x00, 0x04, 0x6e, 0x61, 0x6d, 0x65, 0x00, 0x0e, 0x6d, 0x69, 0x6e, 0x65,
  0x63, 0x72, 0x61, 0x66, 0x74, 0x3a, 0x63, 0x68, 0x61, 0x74, 0x03, 0x00,
  0x02, 0x69, 0x64, 0x00, 0x00, 0x00, 0x00, 0x0a, 0x00, 0x07, 0x65, 0x6c,
  0x65, 0x6d, 0x65, 0x6e, 0x74, 0x0a, 0x00, 0x04, 0x63, 0x68, 0x61, 0x74,
  0x08, 0x00, 0x0f, 0x74, 0x72, 0x61, 0x6e, 0x73, 0x6c, 0x61, 0x74, 0x69,
  0x6f, 0x6e, 0x5f, 0x6b, 0x65, 0x79, 0x00, 0x0e, 0x63, 0x68, 0x61, 0x74,
  0x2e, 0x74, 0x79, 0x70, 0x65, 0x2e, 0x74, 0x65, 0x78, 0x74, 0x09, 0x00,
  0x0a, 0x70, 0x61, 0x72, 0x61, 0x6d, 0x65, 0x74, 0x65, 0x72, 0x73, 0x08,
  0x00, 0x00, 0x00, 0x02, 0x00, 0x06, 0x73, 0x65, 0x6e, 0x64, 0x65, 0x72,
  0x00, 0x07, 0x63, 0x6f, 0x6e, 0x74, 0x65, 0x6e, 0x74, 0x00, 0x0a, 0x00,
  0x09, 0x6e, 0x61, 0x72, 0x72, 0x61, 0x74, 0x69, 0x6f, 0x6e, 0x08, 0x00,
  0x0f, 0x74, 0x72, 0x61, 0x6e, 0x73, 0x6c, 0x61, 0x74, 0x69, 0x6f, 0x6e,
  0x5f, 0x6b, 0x65, 0x79, 0x00, 0x16, 0x63, 0x68, 0x61, 0x74, 0x2e, 0x74,
  0x79, 0x70, 0x65, 0x2e, 0x74, 0x65, 0x78, 0x74, 0x2e, 0x6e, 0x61, 0x72,
  0x72, 0x61, 0x74, 0x65, 0x09, 0x00, 0x0a, 0x70, 0x61, 0x72, 0x61, 0x6d,
  0x65, 0x74, 0x65, 0x72, 0x73, 0x08, 0x00, 0x00, 0x00, 0x02, 0x00, 0x06,
  0x73, 0x65, 0x6e, 0x64, 0x65, 0x72, 0x00, 0x07, 0x63, 0x6f, 0x6e, 0x74,
  0x65, 0x6e, 0x74, 0x00, 0x00, 0x00, 0x08, 0x00, 0x04, 0x6e, 0x61, 0x6d,
  0x65, 0x00, 0x15, 0x6d, 0x69, 0x6e, 0x65, 0x63, 0x72, 0x61, 0x66, 0x74,
  0x3a, 0x73, 0x61, 0x79, 0x5f, 0x63, 0x6f, 0x6d, 0x6d, 0x61, 0x6e, 0x64,
  0x03, 0x00, 0x02, 0x69, 0x64, 0x00, 0x00, 0x00, 0x01, 0x0a, 0x00, 0x07,
  0x65, 0x6c, 0x65, 0x6d, 0x65, 0x6e, 0x74, 0x0a, 0x00, 0x04, 0x63, 0x68,
  0x61, 0x74, 0x08, 0x00, 0x0f, 0x74, 0x72, 0x61, 0x6e, 0x73, 0x6c, 0x61,
  0x74, 0x69, 0x6f, 0x6e, 0x5f, 0x6b, 0x65, 0x79, 0x00, 0x16, 0x63, 0x68,
  0x61, 0x74, 0x2e, 0x74, 0x79, 0x70, 0x65, 0x2e, 0x61, 0x6e, 0x6e, 0x6f,
  0x75, 0x6e, 0x63, 0x65, 0x6d, 0x65, 0x6e, 0x74, 0x09, 0x00, 0x0a, 0x70,
  0x61, 0x72, 0x61, 0x6d, 0x65, 0x74, 0x65, 0x72, 0x73, 0x08, 0x00, 0x00,
  0x00, 0x02, 0x00, 0x06, 0x73, 0x65, 0x6e, 0x64, 0x65, 0x72, 0x00, 0x07,
  0x63, 0x6f, 0x6e, 0x74, 0x65, 0x6e, 0x74, 0x00, 0x0a, 0x00, 0x09, 0x6e,
  0x61, 0x72, 0x72, 0x61, 0x74, 0x69, 0x6f, 0x6e, 0x08, 0x00, 0x0f, 0x74,
  0x72, 0x61, 0x6e, 0x73, 0x6c, 0x61, 0x74, 0x69, 0x6f, 0x6e, 0x5f, 0x6b,
  0x65, 0x79, 0x00, 0x16, 0x63, 0x68, 0x61, 0x74, 0x2e, 0x74, 0x79, 0x70,
  0x65, 0x2e, 0x74, 0x65, 0x78, 0x74, 0x2e, 0x6e, 0x61, 0x72, 0x72, 0x61,
  0x74, 0x65, 0x09, 0x00, 0x0a, 0x70, 0x61, 0x72, 0x61, 0x6d, 0x65, 0x74,
  0x65, 0x72, 0x73, 0x08, 0x00, 0x00, 0x00, 0x02, 0x00, 0x06, 0x73, 0x65,
  0x6e, 0x64, 0x65, 0x72, 0x00, 0x07, 0x63, 0x6f, 0x6e, 0x74, 0x65, 0x6e,
  0x74, 0x00, 0x00, 0x00, 0x08, 0x00, 0x04, 0x6e, 0x61, 0x6d, 0x65, 0x00,
  0x1e, 0x6d, 0x69, 0x6e, 0x65, 0x63, 0x72, 0x61, 0x66, 0x74, 0x3a, 0x6d,
  0x73, 0x67, 0x5f, 0x63, 0x6f, 0x6d, 0x6d, 0x61, 0x6e, 0x64, 0x5f, 0x69,
  0x6e, 0x63, 0x6f, 0x6d, 0x69, 0x6e, 0x67, 0x03, 0x00, 0x02, 0x69, 0x64,
  0x00, 0x00, 0x00, 0x02, 0x0a, 0x00, 0x07, 0x65, 0x6c, 0x65, 0x6d, 0x65,
  0x6e, 0x74, 0x0a, 0x00, 0x04, 0x63, 0x68, 0x61, 0x74, 0x08, 0x00, 0x0f,
  0x74, 0x72, 0x61, 0x6e, 0x73, 0x6c, 0x61, 0x74, 0x69, 0x6f, 0x6e, 0x5f,
  0x6b, 0x65, 0x79, 0x00, 0x21, 0x63, 0x6f, 0x6d, 0x6d, 0x61, 0x6e, 0x64,
  0x73, 0x2e, 0x6d, 0x65, 0x73, 0x73, 0x61, 0x67, 0x65, 0x2e, 0x64, 0x69,
  0x73, 0x70, 0x6c, 0x61, 0x79, 0x2e, 0x69, 0x6e, 0x63, 0x6f, 0x6d, 0x69,
  0x6e, 0x67, 0x0a, 0x00, 0x05, 0x73, 0x74, 0x79, 0x6c, 0x65, 0x08, 0x00,
  0x05, 0x63, 0x6f, 0x6c, 0x6f, 0x72, 0x00, 0x04, 0x67, 0x72, 0x61, 0x79,
  0x01, 0x00, 0x06, 0x69, 0x74, 0x61, 0x6c, 0x69, 0x63, 0x01, 0x00, 0x09,
  0x00, 0x0a, 0x70, 0x61, 0x72, 0x61, 0x6d, 0x65, 0x74, 0x65, 0x72, 0x73,
  0x08, 0x00, 0x00, 0x00, 0x02, 0x00, 0x06, 0x73, 0x65, 0x6e, 0x64, 0x65,
  0x72, 0x00, 0x07, 0x63, 0x6f, 0x6e, 0x74, 0x65, 0x6e, 0x74, 0x00, 0x0a,
  0x00, 0x09, 0x6e, 0x61, 0x72, 0x72, 0x61, 0x74, 0x69, 0x6f, 0x6e, 0x08,
  0x00, 0x0f, 0x74, 0x72, 0x61, 0x6e, 0x73, 0x6c, 0x61, 0x74, 0x69, 0x6f,
  0x6e, 0x5f, 0x6b, 0x65, 0x79, 0x00, 0x16, 0x63, 0x68, 0x61, 0x74, 0x2e,
  0x74, 0x79, 0x70, 0x65, 0x2e, 0x74, 0x65, 0x78, 0x74, 0x2e, 0x6e, 0x61,
  0x72, 0x72, 0x61, 0x74, 0x65, 0x09, 0x00, 0x0a, 0x70, 0x61, 0x72, 0x61,
  0x6d, 0x65, 0x74, 0x65, 0x72, 0x73, 0x08, 0x00, 0x00, 0x00, 0x02, 0x00,
  0x06, 0x73, 0x65, 0x6e, 0x64, 0x65, 0x72, 0x00, 0x07, 0x63, 0x6f, 0x6e,
  0x74, 0x65, 0x6e, 0x74, 0x00, 0x00, 0x00, 0x08, 0x00, 0x04, 0x6e, 0x61,
  0x6d, 0x65, 0x00, 0x1e, 0x6d, 0x69, 0x6e, 0x65, 0x63, 0x72, 0x61, 0x66,
  0x74, 0x3a, 0x6d, 0x73, 0x67, 0x5f, 0x63, 0x6f, 0x6d, 0x6d, 0x61, 0x6e,
  0x64, 0x5f, 0x6f, 0x75, 0x74, 0x67, 0x6f, 0x69, 0x6e, 0x67, 0x03, 0x00,
  0x02, 0x69, 0x64, 0x00, 0x00, 0x00, 0x03, 0x0a, 0x00, 0x07, 0x65, 0x6c,
  0x65, 0x6d, 0x65, 0x6e, 0x74, 0x0a, 0x00, 0x04, 0x63, 0x68, 0x61, 0x74,
  0x08, 0x00, 0x0f, 0x74, 0x72, 0x61, 0x6e, 0x73, 0x6c, 0x61, 0x74, 0x69,
  0x6f, 0x6e, 0x5f, 0x6b, 0x65, 0x79, 0x00, 0x21, 0x63, 0x6f, 0x6d, 0x6d,
  0x61, 0x6e, 0x64, 0x73, 0x2e, 0x6d, 0x65, 0x73, 0x73, 0x61, 0x67, 0x65,
  0x2e, 0x64, 0x69, 0x73, 0x70, 0x6c, 0x61, 0x79, 0x2e, 0x6f, 0x75, 0x74,
  0x67, 0x6f, 0x69, 0x6e, 0x67, 0x0a, 0x00, 0x05, 0x73, 0x74, 0x79, 0x6c,
  0x65, 0x08, 0x00, 0x05, 0x63, 0x6f, 0x6c, 0x6f, 0x72, 0x00, 0x04, 0x67,
  0x72, 0x61, 0x79, 0x01, 0x00, 0x06, 0x69, 0x74, 0x61, 0x6c, 0x69, 0x63,
  0x01, 0x00, 0x09, 0x00, 0x0a, 0x70, 0x61, 0x72, 0x61, 0x6d, 0x65, 0x74,
  0x65, 0x72, 0x73, 0x08, 0x00, 0x00, 0x00, 0x02, 0x00, 0x06, 0x74, 0x61,
  0x72, 0x67, 0x65, 0x74, 0x00, 0x07, 0x63, 0x6f, 0x6e, 0x74, 0x65, 0x6e,
  0x74, 0x00, 0x0a, 0x00, 0x09, 0x6e, 0x61, 0x72, 0x72, 0x61, 0x74, 0x69,
  0x6f, 0x6e, 0x08, 0x00, 0x0f, 0x74, 0x72, 0x61, 0x6e, 0x73, 0x6c, 0x61,
  0x74, 0x69, 0x6f, 0x6e, 0x5f, 0x6b, 0x65, 0x79, 0x00, 0x16, 0x63, 0x68,
  0x61, 0x74, 0x2e, 0x74, 0x79, 0x70, 0x65, 0x2e, 0x74, 0x65, 0x78, 0x74,
  0x2e, 0x6e, 0x61, 0x72, 0x72, 0x61, 0x74, 0x65, 0x09, 0x00, 0x0a, 0x70,
  0x61, 0x72, 0x61, 0x6d, 0x65, 0x74, 0x65, 0x72, 0x73, 0x08, 0x00, 0x00,
  0x00, 0x02, 0x00, 0x06, 0x73, 0x65, 0x6e, 0x64, 0x65, 0x72, 0x00, 0x07,
  0x63, 0x6f, 0x6e, 0x74, 0x65, 0x6e, 0x74, 0x00, 0x00, 0x00, 0x08, 0x00,
  0x04, 0x6e, 0x61, 0x6d, 0x65, 0x00, 0x23, 0x6d, 0x69, 0x6e, 0x65, 0x63,
  0x72, 0x61, 0x66, 0x74, 0x3a, 0x74, 0x65, 0x61, 0x6d, 0x5f, 0x6d, 0x73,
  0x67, 0x5f, 0x63, 0x6f, 0x6d, 0x6d, 0x61, 0x6e, 0x64, 0x5f, 0x69, 0x6e,
  0x63, 0x6f, 0x6d, 0x69, 0x6e, 0x67, 0x03, 0x00, 0x02, 0x69, 0x64, 0x00,
  0x00, 0x00, 0x04, 0x0a, 0x00, 0x07, 0x65, 0x6c, 0x65, 0x6d, 0x65, 0x6e,
  0x74, 0x0a, 0x00, 0x04, 0x63, 0x68, 0x61, 0x74, 0x08, 0x00, 0x0f, 0x74,
  0x72, 0x61, 0x6e, 0x73, 0x6c, 0x61, 0x74, 0x69, 0x6f, 0x6e, 0x5f, 0x6b,
  0x65, 0x79, 0x00, 0x13, 0x63, 0x68, 0x61, 0x74, 0x2e, 0x74, 0x79, 0x70,
  0x65, 0x2e, 0x74, 0x65, 0x61, 0x6d, 0x2e, 0x74, 0x65, 0x78, 0x74, 0x09,
  0x00, 0x0a, 0x70, 0x61, 0x72, 0x61, 0x6d, 0x65, 0x74, 0x65, 0x72, 0x73,
  0x08, 0x00, 0x00, 0x00, 0x03, 0x00, 0x06, 0x74, 0x61, 0x72, 0x67, 0x65,
  0x74, 0x00, 0x06, 0x73, 0x65, 0x6e, 0x64, 0x65, 0x72, 0x00, 0x07, 0x63,
  0x6f, 0x6e, 0x74, 0x65, 0x6e, 0x74, 0x00, 0x0a, 0x00, 0x09, 0x6e, 0x61,
  0x72, 0x72, 0x61, 0x74, 0x69, 0x6f, 0x6e, 0x08, 0x00, 0x0f, 0x74, 0x72,
  0x61, 0x6e, 0x73, 0x6c, 0x61, 0x74, 0x69, 0x6f, 0x6e, 0x5f, 0x6b, 0x65,
  0x79, 0x00, 0x16, 0x63, 0x68, 0x61, 0x74, 0x2e, 0x74, 0x79, 0x70, 0x65,
  0x2e, 0x74, 0x65, 0x78, 0x74, 0x2e, 0x6e, 0x61, 0x72, 0x72, 0x61, 0x74,
  0x65, 0x09, 0x00, 0x0a, 0x70, 0x61, 0x72, 0x61, 0x6d, 0x65, 0x74, 0x65,
  0x72, 0x73, 0x08, 0x00, 0x00, 0x00, 0x02, 0x00, 0x06, 0x73, 0x65, 0x6e,
  0x64, 0x65, 0x72, 0x00, 0x07, 0x63, 0x6f, 0x6e, 0x74, 0x65, 0x6e, 0x74,
  0x00, 0x00, 0x00, 0x08, 0x00, 0x04, 0x6e, 0x61, 0x6d, 0x65, 0x00, 0x23,
  0x6d, 0x69, 0x6e, 0x65, 0x63, 0x72, 0x61, 0x66, 0x74, 0x3a, 0x74, 0x65,
  0x61, 0x6d, 0x5f, 0x6d, 0x73, 0x67, 0x5f, 0x63, 0x6f, 0x6d, 0x6d, 0x61,
  0x6e, 0x64, 0x5f, 0x6f, 0x75, 0x74, 0x67, 0x6f, 0x69, 0x6e, 0x67, 0x03,
  0x00, 0x02, 0x69, 0x64, 0x00, 0x00, 0x00, 0x05, 0x0a, 0x00, 0x07, 0x65,
  0x6c, 0x65, 0x6d, 0x65, 0x6e, 0x74, 0x0a, 0x00, 0x04, 0x63, 0x68, 0x61,
  0x74, 0x08, 0x00, 0x0f, 0x74, 0x72, 0x61, 0x6e, 0x73, 0x6c, 0x61, 0x74,
  0x69, 0x6f, 0x6e, 0x5f, 0x6b, 0x65, 0x79, 0x00, 0x13, 0x63, 0x68, 0x61,
  0x74, 0x2e, 0x74, 0x79, 0x70, 0x65, 0x2e, 0x74, 0x65, 0x61, 0x6d, 0x2e,
  0x73, 0x65, 0x6e, 0x74, 0x09, 0x00, 0x0a, 0x70, 0x61, 0x72, 0x61, 0x6d,
  0x65, 0x74, 0x65, 0x72, 0x73, 0x08, 0x00, 0x00, 0x00, 0x03, 0x00, 0x06,
  0x74, 0x61, 0x72, 0x67, 0x65, 0x74, 0x00, 0x06, 0x73, 0x65, 0x6e, 0x64,
  0x65, 0x72, 0x00, 0x07, 0x63, 0x6f, 0x6e, 0x74, 0x65, 0x6e, 0x74, 0x00,
  0x0a, 0x00, 0x09, 0x6e, 0x61, 0x72, 0x72, 0x61, 0x74, 0x69, 0x6f, 0x6e,
  0x08, 0x00, 0x0f, 0x74, 0x72, 0x61, 0x6e, 0x73, 0x6c, 0x61, 0x74, 0x69,
  0x6f, 0x6e, 0x5f, 0x6b, 0x65, 0x79, 0x00, 0x16, 0x63, 0x68, 0x61, 0x74,
  0x2e, 0x74, 0x79, 0x70, 0x65, 0x2e, 0x74, 0x65, 0x78, 0x74, 0x2e, 0x6e,
  0x61, 0x72, 0x72, 0x61, 0x74, 0x65, 0x09, 0x00, 0x0a, 0x70, 0x61, 0x72,
  0x61, 0x6d, 0x65, 0x74, 0x65, 0x72, 0x73, 0x08, 0x00, 0x00, 0x00, 0x02,
  0x00, 0x06, 0x73, 0x65, 0x6e, 0x64, 0x65, 0x72, 0x00, 0x07, 0x63, 0x6f,
  0x6e, 0x74, 0x65, 0x6e, 0x74, 0x00, 0x00, 0x00, 0x08, 0x00, 0x04, 0x6e,
  0x61, 0x6d, 0x65, 0x00, 0x17, 0x6d, 0x69, 0x6e, 0x65, 0x63, 0x72, 0x61,
  0x66, 0x74, 0x3a, 0x65, 0x6d, 0x6f, 0x74, 0x65, 0x5f, 0x63, 0x6f, 0x6d,
  0x6d, 0x61, 0x6e, 0x64, 0x03, 0x00, 0x02, 0x69, 0x64, 0x00, 0x00, 0x00,
  0x06, 0x0a, 0x00, 0x07, 0x65, 0x6c, 0x65, 0x6d, 0x65, 0x6e, 0x74, 0x0a,
  0x00, 0x04, 0x63, 0x68, 0x61, 0x74, 0x08, 0x00, 0x0f, 0x74, 0x72, 0x61,
  0x6e, 0x73, 0x6c, 0x61, 0x74, 0x69, 0x6f, 0x6e, 0x5f, 0x6b, 0x65, 0x79,
  0x00, 0x0f, 0x63, 0x68, 0x61, 0x74, 0x2e, 0x74, 0x79, 0x70, 0x65, 0x2e,
  0x65, 0x6d, 0x6f, 0x74, 0x65, 0x09, 0x00, 0x0a, 0x70, 0x61, 0x72, 0x61,
  0x6d, 0x65, 0x74, 0x65, 0x72, 0x73, 0x08, 0x00, 0x00, 0x00, 0x02, 0x00,
  0x06, 0x73, 0x65, 0x6e, 0x64, 0x65, 0x72, 0x00, 0x07, 0x63, 0x6f, 0x6e,
  0x74, 0x65, 0x6e, 0x74, 0x00, 0x0a, 0x00, 0x09, 0x6e, 0x61, 0x72, 0x72,
  0x61, 0x74, 0x69, 0x6f, 0x6e, 0x08, 0x00, 0x0f, 0x74, 0x72, 0x61, 0x6e,
  0x73, 0x6c, 0x61, 0x74, 0x69, 0x6f, 0x6e, 0x5f, 0x6b, 0x65, 0x79, 0x00,
  0x0f, 0x63, 0x68, 0x61, 0x74, 0x2e, 0x74, 0x79, 0x70, 0x65, 0x2e, 0x65,
  0x6d, 0x6f, 0x74, 0x65, 0x09, 0x00, 0x0a, 0x70, 0x61, 0x72, 0x61, 0x6d,
  0x65, 0x74, 0x65, 0x72, 0x73, 0x08, 0x00, 0x00, 0x00, 0x02, 0x00, 0x06,
  0x73, 0x65, 0x6e, 0x64, 0x65, 0x72, 0x00, 0x07, 0x63, 0x6f, 0x6e, 0x74,
  0x65, 0x6e, 0x74, 0x00, 0x00, 0x00, 0x00, 0x00,
};
Blob j119_760() { return {k_j119_760, sizeof(k_j119_760)}; }

static const uint8_t k_dim_119_760[] = {
  0x0a, 0x01, 0x00, 0x0b, 0x70, 0x69, 0x67, 0x6c, 0x69, 0x6e, 0x5f, 0x73,
  0x61, 0x66, 0x65, 0x00, 0x01, 0x00, 0x07, 0x6e, 0x61, 0x74, 0x75, 0x72,
  0x61, 0x6c, 0x01, 0x05, 0x00, 0x0d, 0x61, 0x6d, 0x62, 0x69, 0x65, 0x6e,
  0x74, 0x5f, 0x6c, 0x69, 0x67, 0x68, 0x74, 0x00, 0x00, 0x00, 0x00, 0x03,
  0x00, 0x1f, 0x6d, 0x6f, 0x6e, 0x73, 0x74, 0x65, 0x72, 0x5f, 0x73, 0x70,
  0x61, 0x77, 0x6e, 0x5f, 0x62, 0x6c, 0x6f, 0x63, 0x6b, 0x5f, 0x6c, 0x69,
  0x67, 0x68, 0x74, 0x5f, 0x6c, 0x69, 0x6d, 0x69, 0x74, 0x00, 0x00, 0x00,
  0x00, 0x08, 0x00, 0x0a, 0x69, 0x6e, 0x66, 0x69, 0x6e, 0x69, 0x62, 0x75,
  0x72, 0x6e, 0x00, 0x1f, 0x23, 0x6d, 0x69, 0x6e, 0x65, 0x63, 0x72, 0x61,
  0x66, 0x74, 0x3a, 0x69, 0x6e, 0x66, 0x69, 0x6e, 0x69, 0x62, 0x75, 0x72,
  0x6e, 0x5f, 0x6f, 0x76, 0x65, 0x72, 0x77, 0x6f, 0x72, 0x6c, 0x64, 0x01,
  0x00, 0x14, 0x72, 0x65, 0x73, 0x70, 0x61, 0x77, 0x6e, 0x5f, 0x61, 0x6e,
  0x63, 0x68, 0x6f, 0x72, 0x5f, 0x77, 0x6f, 0x72, 0x6b, 0x73, 0x00, 0x01,
  0x00, 0x0c, 0x68, 0x61, 0x73, 0x5f, 0x73, 0x6b, 0x79, 0x6c, 0x69, 0x67,
  0x68, 0x74, 0x01, 0x01, 0x00, 0x09, 0x62, 0x65, 0x64, 0x5f, 0x77, 0x6f,
  0x72, 0x6b, 0x73, 0x01, 0x08, 0x00, 0x07, 0x65, 0x66, 0x66, 0x65, 0x63,
  0x74, 0x73, 0x00, 0x13, 0x6d, 0x69, 0x6e, 0x65, 0x63, 0x72, 0x61, 0x66,
  0x74, 0x3a, 0x6f, 0x76, 0x65, 0x72, 0x77, 0x6f, 0x72, 0x6c, 0x64, 0x01,
  0x00, 0x09, 0x68, 0x61, 0x73, 0x5f, 0x72, 0x61, 0x69, 0x64, 0x73, 0x01,
  0x03, 0x00, 0x0e, 0x6c, 0x6f, 0x67, 0x69, 0x63, 0x61, 0x6c, 0x5f, 0x68,
  0x65, 0x69, 0x67, 0x68, 0x74, 0x00, 0x00, 0x01, 0x80, 0x06, 0x00, 0x10,
  0x63, 0x6f, 0x6f, 0x72, 0x64, 0x69, 0x6e, 0x61, 0x74, 0x65, 0x5f, 0x73,
  0x63, 0x61, 0x6c, 0x65, 0x3f, 0xf0, 0x00, 0x00, 0x00, 0x00, 0x00, 0x00,
  0x0a, 0x00, 0x19, 0x6d, 0x6f, 0x6e, 0x73, 0x74, 0x65, 0x72, 0x5f, 0x73,
  0x70, 0x61, 0x77, 0x6e, 0x5f, 0x6c, 0x69, 0x67, 0x68, 0x74, 0x5f, 0x6c,
  0x65, 0x76, 0x65, 0x6c, 0x08, 0x00, 0x04, 0x74, 0x79, 0x70, 0x65, 0x00,
  0x11, 0x6d, 0x69, 0x6e, 0x65, 0x63, 0x72, 0x61, 0x66, 0x74, 0x3a, 0x75,
  0x6e, 0x69, 0x66, 0x6f, 0x72, 0x6d, 0x0a, 0x00, 0x05, 0x76, 0x61, 0x6c,
  0x75, 0x65, 0x03, 0x00, 0x0d, 0x6d, 0x69, 0x6e, 0x5f, 0x69, 0x6e, 0x63,
  0x6c, 0x75, 0x73, 0x69, 0x76, 0x65, 0x00, 0x00, 0x00, 0x00, 0x03, 0x00,
  0x0d, 0x6d, 0x61, 0x78, 0x5f, 0x69, 0x6e, 0x63, 0x6c, 0x75, 0x73, 0x69,
  0x76, 0x65, 0x00, 0x00, 0x00, 0x07, 0x00, 0x00, 0x03, 0x00, 0x05, 0x6d,
  0x69, 0x6e, 0x5f, 0x79, 0xff, 0xff, 0xff, 0xc0, 0x01, 0x00, 0x09, 0x75,
  0x6c, 0x74, 0x72, 0x61, 0x77, 0x61, 0x72, 0x6d, 0x00, 0x01, 0x00, 0x0b,
  0x68, 0x61, 0x73, 0x5f, 0x63, 0x65, 0x69, 0x6c, 0x69, 0x6e, 0x67, 0x00,
  0x03, 0x00, 0x06, 0x68, 0x65, 0x69, 0x67, 0x68, 0x74, 0x00, 0x00, 0x01,
  0x80, 0x00,
};
Blob dim_119_760() { return {k_dim_119_760, sizeof(k_dim_119_760)}; }

static const uint8_t k_j119_7612[] = {
  0x0a, 0x0a, 0x00, 0x18, 0x6d, 0x69, 0x6e, 0x65, 0x63, 0x72, 0x61, 0x66,
  0x74, 0x3a, 0x64, 0x69, 0x6d, 0x65, 0x6e, 0x73, 0x69, 0x6f, 0x6e, 0x5f,
  0x74, 0x79, 0x70, 0x65, 0x08, 0x00, 0x04, 0x74, 0x79, 0x70, 0x65, 0x00,
  0x18, 0x6d, 0x69, 0x6e, 0x65, 0x63, 0x72, 0x61, 0x66, 0x74, 0x3a, 0x64,
  0x69, 0x6d, 0x65, 0x6e, 0x73, 0x69, 0x6f, 0x6e, 0x5f, 0x74, 0x79, 0x70,
  0x65, 0x09, 0x00, 0x05, 0x76, 0x61, 0x6c, 0x75, 0x65, 0x0a, 0x00, 0x00,
  0x00, 0x01, 0x08, 0x00, 0x04, 0x6e, 0x61, 0x6d, 0x65, 0x00, 0x13, 0x6d,
  0x69, 0x6e, 0x65, 0x63, 0x72, 0x61, 0x66, 0x74, 0x3a, 0x6f, 0x76, 0x65,
  0x72, 0x77, 0x6f, 0x72, 0x6c, 0x64, 0x03, 0x00, 0x02, 0x69, 0x64, 0x00,
  0x00, 0x00, 0x00, 0x0a, 0x00, 0x07, 0x65, 0x6c, 0x65, 0x6d, 0x65, 0x6e,
  0x74, 0x0a, 0x00, 0x19, 0x6d, 0x6f, 0x6e, 0x73, 0x74, 0x65, 0x72, 0x5f,
  0x73, 0x70, 0x61, 0x77, 0x6e, 0x5f, 0x6c, 0x69, 0x67, 0x68, 0x74, 0x5f,
  0x6c, 0x65, 0x76, 0x65, 0x6c, 0x08, 0x00, 0x04, 0x74, 0x79, 0x70, 0x65,
  0x00, 0x11, 0x6d, 0x69, 0x6e, 0x65, 0x63, 0x72, 0x61, 0x66, 0x74, 0x3a,
  0x75, 0x6e, 0x69, 0x66, 0x6f, 0x72, 0x6d, 0x0a, 0x00, 0x05, 0x76, 0x61,
  0x6c, 0x75, 0x65, 0x03, 0x00, 0x0d, 0x6d, 0x61, 0x78, 0x5f, 0x69, 0x6e,
  0x63, 0x6c, 0x75, 0x73, 0x69, 0x76, 0x65, 0x00, 0x00, 0x00, 0x07, 0x03,
  0x00, 0x0d, 0x6d, 0x69, 0x6e, 0x5f, 0x69, 0x6e, 0x63, 0x6c, 0x75, 0x73,
  0x69, 0x76, 0x65, 0x00, 0x00, 0x00, 0x00, 0x00, 0x00, 0x08, 0x00, 0x0a,
  0x69, 0x6e, 0x66, 0x69, 0x6e, 0x69, 0x62, 0x75, 0x72, 0x6e, 0x00, 0x1f,
  0x23, 0x6d, 0x69, 0x6e, 0x65, 0x63, 0x72, 0x61, 0x66, 0x74, 0x3a, 0x69,
  0x6e, 0x66, 0x69, 0x6e, 0x69, 0x62, 0x75, 0x72, 0x6e, 0x5f, 0x6f, 0x76,
  0x65, 0x72, 0x77, 0x6f, 0x72, 0x6c, 0x64, 0x08, 0x00, 0x07, 0x65, 0x66,
  0x66, 0x65, 0x63, 0x74, 0x73, 0x00, 0x13, 0x6d, 0x69, 0x6e, 0x65, 0x63,
  0x72, 0x61, 0x66, 0x74, 0x3a, 0x6f, 0x76, 0x65, 0x72, 0x77, 0x6f, 0x72,
  0x6c, 0x64, 0x01, 0x00, 0x09, 0x75, 0x6c, 0x74, 0x72, 0x61, 0x77, 0x61,
  0x72, 0x6d, 0x00, 0x03, 0x00, 0x06, 0x68, 0x65, 0x69, 0x67, 0x68, 0x74,
  0x00, 0x00, 0x01, 0x80, 0x03, 0x00, 0x0e, 0x6c, 0x6f, 0x67, 0x69, 0x63,
  0x61, 0x6c, 0x5f, 0x68, 0x65, 0x69, 0x67, 0x68, 0x74, 0x00, 0x00, 0x01,
  0x80, 0x01, 0x00, 0x07, 0x6e, 0x61, 0x74, 0x75, 0x72, 0x61, 0x6c, 0x01,
  0x03, 0x00, 0x05, 0x6d, 0x69, 0x6e, 0x5f, 0x79, 0xff, 0xff, 0xff, 0xc0,
  0x01, 0x00, 0x09, 0x62, 0x65, 0x64, 0x5f, 0x77, 0x6f, 0x72, 0x6b, 0x73,
  0x01, 0x06, 0x00, 0x10, 0x63, 0x6f, 0x6f, 0x72, 0x64, 0x69, 0x6e, 0x61,
  0x74, 0x65, 0x5f, 0x73, 0x63, 0x61, 0x6c, 0x65, 0x3f, 0xf0, 0x00, 0x00,
  0x00, 0x00, 0x00, 0x00, 0x01, 0x00, 0x0b, 0x70, 0x69, 0x67, 0x6c, 0x69,
  0x6e, 0x5f, 0x73, 0x61, 0x66, 0x65, 0x00, 0x01, 0x00, 0x0b, 0x68, 0x61,
  0x73, 0x5f, 0x63, 0x65, 0x69, 0x6c, 0x69, 0x6e, 0x67, 0x00, 0x01, 0x00,
  0x0c, 0x68, 0x61, 0x73, 0x5f, 0x73, 0x6b, 0x79, 0x6c, 0x69, 0x67, 0x68,
  0x74, 0x01, 0x05, 0x00, 0x0d, 0x61, 0x6d, 0x62, 0x69, 0x65, 0x6e, 0x74,
  0x5f, 0x6c, 0x69, 0x67, 0x68, 0x74, 0x00, 0x00, 0x00, 0x00, 0x03, 0x00,
  0x1f, 0x6d, 0x6f, 0x6e, 0x73, 0x74, 0x65, 0x72, 0x5f, 0x73, 0x70, 0x61,
  0x77, 0x6e, 0x5f, 0x62, 0x6c, 0x6f, 0x63, 0x6b, 0x5f, 0x6c, 0x69, 0x67,
  0x68, 0x74, 0x5f, 0x6c, 0x69, 0x6d, 0x69, 0x74, 0x00, 0x00, 0x00, 0x00,
  0x01, 0x00, 0x09, 0x68, 0x61, 0x73, 0x5f, 0x72, 0x61, 0x69, 0x64, 0x73,
  0x01, 0x01, 0x00, 0x14, 0x72, 0x65, 0x73, 0x70, 0x61, 0x77, 0x6e, 0x5f,
  0x61, 0x6e, 0x63, 0x68, 0x6f, 0x72, 0x5f, 0x77, 0x6f, 0x72, 0x6b, 0x73,
  0x00, 0x00, 0x00, 0x00, 0x0a, 0x00, 0x18, 0x6d, 0x69, 0x6e, 0x65, 0x63,
  0x72, 0x61, 0x66, 0x74, 0x3a, 0x77, 0x6f, 0x72, 0x6c, 0x64, 0x67, 0x65,
  0x6e, 0x2f, 0x62, 0x69, 0x6f, 0x6d, 0x65, 0x08, 0x00, 0x04, 0x74, 0x79,
  0x70, 0x65, 0x00, 0x18, 0x6d, 0x69, 0x6e, 0x65, 0x63, 0x72, 0x61, 0x66,
  0x74, 0x3a, 0x77, 0x6f, 0x72, 0x6c, 0x64, 0x67, 0x65, 0x6e, 0x2f, 0x62,
  0x69, 0x6f, 0x6d, 0x65, 0x09, 0x00, 0x05, 0x76, 0x61, 0x6c, 0x75, 0x65,
  0x0a, 0x00, 0x00, 0x00, 0x01, 0x08, 0x00, 0x04, 0x6e, 0x61, 0x6d, 0x65,
  0x00, 0x10, 0x6d, 0x69, 0x6e, 0x65, 0x63, 0x72, 0x61, 0x66, 0x74, 0x3a,
  0x70, 0x6c, 0x61, 0x69, 0x6e, 0x73, 0x03, 0x00, 0x02, 0x69, 0x64, 0x00,
  0x00, 0x00, 0x26, 0x0a, 0x00, 0x07, 0x65, 0x6c, 0x65, 0x6d, 0x65, 0x6e,
  0x74, 0x05, 0x00, 0x0b, 0x74, 0x65, 0x6d, 0x70, 0x65, 0x72, 0x61, 0x74,
  0x75, 0x72, 0x65, 0x3f, 0x4c, 0xcc, 0xcd, 0x05, 0x00, 0x08, 0x64, 0x6f,
  0x77, 0x6e, 0x66, 0x61, 0x6c, 0x6c, 0x3e, 0xcc, 0xcc, 0xcd, 0x0a, 0x00,
  0x07, 0x65, 0x66, 0x66, 0x65, 0x63, 0x74, 0x73, 0x03, 0x00, 0x0f, 0x77,
  0x61, 0x74, 0x65, 0x72, 0x5f, 0x66, 0x6f, 0x67, 0x5f, 0x63, 0x6f, 0x6c,
  0x6f, 0x72, 0x00, 0x05, 0x05, 0x33, 0x03, 0x00, 0x0b, 0x77, 0x61, 0x74,
  0x65, 0x72, 0x5f, 0x63, 0x6f, 0x6c, 0x6f, 0x72, 0x00, 0x3f, 0x76, 0xe4,
  0x03, 0x00, 0x09, 0x66, 0x6f, 0x67, 0x5f, 0x63, 0x6f, 0x6c, 0x6f, 0x72,
  0x00, 0xc0, 0xd8, 0xff, 0x0a, 0x00, 0x0a, 0x6d, 0x6f, 0x6f, 0x64, 0x5f,
  0x73, 0x6f, 0x75, 0x6e, 0x64, 0x06, 0x00, 0x06, 0x6f, 0x66, 0x66, 0x73,
  0x65, 0x74, 0x40, 0x00, 0x00, 0x00, 0x00, 0x00, 0x00, 0x00, 0x08, 0x00,
  0x05, 0x73, 0x6f, 0x75, 0x6e, 0x64, 0x00, 0x16, 0x6d, 0x69, 0x6e, 0x65,
  0x63, 0x72, 0x61, 0x66, 0x74, 0x3a, 0x61, 0x6d, 0x62, 0x69, 0x65, 0x6e,
  0x74, 0x2e, 0x63, 0x61, 0x76, 0x65, 0x03, 0x00, 0x13, 0x62, 0x6c, 0x6f,
  0x63, 0x6b, 0x5f, 0x73, 0x65, 0x61, 0x72, 0x63, 0x68, 0x5f, 0x65, 0x78,
  0x74, 0x65, 0x6e, 0x74, 0x00, 0x00, 0x00, 0x08, 0x03, 0x00, 0x0a, 0x74,
  0x69, 0x63, 0x6b, 0x5f, 0x64, 0x65, 0x6c, 0x61, 0x79, 0x00, 0x00, 0x17,
  0x70, 0x00, 0x03, 0x00, 0x09, 0x73, 0x6b, 0x79, 0x5f, 0x63, 0x6f, 0x6c,
  0x6f, 0x72, 0x00, 0x78, 0xa7, 0xff, 0x00, 0x01, 0x00, 0x11, 0x68, 0x61,
  0x73, 0x5f, 0x70, 0x72, 0x65, 0x63, 0x69, 0x70, 0x69, 0x74, 0x61, 0x74,
  0x69, 0x6f, 0x6e, 0x01, 0x00, 0x00, 0x00, 0x0a, 0x00, 0x13, 0x6d, 0x69,
  0x6e, 0x65, 0x63, 0x72, 0x61, 0x66, 0x74, 0x3a, 0x63, 0x68, 0x61, 0x74,
  0x5f, 0x74, 0x79, 0x70, 0x65, 0x08, 0x00, 0x04, 0x74, 0x79, 0x70, 0x65,
  0x00, 0x13, 0x6d, 0x69, 0x6e, 0x65, 0x63, 0x72, 0x61, 0x66, 0x74, 0x3a,
  0x63, 0x68, 0x61, 0x74, 0x5f, 0x74, 0x79, 0x70, 0x65, 0x09, 0x00, 0x05,
  0x76, 0x61, 0x6c, 0x75, 0x65, 0x0a, 0x00, 0x00, 0x00, 0x08, 0x08, 0x00,
  0x04, 0x6e, 0x61, 0x6d, 0x65, 0x00, 0x0e, 0x6d, 0x69, 0x6e, 0x65, 0x63,
  0x72, 0x61, 0x66, 0x74, 0x3a, 0x63, 0x68, 0x61, 0x74, 0x03, 0x00, 0x02,
  0x69, 0x64, 0x00, 0x00, 0x00, 0x00, 0x0a, 0x00, 0x07, 0x65, 0x6c, 0x65,
  0x6d, 0x65, 0x6e, 0x74, 0x0a, 0x00, 0x04, 0x63, 0x68, 0x61, 0x74, 0x08,
  0x00, 0x0f, 0x74, 0x72, 0x61, 0x6e, 0x73, 0x6c, 0x61, 0x74, 0x69, 0x6f,
  0x6e, 0x5f, 0x6b, 0x65, 0x79, 0x00, 0x0e, 0x63, 0x68, 0x61, 0x74, 0x2e,
  0x74, 0x79, 0x70, 0x65, 0x2e, 0x74, 0x65, 0x78, 0x74, 0x09, 0x00, 0x0a,
  0x70, 0x61, 0x72, 0x61, 0x6d, 0x65, 0x74, 0x65, 0x72, 0x73, 0x08, 0x00,
  0x00, 0x00, 0x02, 0x00, 0x06, 0x73, 0x65, 0x6e, 0x64, 0x65, 0x72, 0x00,
  0x07, 0x63, 0x6f, 0x6e, 0x74, 0x65, 0x6e, 0x74, 0x00, 0x0a, 0x00, 0x09,
  0x6e, 0x61, 0x72, 0x72, 0x61, 0x74, 0x69, 0x6f, 0x6e, 0x08, 0x00, 0x0f,
  0x74, 0x72, 0x61, 0x6e, 0x73, 0x6c, 0x61, 0x74, 0x69, 0x6f, 0x6e, 0x5f,
  0x6b, 0x65, 0x79, 0x00, 0x16, 0x63, 0x68, 0x61, 0x74, 0x2e, 0x74, 0x79,
  0x70, 0x65, 0x2e, 0x74, 0x65, 0x78, 0x74, 0x2e, 0x6e, 0x61, 0x72, 0x72,
  0x61, 0x74, 0x65, 0x09, 0x00, 0x0a, 0x70, 0x61, 0x72, 0x61, 0x6d, 0x65,
  0x74, 0x65, 0x72, 0x73, 0x08, 0x00, 0x00, 0x00, 0x02, 0x00, 0x06, 0x73,
  0x65, 0x6e, 0x64, 0x65, 0x72, 0x00, 0x07, 0x63, 0x6f, 0x6e, 0x74, 0x65,
  0x6e, 0x74, 0x00, 0x00, 0x00, 0x08, 0x00, 0x04, 0x6e, 0x61, 0x6d, 0x65,
  0x00, 0x17, 0x6d, 0x69, 0x6e, 0x65, 0x63, 0x72, 0x61, 0x66, 0x74, 0x3a,
  0x65, 0x6d, 0x6f, 0x74, 0x65, 0x5f, 0x63, 0x6f, 0x6d, 0x6d, 0x61, 0x6e,
  0x64, 0x03, 0x00, 0x02, 0x69, 0x64, 0x00, 0x00, 0x00, 0x01, 0x0a, 0x00,
  0x07, 0x65, 0x6c, 0x65, 0x6d, 0x65, 0x6e, 0x74, 0x0a, 0x00, 0x04, 0x63,
  0x68, 0x61, 0x74, 0x08, 0x00, 0x0f, 0x74, 0x72, 0x61, 0x6e, 0x73, 0x6c,
  0x61, 0x74, 0x69, 0x6f, 0x6e, 0x5f, 0x6b, 0x65, 0x79, 0x00, 0x0f, 0x63,
  0x68, 0x61, 0x74, 0x2e, 0x74, 0x79, 0x70, 0x65, 0x2e, 0x65, 0x6d, 0x6f,
  0x74, 0x65, 0x09, 0x00, 0x0a, 0x70, 0x61, 0x72, 0x61, 0x6d, 0x65, 0x74,
  0x65, 0x72, 0x73, 0x08, 0x00, 0x00, 0x00, 0x02, 0x00, 0x06, 0x73, 0x65,
  0x6e, 0x64, 0x65, 0x72, 0x00, 0x07, 0x63, 0x6f, 0x6e, 0x74, 0x65, 0x6e,
  0x74, 0x00, 0x0a, 0x00, 0x09, 0x6e, 0x61, 0x72, 0x72, 0x61, 0x74, 0x69,
  0x6f, 0x6e, 0x08, 0x00, 0x0f, 0x74, 0x72, 0x61, 0x6e, 0x73, 0x6c, 0x61,
  0x74, 0x69, 0x6f, 0x6e, 0x5f, 0x6b, 0x65, 0x79, 0x00, 0x0f, 0x63, 0x68,
  0x61, 0x74, 0x2e, 0x74, 0x79, 0x70, 0x65, 0x2e, 0x65, 0x6d, 0x6f, 0x74,
  0x65, 0x09, 0x00, 0x0a, 0x70, 0x61, 0x72, 0x61, 0x6d, 0x65, 0x74, 0x65,
  0x72, 0x73, 0x08, 0x00, 0x00, 0x00, 0x02, 0x00, 0x06, 0x73, 0x65, 0x6e,
  0x64, 0x65, 0x72, 0x00, 0x07, 0x63, 0x6f, 0x6e, 0x74, 0x65, 0x6e, 0x74,
  0x00, 0x00, 0x00, 0x08, 0x00, 0x04, 0x6e, 0x61, 0x6d, 0x65, 0x00, 0x1e,
  0x6d, 0x69, 0x6e, 0x65, 0x63, 0x72, 0x61, 0x66, 0x74, 0x3a, 0x6d, 0x73,
  0x67, 0x5f, 0x63, 0x6f, 0x6d, 0x6d, 0x61, 0x6e, 0x64, 0x5f, 0x69, 0x6e,
  0x63, 0x6f, 0x6d, 0x69, 0x6e, 0x67, 0x03, 0x00, 0x02, 0x69, 0x64, 0x00,
  0x00, 0x00, 0x02, 0x0a, 0x00, 0x07, 0x65, 0x6c, 0x65, 0x6d, 0x65, 0x6e,
  0x74, 0x0a, 0x00, 0x04, 0x63, 0x68, 0x61, 0x74, 0x08, 0x00, 0x0f, 0x74,
  0x72, 0x61, 0x6e, 0x73, 0x6c, 0x61, 0x74, 0x69, 0x6f, 0x6e, 0x5f, 0x6b,
  0x65, 0x79, 0x00, 0x21, 0x63, 0x6f, 0x6d, 0x6d, 0x61, 0x6e, 0x64, 0x73,
  0x2e, 0x6d, 0x65, 0x73, 0x73, 0x61, 0x67, 0x65, 0x2e, 0x64, 0x69, 0x73,
  0x70, 0x6c, 0x61, 0x79, 0x2e, 0x69, 0x6e, 0x63, 0x6f, 0x6d, 0x69, 0x6e,
  0x67, 0x09, 0x00, 0x0a, 0x70, 0x61, 0x72, 0x61, 0x6d, 0x65, 0x74, 0x65,
  0x72, 0x73, 0x08, 0x00, 0x00, 0x00, 0x02, 0x00, 0x06, 0x73, 0x65, 0x6e,
  0x64, 0x65, 0x72, 0x00, 0x07, 0x63, 0x6f, 0x6e, 0x74, 0x65, 0x6e, 0x74,
  0x0a, 0x00, 0x05, 0x73, 0x74, 0x79, 0x6c, 0x65, 0x01, 0x00, 0x06, 0x69,
  0x74, 0x61, 0x6c, 0x69, 0x63, 0x01, 0x08, 0x00, 0x05, 0x63, 0x6f, 0x6c,
  0x6f, 0x72, 0x00, 0x04, 0x67, 0x72, 0x61, 0x79, 0x00, 0x00, 0x0a, 0x00,
  0x09, 0x6e, 0x61, 0x72, 0x72, 0x61, 0x74, 0x69, 0x6f, 0x6e, 0x08, 0x00,
  0x0f, 0x74, 0x72, 0x61, 0x6e, 0x73, 0x6c, 0x61, 0x74, 0x69, 0x6f, 0x6e,
  0x5f, 0x6b, 0x65, 0x79, 0x00, 0x16, 0x63, 0x68, 0x61, 0x74, 0x2e, 0x74,
  0x79, 0x70, 0x65, 0x2e, 0x74, 0x65, 0x78, 0x74, 0x2e, 0x6e, 0x61, 0x72,
  0x72, 0x61, 0x74, 0x65, 0x09, 0x00, 0x0a, 0x70, 0x61, 0x72, 0x61, 0x6d,
  0x65, 0x74, 0x65, 0x72, 0x73, 0x08, 0x00, 0x00, 0x00, 0x02, 0x00, 0x06,
  0x73, 0x65, 0x6e, 0x64, 0x65, 0x72, 0x00, 0x07, 0x63, 0x6f, 0x6e, 0x74,
  0x65, 0x6e, 0x74, 0x00, 0x00, 0x00, 0x08, 0x00, 0x04, 0x6e, 0x61, 0x6d,
  0x65, 0x00, 0x1e, 0x6d, 0x69, 0x6e, 0x65, 0x63, 0x72, 0x61, 0x66, 0x74,
  0x3a, 0x6d, 0x73, 0x67, 0x5f, 0x63, 0x6f, 0x6d, 0x6d, 0x61, 0x6e, 0x64,
  0x5f, 0x6f, 0x75, 0x74, 0x67, 0x6f, 0x69, 0x6e, 0x67, 0x03, 0x00, 0x02,
  0x69, 0x64, 0x00, 0x00, 0x00, 0x03, 0x0a, 0x00, 0x07, 0x65, 0x6c, 0x65,
  0x6d, 0x65, 0x6e, 0x74, 0x0a, 0x00, 0x04, 0x63, 0x68, 0x61, 0x74, 0x08,
  0x00, 0x0f, 0x74, 0x72, 0x61, 0x6e, 0x73, 0x6c, 0x61, 0x74, 0x69, 0x6f,
  0x6e, 0x5f, 0x6b, 0x65, 0x79, 0x00, 0x21, 0x63, 0x6f, 0x6d, 0x6d, 0x61,
  0x6e, 0x64, 0x73, 0x2e, 0x6d, 0x65, 0x73, 0x73, 0x61, 0x67, 0x65, 0x2e,
  0x64, 0x69, 0x73, 0x70, 0x6c, 0x61, 0x79, 0x2e, 0x6f, 0x75, 0x74, 0x67,
  0x6f, 0x69, 0x6e, 0x67, 0x09, 0x00, 0x0a, 0x70, 0x61, 0x72, 0x61, 0x6d,
  0x65, 0x74, 0x65, 0x72, 0x73, 0x08, 0x00, 0x00, 0x00, 0x02, 0x00, 0x06,
  0x74, 0x61, 0x72, 0x67, 0x65, 0x74, 0x00, 0x07, 0x63, 0x6f, 0x6e, 0x74,
  0x65, 0x6e, 0x74, 0x0a, 0x00, 0x05, 0x73, 0x74, 0x79, 0x6c, 0x65, 0x01,
  0x00, 0x06, 0x69, 0x74, 0x61, 0x6c, 0x69, 0x63, 0x01, 0x08, 0x00, 0x05,
  0x63, 0x6f, 0x6c, 0x6f, 0x72, 0x00, 0x04, 0x67, 0x72, 0x61, 0x79, 0x00,
  0x00, 0x0a, 0x00, 0x09, 0x6e, 0x61, 0x72, 0x72, 0x61, 0x74, 0x69, 0x6f,
  0x6e, 0x08, 0x00, 0x0f, 0x74, 0x72, 0x61, 0x6e, 0x73, 0x6c, 0x61, 0x74,
  0x69, 0x6f, 0x6e, 0x5f, 0x6b, 0x65, 0x79, 0x00, 0x16, 0x63, 0x68, 0x61,
  0x74, 0x2e, 0x74, 0x79, 0x70, 0x65, 0x2e, 0x74, 0x65, 0x78, 0x74, 0x2e,
  0x6e, 0x61, 0x72, 0x72, 0x61, 0x74, 0x65, 0x09, 0x00, 0x0a, 0x70, 0x61,
  0x72, 0x61, 0x6d, 0x65, 0x74, 0x65, 0x72, 0x73, 0x08, 0x00, 0x00, 0x00,
  0x02, 0x00, 0x06, 0x73, 0x65, 0x6e, 0x64, 0x65, 0x72, 0x00, 0x07, 0x63,
  0x6f, 0x6e, 0x74, 0x65, 0x6e, 0x74, 0x00, 0x00, 0x00, 0x08, 0x00, 0x04,
  0x6e, 0x61, 0x6d, 0x65, 0x00, 0x15, 0x6d, 0x69, 0x6e, 0x65, 0x63, 0x72,
  0x61, 0x66, 0x74, 0x3a, 0x73, 0x61, 0x79, 0x5f, 0x63, 0x6f, 0x6d, 0x6d,
  0x61, 0x6e, 0x64, 0x03, 0x00, 0x02, 0x69, 0x64, 0x00, 0x00, 0x00, 0x04,
  0x0a, 0x00, 0x07, 0x65, 0x6c, 0x65, 0x6d, 0x65, 0x6e, 0x74, 0x0a, 0x00,
  0x04, 0x63, 0x68, 0x61, 0x74, 0x08, 0x00, 0x0f, 0x74, 0x72, 0x61, 0x6e,
  0x73, 0x6c, 0x61, 0x74, 0x69, 0x6f, 0x6e, 0x5f, 0x6b, 0x65, 0x79, 0x00,
  0x16, 0x63, 0x68, 0x61, 0x74, 0x2e, 0x74, 0x79, 0x70, 0x65, 0x2e, 0x61,
  0x6e, 0x6e, 0x6f, 0x75, 0x6e, 0x63, 0x65, 0x6d, 0x65, 0x6e, 0x74, 0x09,
  0x00, 0x0a, 0x70, 0x61, 0x72, 0x61, 0x6d, 0x65, 0x74, 0x65, 0x72, 0x73,
  0x08, 0x00, 0x00, 0x00, 0x02, 0x00, 0x06, 0x73, 0x65, 0x6e, 0x64, 0x65,
  0x72, 0x00, 0x07, 0x63, 0x6f, 0x6e, 0x74, 0x65, 0x6e, 0x74, 0x00, 0x0a,
  0x00, 0x09, 0x6e, 0x61, 0x72, 0x72, 0x61, 0x74, 0x69, 0x6f, 0x6e, 0x08,
  0x00, 0x0f, 0x74, 0x72, 0x61, 0x6e, 0x73, 0x6c, 0x61, 0x74, 0x69, 0x6f,
  0x6e, 0x5f, 0x6b, 0x65, 0x79, 0x00, 0x16, 0x63, 0x68, 0x61, 0x74, 0x2e,
  0x74, 0x79, 0x70, 0x65, 0x2e, 0x74, 0x65, 0x78, 0x74, 0x2e, 0x6e, 0x61,
  0x72, 0x72, 0x61, 0x74, 0x65, 0x09, 0x00, 0x0a, 0x70, 0x61, 0x72, 0x61,
  0x6d, 0x65, 0x74, 0x65, 0x72, 0x73, 0x08, 0x00, 0x00, 0x00, 0x02, 0x00,
  0x06, 0x73, 0x65, 0x6e, 0x64, 0x65, 0x72, 0x00, 0x07, 0x63, 0x6f, 0x6e,
  0x74, 0x65, 0x6e, 0x74, 0x00, 0x00, 0x00, 0x08, 0x00, 0x04, 0x6e, 0x61,
  0x6d, 0x65, 0x00, 0x23, 0x6d, 0x69, 0x6e, 0x65, 0x63, 0x72, 0x61, 0x66,
  0x74, 0x3a, 0x74, 0x65, 0x61, 0x6d, 0x5f, 0x6d, 0x73, 0x67, 0x5f, 0x63,
  0x6f, 0x6d, 0x6d, 0x61, 0x6e, 0x64, 0x5f, 0x69, 0x6e, 0x63, 0x6f, 0x6d,
  0x69, 0x6e, 0x67, 0x03, 0x00, 0x02, 0x69, 0x64, 0x00, 0x00, 0x00, 0x05,
  0x0a, 0x00, 0x07, 0x65, 0x6c, 0x65, 0x6d, 0x65, 0x6e, 0x74, 0x0a, 0x00,
  0x04, 0x63, 0x68, 0x61, 0x74, 0x08, 0x00, 0x0f, 0x74, 0x72, 0x61, 0x6e,
  0x73, 0x6c, 0x61, 0x74, 0x69, 0x6f, 0x6e, 0x5f, 0x6b, 0x65, 0x79, 0x00,
  0x13, 0x63, 0x68, 0x61, 0x74, 0x2e, 0x74, 0x79, 0x70, 0x65, 0x2e, 0x74,
  0x65, 0x61, 0x6d, 0x2e, 0x74, 0x65, 0x78, 0x74, 0x09, 0x00, 0x0a, 0x70,
  0x61, 0x72, 0x61, 0x6d, 0x65, 0x74, 0x65, 0x72, 0x73, 0x08, 0x00, 0x00,
  0x00, 0x03, 0x00, 0x06, 0x74, 0x61, 0x72, 0x67, 0x65, 0x74, 0x00, 0x06,
  0x73, 0x65, 0x6e, 0x64, 0x65, 0x72, 0x00, 0x07, 0x63, 0x6f, 0x6e, 0x74,
  0x65, 0x6e, 0x74, 0x00, 0x0a, 0x00, 0x09, 0x6e, 0x61, 0x72, 0x72, 0x61,
  0x74, 0x69, 0x6f, 0x6e, 0x08, 0x00, 0x0f, 0x74, 0x72, 0x61, 0x6e, 0x73,
  0x6c, 0x61, 0x74, 0x69, 0x6f, 0x6e, 0x5f, 0x6b, 0x65, 0x79, 0x00, 0x16,
  0x63, 0x68, 0x61, 0x74, 0x2e, 0x74, 0x79, 0x70, 0x65, 0x2e, 0x74, 0x65,
  0x78, 0x74, 0x2e, 0x6e, 0x61, 0x72, 0x72, 0x61, 0x74, 0x65, 0x09, 0x00,
  0x0a, 0x70, 0x61, 0x72, 0x61, 0x6d, 0x65, 0x74, 0x65, 0x72, 0x73, 0x08,
  0x00, 0x00, 0x00, 0x02, 0x00, 0x06, 0x73, 0x65, 0x6e, 0x64, 0x65, 0x72,
  0x00, 0x07, 0x63, 0x6f, 0x6e, 0x74, 0x65, 0x6e, 0x74, 0x00, 0x00, 0x00,
  0x08, 0x00, 0x04, 0x6e, 0x61, 0x6d, 0x65, 0x00, 0x23, 0x6d, 0x69, 0x6e,
  0x65, 0x63, 0x72, 0x61, 0x66, 0x74, 0x3a, 0x74, 0x65, 0x61, 0x6d, 0x5f,
  0x6d, 0x73, 0x67, 0x5f, 0x63, 0x6f, 0x6d, 0x6d, 0x61, 0x6e, 0x64, 0x5f,
  0x6f, 0x75, 0x74, 0x67, 0x6f, 0x69, 0x6e, 0x67, 0x03, 0x00, 0x02, 0x69,
  0x64, 0x00, 0x00, 0x00, 0x06, 0x0a, 0x00, 0x07, 0x65, 0x6c, 0x65, 0x6d,
  0x65, 0x6e, 0x74, 0x0a, 0x00, 0x04, 0x63, 0x68, 0x61, 0x74, 0x08, 0x00,
  0x0f, 0x74, 0x72, 0x61, 0x6e, 0x73, 0x6c, 0x61, 0x74, 0x69, 0x6f, 0x6e,
  0x5f, 0x6b, 0x65, 0x79, 0x00, 0x13, 0x63, 0x68, 0x61, 0x74, 0x2e, 0x74,
  0x79, 0x70, 0x65, 0x2e, 0x74, 0x65, 0x61, 0x6d, 0x2e, 0x73, 0x65, 0x6e,
  0x74, 0x09, 0x00, 0x0a, 0x70, 0x61, 0x72, 0x61, 0x6d, 0x65, 0x74, 0x65,
  0x72, 0x73, 0x08, 0x00, 0x00, 0x00, 0x03, 0x00, 0x06, 0x74, 0x61, 0x72,
  0x67, 0x65, 0x74, 0x00, 0x06, 0x73, 0x65, 0x6e, 0x64, 0x65, 0x72, 0x00,
  0x07, 0x63, 0x6f, 0x6e, 0x74, 0x65, 0x6e, 0x74, 0x00, 0x0a, 0x00, 0x09,
  0x6e, 0x61, 0x72, 0x72, 0x61, 0x74, 0x69, 0x6f, 0x6e, 0x08, 0x00, 0x0f,
  0x74, 0x72, 0x61, 0x6e, 0x73, 0x6c, 0x61, 0x74, 0x69, 0x6f, 0x6e, 0x5f,
  0x6b, 0x65, 0x79, 0x00, 0x16, 0x63, 0x68, 0x61, 0x74, 0x2e, 0x74, 0x79,
  0x70, 0x65, 0x2e, 0x74, 0x65, 0x78, 0x74, 0x2e, 0x6e, 0x61, 0x72, 0x72,
  0x61, 0x74, 0x65, 0x09, 0x00, 0x0a, 0x70, 0x61, 0x72, 0x61, 0x6d, 0x65,
  0x74, 0x65, 0x72, 0x73, 0x08, 0x00, 0x00, 0x00, 0x02, 0x00, 0x06, 0x73,
  0x65, 0x6e, 0x64, 0x65, 0x72, 0x00, 0x07, 0x63, 0x6f, 0x6e, 0x74, 0x65,
  0x6e, 0x74, 0x00, 0x00, 0x00, 0x08, 0x00, 0x04, 0x6e, 0x61, 0x6d, 0x65,
  0x00, 0x0d, 0x6d, 0x69, 0x6e, 0x65, 0x63, 0x72, 0x61, 0x66, 0x74, 0x3a,
  0x72, 0x61, 0x77, 0x03, 0x00, 0x02, 0x69, 0x64, 0x00, 0x00, 0x00, 0x07,
  0x0a, 0x00, 0x07, 0x65, 0x6c, 0x65, 0x6d, 0x65, 0x6e, 0x74, 0x0a, 0x00,
  0x04, 0x63, 0x68, 0x61, 0x74, 0x08, 0x00, 0x0f, 0x74, 0x72, 0x61, 0x6e,
  0x73, 0x6c, 0x61, 0x74, 0x69, 0x6f, 0x6e, 0x5f, 0x6b, 0x65, 0x79, 0x00,
  0x02, 0x25, 0x73, 0x09, 0x00, 0x0a, 0x70, 0x61, 0x72, 0x61, 0x6d, 0x65,
  0x74, 0x65, 0x72, 0x73, 0x08, 0x00, 0x00, 0x00, 0x01, 0x00, 0x07, 0x63,
  0x6f, 0x6e, 0x74, 0x65, 0x6e, 0x74, 0x00, 0x0a, 0x00, 0x09, 0x6e, 0x61,
  0x72, 0x72, 0x61, 0x74, 0x69, 0x6f, 0x6e, 0x08, 0x00, 0x0f, 0x74, 0x72,
  0x61, 0x6e, 0x73, 0x6c, 0x61, 0x74, 0x69, 0x6f, 0x6e, 0x5f, 0x6b, 0x65,
  0x79, 0x00, 0x02, 0x25, 0x73, 0x09, 0x00, 0x0a, 0x70, 0x61, 0x72, 0x61,
  0x6d, 0x65, 0x74, 0x65, 0x72, 0x73, 0x08, 0x00, 0x00, 0x00, 0x01, 0x00,
  0x07, 0x63, 0x6f, 0x6e, 0x74, 0x65, 0x6e, 0x74, 0x00, 0x00, 0x00, 0x00,
  0x0a, 0x00, 0x15, 0x6d, 0x69, 0x6e, 0x65, 0x63, 0x72, 0x61, 0x66, 0x74,
  0x3a, 0x64, 0x61, 0x6d, 0x61, 0x67, 0x65, 0x5f, 0x74, 0x79, 0x70, 0x65,
  0x08, 0x00, 0x04, 0x74, 0x79, 0x70, 0x65, 0x00, 0x15, 0x6d, 0x69, 0x6e,
  0x65, 0x63, 0x72, 0x61, 0x66, 0x74, 0x3a, 0x64, 0x61, 0x6d, 0x61, 0x67,
  0x65, 0x5f, 0x74, 0x79, 0x70, 0x65, 0x09, 0x00, 0x05, 0x76, 0x61, 0x6c,
  0x75, 0x65, 0x0a, 0x00, 0x00, 0x00, 0x2a, 0x08, 0x00, 0x04, 0x6e, 0x61,
  0x6d, 0x65, 0x00, 0x0f, 0x6d, 0x69, 0x6e, 0x65, 0x63, 0x72, 0x61, 0x66,
  0x74, 0x3a, 0x61, 0x72, 0x72, 0x6f, 0x77, 0x03, 0x00, 0x02, 0x69, 0x64,
  0x00, 0x00, 0x00, 0x00, 0x0a, 0x00, 0x07, 0x65, 0x6c, 0x65, 0x6d, 0x65,
  0x6e, 0x74, 0x08, 0x00, 0x07, 0x73, 0x63, 0x61, 0x6c, 0x69, 0x6e, 0x67,
  0x00, 0x20, 0x77, 0x68, 0x65, 0x6e, 0x5f, 0x63, 0x61, 0x75, 0x73, 0x65,
  0x64, 0x5f, 0x62, 0x79, 0x5f, 0x6c, 0x69, 0x76, 0x69, 0x6e, 0x67, 0x5f,
  0x6e, 0x6f, 0x6e, 0x5f, 0x70, 0x6c, 0x61, 0x79, 0x65, 0x72, 0x08, 0x00,
  0x0a, 0x6d, 0x65, 0x73, 0x73, 0x61, 0x67, 0x65, 0x5f, 0x69, 0x64, 0x00,
  0x05, 0x61, 0x72, 0x72, 0x6f, 0x77, 0x05, 0x00, 0x0a, 0x65, 0x78, 0x68,
  0x61, 0x75, 0x73, 0x74, 0x69, 0x6f, 0x6e, 0x3d, 0xcc, 0xcc, 0xcd, 0x00,
  0x00, 0x08, 0x00, 0x04, 0x6e, 0x61, 0x6d, 0x65, 0x00, 0x1b, 0x6d, 0x69,
  0x6e, 0x65, 0x63, 0x72, 0x61, 0x66, 0x74, 0x3a, 0x62, 0x61, 0x64, 0x5f,
  0x72, 0x65, 0x73, 0x70, 0x61, 0x77, 0x6e, 0x5f, 0x70, 0x6f, 0x69, 0x6e,
  0x74, 0x03, 0x00, 0x02, 0x69, 0x64, 0x00, 0x00, 0x00, 0x01, 0x0a, 0x00,
  0x07, 0x65, 0x6c, 0x65, 0x6d, 0x65, 0x6e, 0x74, 0x08, 0x00, 0x07, 0x73,
  0x63, 0x61, 0x6c, 0x69, 0x6e, 0x67, 0x00, 0x06, 0x61, 0x6c, 0x77, 0x61,
  0x79, 0x73, 0x08, 0x00, 0x0a, 0x6d, 0x65, 0x73, 0x73, 0x61, 0x67, 0x65,
  0x5f, 0x69, 0x64, 0x00, 0x0f, 0x62, 0x61, 0x64, 0x52, 0x65, 0x73, 0x70,
  0x61, 0x77, 0x6e, 0x50, 0x6f, 0x69, 0x6e, 0x74, 0x05, 0x00, 0x0a, 0x65,
  0x78, 0x68, 0x61, 0x75, 0x73, 0x74, 0x69, 0x6f, 0x6e, 0x3d, 0xcc, 0xcc,
  0xcd, 0x08, 0x00, 0x12, 0x64, 0x65, 0x61, 0x74, 0x68, 0x5f, 0x6d, 0x65,
  0x73, 0x73, 0x61, 0x67, 0x65, 0x5f, 0x74, 0x79, 0x70, 0x65, 0x00, 0x17,
  0x69, 0x6e, 0x74, 0x65, 0x6e, 0x74, 0x69, 0x6f, 0x6e, 0x61, 0x6c, 0x5f,
  0x67, 0x61, 0x6d, 0x65, 0x5f, 0x64, 0x65, 0x73, 0x69, 0x67, 0x6e, 0x00,
  0x00, 0x08, 0x00, 0x04, 0x6e, 0x61, 0x6d, 0x65, 0x00, 0x10, 0x6d, 0x69,
  0x6e, 0x65, 0x63, 0x72, 0x61, 0x66, 0x74, 0x3a, 0x63, 0x61, 0x63, 0x74,
  0x75, 0x73, 0x03, 0x00, 0x02, 0x69, 0x64, 0x00, 0x00, 0x00, 0x02, 0x0a,
  0x00, 0x07, 0x65, 0x6c, 0x65, 0x6d, 0x65, 0x6e, 0x74, 0x08, 0x00, 0x07,
  0x73, 0x63, 0x61, 0x6c, 0x69, 0x6e, 0x67, 0x00, 0x20, 0x77, 0x68, 0x65,
  0x6e, 0x5f, 0x63, 0x61, 0x75, 0x73, 0x65, 0x64, 0x5f, 0x62, 0x79, 0x5f,
  0x6c, 0x69, 0x76, 0x69, 0x6e, 0x67, 0x5f, 0x6e, 0x6f, 0x6e, 0x5f, 0x70,
  0x6c, 0x61, 0x79, 0x65, 0x72, 0x08, 0x00, 0x0a, 0x6d, 0x65, 0x73, 0x73,
  0x61, 0x67, 0x65, 0x5f, 0x69, 0x64, 0x00, 0x06, 0x63, 0x61, 0x63, 0x74,
  0x75, 0x73, 0x05, 0x00, 0x0a, 0x65, 0x78, 0x68, 0x61, 0x75, 0x73, 0x74,
  0x69, 0x6f, 0x6e, 0x3d, 0xcc, 0xcc, 0xcd, 0x00, 0x00, 0x08, 0x00, 0x04,
  0x6e, 0x61, 0x6d, 0x65, 0x00, 0x12, 0x6d, 0x69, 0x6e, 0x65, 0x63, 0x72,
  0x61, 0x66, 0x74, 0x3a, 0x63, 0x72, 0x61, 0x6d, 0x6d, 0x69, 0x6e, 0x67,
  0x03, 0x00, 0x02, 0x69, 0x64, 0x00, 0x00, 0x00, 0x03, 0x0a, 0x00, 0x07,
  0x65, 0x6c, 0x65, 0x6d, 0x65, 0x6e, 0x74, 0x08, 0x00, 0x07, 0x73, 0x63,
  0x61, 0x6c, 0x69, 0x6e, 0x67, 0x00, 0x20, 0x77, 0x68, 0x65, 0x6e, 0x5f,
  0x63, 0x61, 0x75, 0x73, 0x65, 0x64, 0x5f, 0x62, 0x79, 0x5f, 0x6c, 0x69,
  0x76, 0x69, 0x6e, 0x67, 0x5f, 0x6e, 0x6f, 0x6e, 0x5f, 0x70, 0x6c, 0x61,
  0x79, 0x65, 0x72, 0x08, 0x00, 0x0a, 0x6d, 0x65, 0x73, 0x73, 0x61, 0x67,
  0x65, 0x5f, 0x69, 0x64, 0x00, 0x08, 0x63, 0x72, 0x61, 0x6d, 0x6d, 0x69,
  0x6e, 0x67, 0x05, 0x00, 0x0a, 0x65, 0x78, 0x68, 0x61, 0x75, 0x73, 0x74,
  0x69, 0x6f, 0x6e, 0x00, 0x00, 0x00, 0x00, 0x00, 0x00, 0x08, 0x00, 0x04,
  0x6e, 0x61, 0x6d, 0x65, 0x00, 0x17, 0x6d, 0x69, 0x6e, 0x65, 0x63, 0x72,
  0x61, 0x66, 0x74, 0x3a, 0x64, 0x72, 0x61, 0x67, 0x6f, 0x6e, 0x5f, 0x62,
  0x72, 0x65, 0x61, 0x74, 0x68, 0x03, 0x00, 0x02, 0x69, 0x64, 0x00, 0x00,
  0x00, 0x04, 0x0a, 0x00, 0x07, 0x65, 0x6c, 0x65, 0x6d, 0x65, 0x6e, 0x74,
  0x08, 0x00, 0x07, 0x73, 0x63, 0x61, 0x6c, 0x69, 0x6e, 0x67, 0x00, 0x20,
  0x77, 0x68, 0x65, 0x6e, 0x5f, 0x63, 0x61, 0x75, 0x73, 0x65, 0x64, 0x5f,
  0x62, 0x79, 0x5f, 0x6c, 0x69, 0x76, 0x69, 0x6e, 0x67, 0x5f, 0x6e, 0x6f,
  0x6e, 0x5f, 0x70, 0x6c, 0x61, 0x79, 0x65, 0x72, 0x08, 0x00, 0x0a, 0x6d,
  0x65, 0x73, 0x73, 0x61, 0x67, 0x65, 0x5f, 0x69, 0x64, 0x00, 0x0c, 0x64,
  0x72, 0x61, 0x67, 0x6f, 0x6e, 0x42, 0x72, 0x65, 0x61, 0x74, 0x68, 0x05,
  0x00, 0x0a, 0x65, 0x78, 0x68, 0x61, 0x75, 0x73, 0x74, 0x69, 0x6f, 0x6e,
  0x00, 0x00, 0x00, 0x00, 0x00, 0x00, 0x08, 0x00, 0x04, 0x6e, 0x61, 0x6d,
  0x65, 0x00, 0x0f, 0x6d, 0x69, 0x6e, 0x65, 0x63, 0x72, 0x61, 0x66, 0x74,
  0x3a, 0x64, 0x72, 0x6f, 0x77, 0x6e, 0x03, 0x00, 0x02, 0x69, 0x64, 0x00,
  0x00, 0x00, 0x05, 0x0a, 0x00, 0x07, 0x65, 0x6c, 0x65, 0x6d, 0x65, 0x6e,
  0x74, 0x08, 0x00, 0x07, 0x73, 0x63, 0x61, 0x6c, 0x69, 0x6e, 0x67, 0x00,
  0x20, 0x77, 0x68, 0x65, 0x6e, 0x5f, 0x63, 0x61, 0x75, 0x73, 0x65, 0x64,
  0x5f, 0x62, 0x79, 0x5f, 0x6c, 0x69, 0x76, 0x69, 0x6e, 0x67, 0x5f, 0x6e,
  0x6f, 0x6e, 0x5f, 0x70, 0x6c, 0x61, 0x79, 0x65, 0x72, 0x08, 0x00, 0x0a,
  0x6d, 0x65, 0x73, 0x73, 0x61, 0x67, 0x65, 0x5f, 0x69, 0x64, 0x00, 0x05,
  0x64, 0x72, 0x6f, 0x77, 0x6e, 0x05, 0x00, 0x0a, 0x65, 0x78, 0x68, 0x61,
  0x75, 0x73, 0x74, 0x69, 0x6f, 0x6e, 0x00, 0x00, 0x00, 0x00, 0x08, 0x00,
  0x07, 0x65, 0x66, 0x66, 0x65, 0x63, 0x74, 0x73, 0x00, 0x08, 0x64, 0x72,
  0x6f, 0x77, 0x6e, 0x69, 0x6e, 0x67, 0x00, 0x00, 0x08, 0x00, 0x04, 0x6e,
  0x61, 0x6d, 0x65, 0x00, 0x11, 0x6d, 0x69, 0x6e, 0x65, 0x63, 0x72, 0x61,
  0x66, 0x74, 0x3a, 0x64, 0x72, 0x79, 0x5f, 0x6f, 0x75, 0x74, 0x03, 0x00,
  0x02, 0x69, 0x64, 0x00, 0x00, 0x00, 0x06, 0x0a, 0x00, 0x07, 0x65, 0x6c,
  0x65, 0x6d, 0x65, 0x6e, 0x74, 0x08, 0x00, 0x07, 0x73, 0x63, 0x61, 0x6c,
  0x69, 0x6e, 0x67, 0x00, 0x20, 0x77, 0x68, 0x65, 0x6e, 0x5f, 0x63, 0x61,
  0x75, 0x73, 0x65, 0x64, 0x5f, 0x62, 0x79, 0x5f, 0x6c, 0x69, 0x76, 0x69,
  0x6e, 0x67, 0x5f, 0x6e, 0x6f, 0x6e, 0x5f, 0x70, 0x6c, 0x61, 0x79, 0x65,
  0x72, 0x08, 0x00, 0x0a, 0x6d, 0x65, 0x73, 0x73, 0x61, 0x67, 0x65, 0x5f,
  0x69, 0x64, 0x00, 0x06, 0x64, 0x72, 0x79, 0x6f, 0x75, 0x74, 0x05, 0x00,
  0x0a, 0x65, 0x78, 0x68, 0x61, 0x75, 0x73, 0x74, 0x69, 0x6f, 0x6e, 0x3d,
  0xcc, 0xcc, 0xcd, 0x00, 0x00, 0x08, 0x00, 0x04, 0x6e, 0x61, 0x6d, 0x65,
  0x00, 0x13, 0x6d, 0x69, 0x6e, 0x65, 0x63, 0x72, 0x61, 0x66, 0x74, 0x3a,
  0x65, 0x78, 0x70, 0x6c, 0x6f, 0x73, 0x69, 0x6f, 0x6e, 0x03, 0x00, 0x02,
  0x69, 0x64, 0x00, 0x00, 0x00, 0x07, 0x0a, 0x00, 0x07, 0x65, 0x6c, 0x65,
  0x6d, 0x65, 0x6e, 0x74, 0x08, 0x00, 0x07, 0x73, 0x63, 0x61, 0x6c, 0x69,
  0x6e, 0x67, 0x00, 0x06, 0x61, 0x6c, 0x77, 0x61, 0x79, 0x73, 0x08, 0x00,
  0x0a, 0x6d, 0x65, 0x73, 0x73, 0x61, 0x67, 0x65, 0x5f, 0x69, 0x64, 0x00,
  0x09, 0x65, 0x78, 0x70, 0x6c, 0x6f, 0x73, 0x69, 0x6f, 0x6e, 0x05, 0x00,
  0x0a, 0x65, 0x78, 0x68, 0x61, 0x75, 0x73, 0x74, 0x69, 0x6f, 0x6e, 0x3d,
  0xcc, 0xcc, 0xcd, 0x00, 0x00, 0x08, 0x00, 0x04, 0x6e, 0x61, 0x6d, 0x65,
  0x00, 0x0e, 0x6d, 0x69, 0x6e, 0x65, 0x63, 0x72, 0x61, 0x66, 0x74, 0x3a,
  0x66, 0x61, 0x6c, 0x6c, 0x03, 0x00, 0x02, 0x69, 0x64, 0x00, 0x00, 0x00,
  0x08, 0x0a, 0x00, 0x07, 0x65, 0x6c, 0x65, 0x6d, 0x65, 0x6e, 0x74, 0x08,
  0x00, 0x07, 0x73, 0x63, 0x61, 0x6c, 0x69, 0x6e, 0x67, 0x00, 0x20, 0x77,
  0x68, 0x65, 0x6e, 0x5f, 0x63, 0x61, 0x75, 0x73, 0x65, 0x64, 0x5f, 0x62,
  0x79, 0x5f, 0x6c, 0x69, 0x76, 0x69, 0x6e, 0x67, 0x5f, 0x6e, 0x6f, 0x6e,
  0x5f, 0x70, 0x6c, 0x61, 0x79, 0x65, 0x72, 0x08, 0x00, 0x0a, 0x6d, 0x65,
  0x73, 0x73, 0x61, 0x67, 0x65, 0x5f, 0x69, 0x64, 0x00, 0x04, 0x66, 0x61,
  0x6c, 0x6c, 0x05, 0x00, 0x0a, 0x65, 0x78, 0x68, 0x61, 0x75, 0x73, 0x74,
  0x69, 0x6f, 0x6e, 0x00, 0x00, 0x00, 0x00, 0x08, 0x00, 0x12, 0x64, 0x65,
  0x61, 0x74, 0x68, 0x5f, 0x6d, 0x65, 0x73, 0x73, 0x61, 0x67, 0x65, 0x5f,
  0x74, 0x79, 0x70, 0x65, 0x00, 0x0d, 0x66, 0x61, 0x6c, 0x6c, 0x5f, 0x76,
  0x61, 0x72, 0x69, 0x61, 0x6e, 0x74, 0x73, 0x00, 0x00, 0x08, 0x00, 0x04,
  0x6e, 0x61, 0x6d, 0x65, 0x00, 0x17, 0x6d, 0x69, 0x6e, 0x65, 0x63, 0x72,
  0x61, 0x66, 0x74, 0x3a, 0x66, 0x61, 0x6c, 0x6c, 0x69, 0x6e, 0x67, 0x5f,
  0x61, 0x6e, 0x76, 0x69, 0x6c, 0x03, 0x00, 0x02, 0x69, 0x64, 0x00, 0x00,
  0x00, 0x09, 0x0a, 0x00, 0x07, 0x65, 0x6c, 0x65, 0x6d, 0x65, 0x6e, 0x74,
  0x08, 0x00, 0x07, 0x73, 0x63, 0x61, 0x6c, 0x69, 0x6e, 0x67, 0x00, 0x20,
  0x77, 0x68, 0x65, 0x6e, 0x5f, 0x63, 0x61, 0x75, 0x73, 0x65, 0x64, 0x5f,
  0x62, 0x79, 0x5f, 0x6c, 0x69, 0x76, 0x69, 0x6e, 0x67, 0x5f, 0x6e, 0x6f,
  0x6e, 0x5f, 0x70, 0x6c, 0x61, 0x79, 0x65, 0x72, 0x08, 0x00, 0x0a, 0x6d,
  0x65, 0x73, 0x73, 0x61, 0x67, 0x65, 0x5f, 0x69, 0x64, 0x00, 0x05, 0x61,
  0x6e, 0x76, 0x69, 0x6c, 0x05, 0x00, 0x0a, 0x65, 0x78, 0x68, 0x61, 0x75,
  0x73, 0x74, 0x69, 0x6f, 0x6e, 0x3d, 0xcc, 0xcc, 0xcd, 0x00, 0x00, 0x08,
  0x00, 0x04, 0x6e, 0x61, 0x6d, 0x65, 0x00, 0x17, 0x6d, 0x69, 0x6e, 0x65,
  0x63, 0x72, 0x61, 0x66, 0x74, 0x3a, 0x66, 0x61, 0x6c, 0x6c, 0x69, 0x6e,
  0x67, 0x5f, 0x62, 0x6c, 0x6f, 0x63, 0x6b, 0x03, 0x00, 0x02, 0x69, 0x64,
  0x00, 0x00, 0x00, 0x0a, 0x0a, 0x00, 0x07, 0x65, 0x6c, 0x65, 0x6d, 0x65,
  0x6e, 0x74, 0x08, 0x00, 0x07, 0x73, 0x63, 0x61, 0x6c, 0x69, 0x6e, 0x67,
  0x00, 0x20, 0x77, 0x68, 0x65, 0x6e, 0x5f, 0x63, 0x61, 0x75, 0x73, 0x65,
  0x64, 0x5f, 0x62, 0x79, 0x5f, 0x6c, 0x69, 0x76, 0x69, 0x6e, 0x67, 0x5f,
  0x6e, 0x6f, 0x6e, 0x5f, 0x70, 0x6c, 0x61, 0x79, 0x65, 0x72, 0x08, 0x00,
  0x0a, 0x6d, 0x65, 0x73, 0x73, 0x61, 0x67, 0x65, 0x5f, 0x69, 0x64, 0x00,
  0x0c, 0x66, 0x61, 0x6c, 0x6c, 0x69, 0x6e, 0x67, 0x42, 0x6c, 0x6f, 0x63,
  0x6b, 0x05, 0x00, 0x0a, 0x65, 0x78, 0x68, 0x61, 0x75, 0x73, 0x74, 0x69,
  0x6f, 0x6e, 0x3d, 0xcc, 0xcc, 0xcd, 0x00, 0x00, 0x08, 0x00, 0x04, 0x6e,
  0x61, 0x6d, 0x65, 0x00, 0x1c, 0x6d, 0x69, 0x6e, 0x65, 0x63, 0x72, 0x61,
  0x66, 0x74, 0x3a, 0x66, 0x61, 0x6c, 0x6c, 0x69, 0x6e, 0x67, 0x5f, 0x73,
  0x74, 0x61, 0x6c, 0x61, 0x63, 0x74, 0x69, 0x74, 0x65, 0x03, 0x00, 0x02,
  0x69, 0x64, 0x00, 0x00, 0x00, 0x0b, 0x0a, 0x00, 0x07, 0x65, 0x6c, 0x65,
  0x6d, 0x65, 0x6e, 0x74, 0x08, 0x00, 0x07, 0x73, 0x63, 0x61, 0x6c, 0x69,
  0x6e, 0x67, 0x00, 0x20, 0x77, 0x68, 0x65, 0x6e, 0x5f, 0x63, 0x61, 0x75,
  0x73, 0x65, 0x64, 0x5f, 0x62, 0x79, 0x5f, 0x6c, 0x69, 0x76, 0x69, 0x6e,
  0x67, 0x5f, 0x6e, 0x6f, 0x6e, 0x5f, 0x70, 0x6c, 0x61, 0x79, 0x65, 0x72,
  0x08, 0x00, 0x0a, 0x6d, 0x65, 0x73, 0x73, 0x61, 0x67, 0x65, 0x5f, 0x69,
  0x64, 0x00, 0x11, 0x66, 0x61, 0x6c, 0x6c, 0x69, 0x6e, 0x67, 0x53, 0x74,
  0x61, 0x6c, 0x61, 0x63, 0x74, 0x69, 0x74, 0x65, 0x05, 0x00, 0x0a, 0x65,
  0x78, 0x68, 0x61, 0x75, 0x73, 0x74, 0x69, 0x6f, 0x6e, 0x3d, 0xcc, 0xcc,
  0xcd, 0x00, 0x00, 0x08, 0x00, 0x04, 0x6e, 0x61, 0x6d, 0x65, 0x00, 0x12,
  0x6d, 0x69, 0x6e, 0x65, 0x63, 0x72, 0x61, 0x66, 0x74, 0x3a, 0x66, 0x69,
  0x72, 0x65, 0x62, 0x61, 0x6c, 0x6c, 0x03, 0x00, 0x02, 0x69, 0x64, 0x00,
  0x00, 0x00, 0x0c, 0x0a, 0x00, 0x07, 0x65, 0x6c, 0x65, 0x6d, 0x65, 0x6e,
  0x74, 0x08, 0x00, 0x07, 0x73, 0x63, 0x61, 0x6c, 0x69, 0x6e, 0x67, 0x00,
  0x20, 0x77, 0x68, 0x65, 0x6e, 0x5f, 0x63, 0x61, 0x75, 0x73, 0x65, 0x64,
  0x5f, 0x62, 0x79, 0x5f, 0x6c, 0x69, 0x76, 0x69, 0x6e, 0x67, 0x5f, 0x6e,
  0x6f, 0x6e, 0x5f, 0x70, 0x6c, 0x61, 0x79, 0x65, 0x72, 0x08, 0x00, 0x0a,
  0x6d, 0x65, 0x73, 0x73, 0x61, 0x67, 0x65, 0x5f, 0x69, 0x64, 0x00, 0x08,
  0x66, 0x69, 0x72, 0x65, 0x62, 0x61, 0x6c, 0x6c, 0x05, 0x00, 0x0a, 0x65,
  0x78, 0x68, 0x61, 0x75, 0x73, 0x74, 0x69, 0x6f, 0x6e, 0x3d, 0xcc, 0xcc,
  0xcd, 0x08, 0x00, 0x07, 0x65, 0x66, 0x66, 0x65, 0x63, 0x74, 0x73, 0x00,
  0x07, 0x62, 0x75, 0x72, 0x6e, 0x69, 0x6e, 0x67, 0x00, 0x00, 0x08, 0x00,
  0x04, 0x6e, 0x61, 0x6d, 0x65, 0x00, 0x13, 0x6d, 0x69, 0x6e, 0x65, 0x63,
  0x72, 0x61, 0x66, 0x74, 0x3a, 0x66, 0x69, 0x72, 0x65, 0x77, 0x6f, 0x72,
  0x6b, 0x73, 0x03, 0x00, 0x02, 0x69, 0x64, 0x00, 0x00, 0x00, 0x0d, 0x0a,
  0x00, 0x07, 0x65, 0x6c, 0x65, 0x6d, 0x65, 0x6e, 0x74, 0x08, 0x00, 0x07,
  0x73, 0x63, 0x61, 0x6c, 0x69, 0x6e, 0x67, 0x00, 0x20, 0x77, 0x68, 0x65,
  0x6e, 0x5f, 0x63, 0x61, 0x75, 0x73, 0x65, 0x64, 0x5f, 0x62, 0x79, 0x5f,
  0x6c, 0x69, 0x76, 0x69, 0x6e, 0x67, 0x5f, 0x6e, 0x6f, 0x6e, 0x5f, 0x70,
  0x6c, 0x61, 0x79, 0x65, 0x72, 0x08, 0x00, 0x0a, 0x6d, 0x65, 0x73, 0x73,
  0x61, 0x67, 0x65, 0x5f, 0x69, 0x64, 0x00, 0x09, 0x66, 0x69, 0x72, 0x65,
  0x77, 0x6f, 0x72, 0x6b, 0x73, 0x05, 0x00, 0x0a, 0x65, 0x78, 0x68, 0x61,
  0x75, 0x73, 0x74, 0x69, 0x6f, 0x6e, 0x3d, 0xcc, 0xcc, 0xcd, 0x00, 0x00,
  0x08, 0x00, 0x04, 0x6e, 0x61, 0x6d, 0x65, 0x00, 0x17, 0x6d, 0x69, 0x6e,
  0x65, 0x63, 0x72, 0x61, 0x66, 0x74, 0x3a, 0x66, 0x6c, 0x79, 0x5f, 0x69,
  0x6e, 0x74, 0x6f, 0x5f, 0x77, 0x61, 0x6c, 0x6c, 0x03, 0x00, 0x02, 0x69,
  0x64, 0x00, 0x00, 0x00, 0x0e, 0x0a, 0x00, 0x07, 0x65, 0x6c, 0x65, 0x6d,
  0x65, 0x6e, 0x74, 0x08, 0x00, 0x07, 0x73, 0x63, 0x61, 0x6c, 0x69, 0x6e,
  0x67, 0x00, 0x20, 0x77, 0x68, 0x65, 0x6e, 0x5f, 0x63, 0x61, 0x75, 0x73,
  0x65, 0x64, 0x5f, 0x62, 0x79, 0x5f, 0x6c, 0x69, 0x76, 0x69, 0x6e, 0x67,
  0x5f, 0x6e, 0x6f, 0x6e, 0x5f, 0x70, 0x6c, 0x61, 0x79, 0x65, 0x72, 0x08,
  0x00, 0x0a, 0x6d, 0x65, 0x73, 0x73, 0x61, 0x67, 0x65, 0x5f, 0x69, 0x64,
  0x00, 0x0b, 0x66, 0x6c, 0x79, 0x49, 0x6e, 0x74, 0x6f, 0x57, 0x61, 0x6c,
  0x6c, 0x05, 0x00, 0x0a, 0x65, 0x78, 0x68, 0x61, 0x75, 0x73, 0x74, 0x69,
  0x6f, 0x6e, 0x00, 0x00, 0x00, 0x00, 0x00, 0x00, 0x08, 0x00, 0x04, 0x6e,
  0x61, 0x6d, 0x65, 0x00, 0x10, 0x6d, 0x69, 0x6e, 0x65, 0x63, 0x72, 0x61,
  0x66, 0x74, 0x3a, 0x66, 0x72, 0x65, 0x65, 0x7a, 0x65, 0x03, 0x00, 0x02,
  0x69, 0x64, 0x00, 0x00, 0x00, 0x0f, 0x0a, 0x00, 0x07, 0x65, 0x6c, 0x65,
  0x6d, 0x65, 0x6e, 0x74, 0x08, 0x00, 0x07, 0x73, 0x63, 0x61, 0x6c, 0x69,
  0x6e, 0x67, 0x00, 0x20, 0x77, 0x68, 0x65, 0x6e, 0x5f, 0x63, 0x61, 0x75,
  0x73, 0x65, 0x64, 0x5f, 0x62, 0x79, 0x5f, 0x6c, 0x69, 0x76, 0x69, 0x6e,
  0x67, 0x5f, 0x6e, 0x6f, 0x6e, 0x5f, 0x70, 0x6c, 0x61, 0x79, 0x65, 0x72,
  0x08, 0x00, 0x0a, 0x6d, 0x65, 0x73, 0x73, 0x61, 0x67, 0x65, 0x5f, 0x69,
  0x64, 0x00, 0x06, 0x66, 0x72, 0x65, 0x65, 0x7a, 0x65, 0x05, 0x00, 0x0a,
  0x65, 0x78, 0x68, 0x61, 0x75, 0x73, 0x74, 0x69, 0x6f, 0x6e, 0x00, 0x00,
  0x00, 0x00, 0x08, 0x00, 0x07, 0x65, 0x66, 0x66, 0x65, 0x63, 0x74, 0x73,
  0x00, 0x08, 0x66, 0x72, 0x65, 0x65, 0x7a, 0x69, 0x6e, 0x67, 0x00, 0x00,
  0x08, 0x00, 0x04, 0x6e, 0x61, 0x6d, 0x65, 0x00, 0x11, 0x6d, 0x69, 0x6e,
  0x65, 0x63, 0x72, 0x61, 0x66, 0x74, 0x3a, 0x67, 0x65, 0x6e, 0x65, 0x72,
  0x69, 0x63, 0x03, 0x00, 0x02, 0x69, 0x64, 0x00, 0x00, 0x00, 0x10, 0x0a,
  0x00, 0x07, 0x65, 0x6c, 0x65, 0x6d, 0x65, 0x6e, 0x74, 0x08, 0x00, 0x07,
  0x73, 0x63, 0x61, 0x6c, 0x69, 0x6e, 0x67, 0x00, 0x20, 0x77, 0x68, 0x65,
  0x6e, 0x5f, 0x63, 0x61, 0x75, 0x73, 0x65, 0x64, 0x5f, 0x62, 0x79, 0x5f,
  0x6c, 0x69, 0x76, 0x69, 0x6e, 0x67, 0x5f, 0x6e, 0x6f, 0x6e, 0x5f, 0x70,
  0x6c, 0x61, 0x79, 0x65, 0x72, 0x08, 0x00, 0x0a, 0x6d, 0x65, 0x73, 0x73,
  0x61, 0x67, 0x65, 0x5f, 0x69, 0x64, 0x00, 0x07, 0x67, 0x65, 0x6e, 0x65,
  0x72, 0x69, 0x63, 0x05, 0x00, 0x0a, 0x65, 0x78, 0x68, 0x61, 0x75, 0x73,
  0x74, 0x69, 0x6f, 0x6e, 0x00, 0x00, 0x00, 0x00, 0x00, 0x00, 0x08, 0x00,
  0x04, 0x6e, 0x61, 0x6d, 0x65, 0x00, 0x13, 0x6d, 0x69, 0x6e, 0x65, 0x63,
  0x72, 0x61, 0x66, 0x74, 0x3a, 0x68, 0x6f, 0x74, 0x5f, 0x66, 0x6c, 0x6f,
  0x6f, 0x72, 0x03, 0x00, 0x02, 0x69, 0x64, 0x00, 0x00, 0x00, 0x11, 0x0a,
  0x00, 0x07, 0x65, 0x6c, 0x65, 0x6d, 0x65, 0x6e, 0x74, 0x08, 0x00, 0x07,
  0x73, 0x63, 0x61, 0x6c, 0x69, 0x6e, 0x67, 0x00, 0x20, 0x77, 0x68, 0x65,
  0x6e, 0x5f, 0x63, 0x61, 0x75, 0x73, 0x65, 0x64, 0x5f, 0x62, 0x79, 0x5f,
  0x6c, 0x69, 0x76, 0x69, 0x6e, 0x67, 0x5f, 0x6e, 0x6f, 0x6e, 0x5f, 0x70,
  0x6c, 0x61, 0x79, 0x65, 0x72, 0x08, 0x00, 0x0a, 0x6d, 0x65, 0x73, 0x73,
  0x61, 0x67, 0x65, 0x5f, 0x69, 0x64, 0x00, 0x08, 0x68, 0x6f, 0x74, 0x46,
  0x6c, 0x6f, 0x6f, 0x72, 0x05, 0x00, 0x0a, 0x65, 0x78, 0x68, 0x61, 0x75,
  0x73, 0x74, 0x69, 0x6f, 0x6e, 0x3d, 0xcc, 0xcc, 0xcd, 0x08, 0x00, 0x07,
  0x65, 0x66, 0x66, 0x65, 0x63, 0x74, 0x73, 0x00, 0x07, 0x62, 0x75, 0x72,
  0x6e, 0x69, 0x6e, 0x67, 0x00, 0x00, 0x08, 0x00, 0x04, 0x6e, 0x61, 0x6d,
  0x65, 0x00, 0x11, 0x6d, 0x69, 0x6e, 0x65, 0x63, 0x72, 0x61, 0x66, 0x74,
  0x3a, 0x69, 0x6e, 0x5f, 0x66, 0x69, 0x72, 0x65, 0x03, 0x00, 0x02, 0x69,
  0x64, 0x00, 0x00, 0x00, 0x12, 0x0a, 0x00, 0x07, 0x65, 0x6c, 0x65, 0x6d,
  0x65, 0x6e, 0x74, 0x08, 0x00, 0x07, 0x73, 0x63, 0x61, 0x6c, 0x69, 0x6e,
  0x67, 0x00, 0x20, 0x77, 0x68, 0x65, 0x6e, 0x5f, 0x63, 0x61, 0x75, 0x73,
  0x65, 0x64, 0x5f, 0x62, 0x79, 0x5f, 0x6c, 0x69, 0x76, 0x69, 0x6e, 0x67,
  0x5f, 0x6e, 0x6f, 0x6e, 0x5f, 0x70, 0x6c, 0x61, 0x79, 0x65, 0x72, 0x08,
  0x00, 0x0a, 0x6d, 0x65, 0x73, 0x73, 0x61, 0x67, 0x65, 0x5f, 0x69, 0x64,
  0x00, 0x06, 0x69, 0x6e, 0x46, 0x69, 0x72, 0x65, 0x05, 0x00, 0x0a, 0x65,
  0x78, 0x68, 0x61, 0x75, 0x73, 0x74, 0x69, 0x6f, 0x6e, 0x3d, 0xcc, 0xcc,
  0xcd, 0x08, 0x00, 0x07, 0x65, 0x66, 0x66, 0x65, 0x63, 0x74, 0x73, 0x00,
  0x07, 0x62, 0x75, 0x72, 0x6e, 0x69, 0x6e, 0x67, 0x00, 0x00, 0x08, 0x00,
  0x04, 0x6e, 0x61, 0x6d, 0x65, 0x00, 0x11, 0x6d, 0x69, 0x6e, 0x65, 0x63,
  0x72, 0x61, 0x66, 0x74, 0x3a, 0x69, 0x6e, 0x5f, 0x77, 0x61, 0x6c, 0x6c,
  0x03, 0x00, 0x02, 0x69, 0x64, 0x00, 0x00, 0x00, 0x13, 0x0a, 0x00, 0x07,
  0x65, 0x6c, 0x65, 0x6d, 0x65, 0x6e, 0x74, 0x08, 0x00, 0x07, 0x73, 0x63,
  0x61, 0x6c, 0x69, 0x6e, 0x67, 0x00, 0x20, 0x77, 0x68, 0x65, 0x6e, 0x5f,
  0x63, 0x61, 0x75, 0x73, 0x65, 0x64, 0x5f, 0x62, 0x79, 0x5f, 0x6c, 0x69,
  0x76, 0x69, 0x6e, 0x67, 0x5f, 0x6e, 0x6f, 0x6e, 0x5f, 0x70, 0x6c, 0x61,
  0x79, 0x65, 0x72, 0x08, 0x00, 0x0a, 0x6d, 0x65, 0x73, 0x73, 0x61, 0x67,
  0x65, 0x5f, 0x69, 0x64, 0x00, 0x06, 0x69, 0x6e, 0x57, 0x61, 0x6c, 0x6c,
  0x05, 0x00, 0x0a, 0x65, 0x78, 0x68, 0x61, 0x75, 0x73, 0x74, 0x69, 0x6f,
  0x6e, 0x00, 0x00, 0x00, 0x00, 0x00, 0x00, 0x08, 0x00, 0x04, 0x6e, 0x61,
  0x6d, 0x65, 0x00, 0x18, 0x6d, 0x69, 0x6e, 0x65, 0x63, 0x72, 0x61, 0x66,
  0x74, 0x3a, 0x69, 0x6e, 0x64, 0x69, 0x72, 0x65, 0x63, 0x74, 0x5f, 0x6d,
  0x61, 0x67, 0x69, 0x63, 0x03, 0x00, 0x02, 0x69, 0x64, 0x00, 0x00, 0x00,
  0x14, 0x0a, 0x00, 0x07, 0x65, 0x6c, 0x65, 0x6d, 0x65, 0x6e, 0x74, 0x08,
  0x00, 0x07, 0x73, 0x63, 0x61, 0x6c, 0x69, 0x6e, 0x67, 0x00, 0x20, 0x77,
  0x68, 0x65, 0x6e, 0x5f, 0x63, 0x61, 0x75, 0x73, 0x65, 0x64, 0x5f, 0x62,
  0x79, 0x5f, 0x6c, 0x69, 0x76, 0x69, 0x6e, 0x67, 0x5f, 0x6e, 0x6f, 0x6e,
  0x5f, 0x70, 0x6c, 0x61, 0x79, 0x65, 0x72, 0x08, 0x00, 0x0a, 0x6d, 0x65,
  0x73, 0x73, 0x61, 0x67, 0x65, 0x5f, 0x69, 0x64, 0x00, 0x0d, 0x69, 0x6e,
  0x64, 0x69, 0x72, 0x65, 0x63, 0x74, 0x4d, 0x61, 0x67, 0x69, 0x63, 0x05,
  0x00, 0x0a, 0x65, 0x78, 0x68, 0x61, 0x75, 0x73, 0x74, 0x69, 0x6f, 0x6e,
  0x00, 0x00, 0x00, 0x00, 0x00, 0x00, 0x08, 0x00, 0x04, 0x6e, 0x61, 0x6d,
  0x65, 0x00, 0x0e, 0x6d, 0x69, 0x6e, 0x65, 0x63, 0x72, 0x61, 0x66, 0x74,
  0x3a, 0x6c, 0x61, 0x76, 0x61, 0x03, 0x00, 0x02, 0x69, 0x64, 0x00, 0x00,
  0x00, 0x15, 0x0a, 0x00, 0x07, 0x65, 0x6c, 0x65, 0x6d, 0x65, 0x6e, 0x74,
  0x08, 0x00, 0x07, 0x73, 0x63, 0x61, 0x6c, 0x69, 0x6e, 0x67, 0x00, 0x20,
  0x77, 0x68, 0x65, 0x6e, 0x5f, 0x63, 0x61, 0x75, 0x73, 0x65, 0x64, 0x5f,
  0x62, 0x79, 0x5f, 0x6c, 0x69, 0x76, 0x69, 0x6e, 0x67, 0x5f, 0x6e, 0x6f,
  0x6e, 0x5f, 0x70, 0x6c, 0x61, 0x79, 0x65, 0x72, 0x08, 0x00, 0x0a, 0x6d,
  0x65, 0x73, 0x73, 0x61, 0x67, 0x65, 0x5f, 0x69, 0x64, 0x00, 0x04, 0x6c,
  0x61, 0x76, 0x61, 0x05, 0x00, 0x0a, 0x65, 0x78, 0x68, 0x61, 0x75, 0x73,
  0x74, 0x69, 0x6f, 0x6e, 0x3d, 0xcc, 0xcc, 0xcd, 0x08, 0x00, 0x07, 0x65,
  0x66, 0x66, 0x65, 0x63, 0x74, 0x73, 0x00, 0x07, 0x62, 0x75, 0x72, 0x6e,
  0x69, 0x6e, 0x67, 0x00, 0x00, 0x08, 0x00, 0x04, 0x6e, 0x61, 0x6d, 0x65,
  0x00, 0x18, 0x6d, 0x69, 0x6e, 0x65, 0x63, 0x72, 0x61, 0x66, 0x74, 0x3a,
  0x6c, 0x69, 0x67, 0x68, 0x74, 0x6e, 0x69, 0x6e, 0x67, 0x5f, 0x62, 0x6f,
  0x6c, 0x74, 0x03, 0x00, 0x02, 0x69, 0x64, 0x00, 0x00, 0x00, 0x16, 0x0a,
  0x00, 0x07, 0x65, 0x6c, 0x65, 0x6d, 0x65, 0x6e, 0x74, 0x08, 0x00, 0x07,
  0x73, 0x63, 0x61, 0x6c, 0x69, 0x6e, 0x67, 0x00, 0x20, 0x77, 0x68, 0x65,
  0x6e, 0x5f, 0x63, 0x61, 0x75, 0x73, 0x65, 0x64, 0x5f, 0x62, 0x79, 0x5f,
  0x6c, 0x69, 0x76, 0x69, 0x6e, 0x67, 0x5f, 0x6e, 0x6f, 0x6e, 0x5f, 0x70,
  0x6c, 0x61, 0x79, 0x65, 0x72, 0x08, 0x00, 0x0a, 0x6d, 0x65, 0x73, 0x73,
  0x61, 0x67, 0x65, 0x5f, 0x69, 0x64, 0x00, 0x0d, 0x6c, 0x69, 0x67, 0x68,
  0x74, 0x6e, 0x69, 0x6e, 0x67, 0x42, 0x6f, 0x6c, 0x74, 0x05, 0x00, 0x0a,
  0x65, 0x78, 0x68, 0x61, 0x75, 0x73, 0x74, 0x69, 0x6f, 0x6e, 0x3d, 0xcc,
  0xcc, 0xcd, 0x00, 0x00, 0x08, 0x00, 0x04, 0x6e, 0x61, 0x6d, 0x65, 0x00,
  0x0f, 0x6d, 0x69, 0x6e, 0x65, 0x63, 0x72, 0x61, 0x66, 0x74, 0x3a, 0x6d,
  0x61, 0x67, 0x69, 0x63, 0x03, 0x00, 0x02, 0x69, 0x64, 0x00, 0x00, 0x00,
  0x17, 0x0a, 0x00, 0x07, 0x65, 0x6c, 0x65, 0x6d, 0x65, 0x6e, 0x74, 0x08,
  0x00, 0x07, 0x73, 0x63, 0x61, 0x6c, 0x69, 0x6e, 0x67, 0x00, 0x20, 0x77,
  0x68, 0x65, 0x6e, 0x5f, 0x63, 0x61, 0x75, 0x73, 0x65, 0x64, 0x5f, 0x62,
  0x79, 0x5f, 0x6c, 0x69, 0x76, 0x69, 0x6e, 0x67, 0x5f, 0x6e, 0x6f, 0x6e,
  0x5f, 0x70, 0x6c, 0x61, 0x79, 0x65, 0x72, 0x08, 0x00, 0x0a, 0x6d, 0x65,
  0x73, 0x73, 0x61, 0x67, 0x65, 0x5f, 0x69, 0x64, 0x00, 0x05, 0x6d, 0x61,
  0x67, 0x69, 0x63, 0x05, 0x00, 0x0a, 0x65, 0x78, 0x68, 0x61, 0x75, 0x73,
  0x74, 0x69, 0x6f, 0x6e, 0x00, 0x00, 0x00, 0x00, 0x00, 0x00, 0x08, 0x00,
  0x04, 0x6e, 0x61, 0x6d, 0x65, 0x00, 0x14, 0x6d, 0x69, 0x6e, 0x65, 0x63,
  0x72, 0x61, 0x66, 0x74, 0x3a, 0x6d, 0x6f, 0x62, 0x5f, 0x61, 0x74, 0x74,
  0x61, 0x63, 0x6b, 0x03, 0x00, 0x02, 0x69, 0x64, 0x00, 0x00, 0x00, 0x18,
  0x0a, 0x00, 0x07, 0x65, 0x6c, 0x65, 0x6d, 0x65, 0x6e, 0x74, 0x08, 0x00,
  0x07, 0x73, 0x63, 0x61, 0x6c, 0x69, 0x6e, 0x67, 0x00, 0x20, 0x77, 0x68,
  0x65, 0x6e, 0x5f, 0x63, 0x61, 0x75, 0x73, 0x65, 0x64, 0x5f, 0x62, 0x79,
  0x5f, 0x6c, 0x69, 0x76, 0x69, 0x6e, 0x67, 0x5f, 0x6e, 0x6f, 0x6e, 0x5f,
  0x70, 0x6c, 0x61, 0x79, 0x65, 0x72, 0x08, 0x00, 0x0a, 0x6d, 0x65, 0x73,
  0x73, 0x61, 0x67, 0x65, 0x5f, 0x69, 0x64, 0x00, 0x03, 0x6d, 0x6f, 0x62,
  0x05, 0x00, 0x0a, 0x65, 0x78, 0x68, 0x61, 0x75, 0x73, 0x74, 0x69, 0x6f,
  0x6e, 0x3d, 0xcc, 0xcc, 0xcd, 0x00, 0x00, 0x08, 0x00, 0x04, 0x6e, 0x61,
  0x6d, 0x65, 0x00, 0x1d, 0x6d, 0x69, 0x6e, 0x65, 0x63, 0x72, 0x61, 0x66,
  0x74, 0x3a, 0x6d, 0x6f, 0x62, 0x5f, 0x61, 0x74, 0x74, 0x61, 0x63, 0x6b,
  0x5f, 0x6e, 0x6f, 0x5f, 0x61, 0x67, 0x67, 0x72, 0x6f, 0x03, 0x00, 0x02,
  0x69, 0x64, 0x00, 0x00, 0x00, 0x19, 0x0a, 0x00, 0x07, 0x65, 0x6c, 0x65,
  0x6d, 0x65, 0x6e, 0x74, 0x08, 0x00, 0x07, 0x73, 0x63, 0x61, 0x6c, 0x69,
  0x6e, 0x67, 0x00, 0x20, 0x77, 0x68, 0x65, 0x6e, 0x5f, 0x63, 0x61, 0x75,
  0x73, 0x65, 0x64, 0x5f, 0x62, 0x79, 0x5f, 0x6c, 0x69, 0x76, 0x69, 0x6e,
  0x67, 0x5f, 0x6e, 0x6f, 0x6e, 0x5f, 0x70, 0x6c, 0x61, 0x79, 0x65, 0x72,
  0x08, 0x00, 0x0a, 0x6d, 0x65, 0x73, 0x73, 0x61, 0x67, 0x65, 0x5f, 0x69,
  0x64, 0x00, 0x03, 0x6d, 0x6f, 0x62, 0x05, 0x00, 0x0a, 0x65, 0x78, 0x68,
  0x61, 0x75, 0x73, 0x74, 0x69, 0x6f, 0x6e, 0x3d, 0xcc, 0xcc, 0xcd, 0x00,
  0x00, 0x08, 0x00, 0x04, 0x6e, 0x61, 0x6d, 0x65, 0x00, 0x18, 0x6d, 0x69,
  0x6e, 0x65, 0x63, 0x72, 0x61, 0x66, 0x74, 0x3a, 0x6d, 0x6f, 0x62, 0x5f,
  0x70, 0x72, 0x6f, 0x6a, 0x65, 0x63, 0x74, 0x69, 0x6c, 0x65, 0x03, 0x00,
  0x02, 0x69, 0x64, 0x00, 0x00, 0x00, 0x1a, 0x0a, 0x00, 0x07, 0x65, 0x6c,
  0x65, 0x6d, 0x65, 0x6e, 0x74, 0x08, 0x00, 0x07, 0x73, 0x63, 0x61, 0x6c,
  0x69, 0x6e, 0x67, 0x00, 0x20, 0x77, 0x68, 0x65, 0x6e, 0x5f, 0x63, 0x61,
  0x75, 0x73, 0x65, 0x64, 0x5f, 0x62, 0x79, 0x5f, 0x6c, 0x69, 0x76, 0x69,
  0x6e, 0x67, 0x5f, 0x6e, 0x6f, 0x6e, 0x5f, 0x70, 0x6c, 0x61, 0x79, 0x65,
  0x72, 0x08, 0x00, 0x0a, 0x6d, 0x65, 0x73, 0x73, 0x61, 0x67, 0x65, 0x5f,
  0x69, 0x64, 0x00, 0x03, 0x6d, 0x6f, 0x62, 0x05, 0x00, 0x0a, 0x65, 0x78,
  0x68, 0x61, 0x75, 0x73, 0x74, 0x69, 0x6f, 0x6e, 0x3d, 0xcc, 0xcc, 0xcd,
  0x00, 0x00, 0x08, 0x00, 0x04, 0x6e, 0x61, 0x6d, 0x65, 0x00, 0x11, 0x6d,
  0x69, 0x6e, 0x65, 0x63, 0x72, 0x61, 0x66, 0x74, 0x3a, 0x6f, 0x6e, 0x5f,
  0x66, 0x69, 0x72, 0x65, 0x03, 0x00, 0x02, 0x69, 0x64, 0x00, 0x00, 0x00,
  0x1b, 0x0a, 0x00, 0x07, 0x65, 0x6c, 0x65, 0x6d, 0x65, 0x6e, 0x74, 0x08,
  0x00, 0x07, 0x73, 0x63, 0x61, 0x6c, 0x69, 0x6e, 0x67, 0x00, 0x20, 0x77,
  0x68, 0x65, 0x6e, 0x5f, 0x63, 0x61, 0x75, 0x73, 0x65, 0x64, 0x5f, 0x62,
  0x79, 0x5f, 0x6c, 0x69, 0x76, 0x69, 0x6e, 0x67, 0x5f, 0x6e, 0x6f, 0x6e,
  0x5f, 0x70, 0x6c, 0x61, 0x79, 0x65, 0x72, 0x08, 0x00, 0x0a, 0x6d, 0x65,
  0x73, 0x73, 0x61, 0x67, 0x65, 0x5f, 0x69, 0x64, 0x00, 0x06, 0x6f, 0x6e,
  0x46, 0x69, 0x72, 0x65, 0x05, 0x00, 0x0a, 0x65, 0x78, 0x68, 0x61, 0x75,
  0x73, 0x74, 0x69, 0x6f, 0x6e, 0x00, 0x00, 0x00, 0x00, 0x08, 0x00, 0x07,
  0x65, 0x66, 0x66, 0x65, 0x63, 0x74, 0x73, 0x00, 0x07, 0x62, 0x75, 0x72,
  0x6e, 0x69, 0x6e, 0x67, 0x00, 0x00, 0x08, 0x00, 0x04, 0x6e, 0x61, 0x6d,
  0x65, 0x00, 0x16, 0x6d, 0x69, 0x6e, 0x65, 0x63, 0x72, 0x61, 0x66, 0x74,
  0x3a, 0x6f, 0x75, 0x74, 0x5f, 0x6f, 0x66, 0x5f, 0x77, 0x6f, 0x72, 0x6c,
  0x64, 0x03, 0x00, 0x02, 0x69, 0x64, 0x00, 0x00, 0x00, 0x1c, 0x0a, 0x00,
  0x07, 0x65, 0x6c, 0x65, 0x6d, 0x65, 0x6e, 0x74, 0x08, 0x00, 0x07, 0x73,
  0x63, 0x61, 0x6c, 0x69, 0x6e, 0x67, 0x00, 0x20, 0x77, 0x68, 0x65, 0x6e,
  0x5f, 0x63, 0x61, 0x75, 0x73, 0x65, 0x64, 0x5f, 0x62, 0x79, 0x5f, 0x6c,
  0x69, 0x76, 0x69, 0x6e, 0x67, 0x5f, 0x6e, 0x6f, 0x6e, 0x5f, 0x70, 0x6c,
  0x61, 0x79, 0x65, 0x72, 0x08, 0x00, 0x0a, 0x6d, 0x65, 0x73, 0x73, 0x61,
  0x67, 0x65, 0x5f, 0x69, 0x64, 0x00, 0x0a, 0x6f, 0x75, 0x74, 0x4f, 0x66,
  0x57, 0x6f, 0x72, 0x6c, 0x64, 0x05, 0x00, 0x0a, 0x65, 0x78, 0x68, 0x61,
  0x75, 0x73, 0x74, 0x69, 0x6f, 0x6e, 0x00, 0x00, 0x00, 0x00, 0x00, 0x00,
  0x08, 0x00, 0x04, 0x6e, 0x61, 0x6d, 0x65, 0x00, 0x17, 0x6d, 0x69, 0x6e,
  0x65, 0x63, 0x72, 0x61, 0x66, 0x74, 0x3a, 0x70, 0x6c, 0x61, 0x79, 0x65,
  0x72, 0x5f, 0x61, 0x74, 0x74, 0x61, 0x63, 0x6b, 0x03, 0x00, 0x02, 0x69,
  0x64, 0x00, 0x00, 0x00, 0x1d, 0x0a, 0x00, 0x07, 0x65, 0x6c, 0x65, 0x6d,
  0x65, 0x6e, 0x74, 0x08, 0x00, 0x07, 0x73, 0x63, 0x61, 0x6c, 0x69, 0x6e,
  0x67, 0x00, 0x20, 0x77, 0x68, 0x65, 0x6e, 0x5f, 0x63, 0x61, 0x75, 0x73,
  0x65, 0x64, 0x5f, 0x62, 0x79, 0x5f, 0x6c, 0x69, 0x76, 0x69, 0x6e, 0x67,
  0x5f, 0x6e, 0x6f, 0x6e, 0x5f, 0x70, 0x6c, 0x61, 0x79, 0x65, 0x72, 0x08,
  0x00, 0x0a, 0x6d, 0x65, 0x73, 0x73, 0x61, 0x67, 0x65, 0x5f, 0x69, 0x64,
  0x00, 0x06, 0x70, 0x6c, 0x61, 0x79, 0x65, 0x72, 0x05, 0x00, 0x0a, 0x65,
  0x78, 0x68, 0x61, 0x75, 0x73, 0x74, 0x69, 0x6f, 0x6e, 0x3d, 0xcc, 0xcc,
  0xcd, 0x00, 0x00, 0x08, 0x00, 0x04, 0x6e, 0x61, 0x6d, 0x65, 0x00, 0x1a,
  0x6d, 0x69, 0x6e, 0x65, 0x63, 0x72, 0x61, 0x66, 0x74, 0x3a, 0x70, 0x6c,
  0x61, 0x79, 0x65, 0x72, 0x5f, 0x65, 0x78, 0x70, 0x6c, 0x6f, 0x73, 0x69,
  0x6f, 0x6e, 0x03, 0x00, 0x02, 0x69, 0x64, 0x00, 0x00, 0x00, 0x1e, 0x0a,
  0x00, 0x07, 0x65, 0x6c, 0x65, 0x6d, 0x65, 0x6e, 0x74, 0x08, 0x00, 0x07,
  0x73, 0x63, 0x61, 0x6c, 0x69, 0x6e, 0x67, 0x00, 0x06, 0x61, 0x6c, 0x77,
  0x61, 0x79, 0x73, 0x08, 0x00, 0x0a, 0x6d, 0x65, 0x73, 0x73, 0x61, 0x67,
  0x65, 0x5f, 0x69, 0x64, 0x00, 0x10, 0x65, 0x78, 0x70, 0x6c, 0x6f, 0x73,
  0x69, 0x6f, 0x6e, 0x2e, 0x70, 0x6c, 0x61, 0x79, 0x65, 0x72, 0x05, 0x00,
  0x0a, 0x65, 0x78, 0x68, 0x61, 0x75, 0x73, 0x74, 0x69, 0x6f, 0x6e, 0x3d,
  0xcc, 0xcc, 0xcd, 0x00, 0x00, 0x08, 0x00, 0x04, 0x6e, 0x61, 0x6d, 0x65,
  0x00, 0x14, 0x6d, 0x69, 0x6e, 0x65, 0x63, 0x72, 0x61, 0x66, 0x74, 0x3a,
  0x73, 0x6f, 0x6e, 0x69, 0x63, 0x5f, 0x62, 0x6f, 0x6f, 0x6d, 0x03, 0x00,
  0x02, 0x69, 0x64, 0x00, 0x00, 0x00, 0x1f, 0x0a, 0x00, 0x07, 0x65, 0x6c,
  0x65, 0x6d, 0x65, 0x6e, 0x74, 0x08, 0x00, 0x07, 0x73, 0x63, 0x61, 0x6c,
  0x69, 0x6e, 0x67, 0x00, 0x06, 0x61, 0x6c, 0x77, 0x61, 0x79, 0x73, 0x08,
  0x00, 0x0a, 0x6d, 0x65, 0x73, 0x73, 0x61, 0x67, 0x65, 0x5f, 0x69, 0x64,
  0x00, 0x0a, 0x73, 0x6f, 0x6e, 0x69, 0x63, 0x5f, 0x62, 0x6f, 0x6f, 0x6d,
  0x05, 0x00, 0x0a, 0x65, 0x78, 0x68, 0x61, 0x75, 0x73, 0x74, 0x69, 0x6f,
  0x6e, 0x00, 0x00, 0x00, 0x00, 0x00, 0x00, 0x08, 0x00, 0x04, 0x6e, 0x61,
  0x6d, 0x65, 0x00, 0x14, 0x6d, 0x69, 0x6e, 0x65, 0x63, 0x72, 0x61, 0x66,
  0x74, 0x3a, 0x73, 0x74, 0x61, 0x6c, 0x61, 0x67, 0x6d, 0x69, 0x74, 0x65,
  0x03, 0x00, 0x02, 0x69, 0x64, 0x00, 0x00, 0x00, 0x20, 0x0a, 0x00, 0x07,
  0x65, 0x6c, 0x65, 0x6d, 0x65, 0x6e, 0x74, 0x08, 0x00, 0x07, 0x73, 0x63,
  0x61, 0x6c, 0x69, 0x6e, 0x67, 0x00, 0x20, 0x77, 0x68, 0x65, 0x6e, 0x5f,
  0x63, 0x61, 0x75, 0x73, 0x65, 0x64, 0x5f, 0x62, 0x79, 0x5f, 0x6c, 0x69,
  0x76, 0x69, 0x6e, 0x67, 0x5f, 0x6e, 0x6f, 0x6e, 0x5f, 0x70, 0x6c, 0x61,
  0x79, 0x65, 0x72, 0x08, 0x00, 0x0a, 0x6d, 0x65, 0x73, 0x73, 0x61, 0x67,
  0x65, 0x5f, 0x69, 0x64, 0x00, 0x0a, 0x73, 0x74, 0x61, 0x6c, 0x61, 0x67,
  0x6d, 0x69, 0x74, 0x65, 0x05, 0x00, 0x0a, 0x65, 0x78, 0x68, 0x61, 0x75,
  0x73, 0x74, 0x69, 0x6f, 0x6e, 0x00, 0x00, 0x00, 0x00, 0x00, 0x00, 0x08,
  0x00, 0x04, 0x6e, 0x61, 0x6d, 0x65, 0x00, 0x10, 0x6d, 0x69, 0x6e, 0x65,
  0x63, 0x72, 0x61, 0x66, 0x74, 0x3a, 0x73, 0x74, 0x61, 0x72, 0x76, 0x65,
  0x03, 0x00, 0x02, 0x69, 0x64, 0x00, 0x00, 0x00, 0x21, 0x0a, 0x00, 0x07,
  0x65, 0x6c, 0x65, 0x6d, 0x65, 0x6e, 0x74, 0x08, 0x00, 0x07, 0x73, 0x63,
  0x61, 0x6c, 0x69, 0x6e, 0x67, 0x00, 0x20, 0x77, 0x68, 0x65, 0x6e, 0x5f,
  0x63, 0x61, 0x75, 0x73, 0x65, 0x64, 0x5f, 0x62, 0x79, 0x5f, 0x6c, 0x69,
  0x76, 0x69, 0x6e, 0x67, 0x5f, 0x6e, 0x6f, 0x6e, 0x5f, 0x70, 0x6c, 0x61,
  0x79, 0x65, 0x72, 0x08, 0x00, 0x0a, 0x6d, 0x65, 0x73, 0x73, 0x61, 0x67,
  0x65, 0x5f, 0x69, 0x64, 0x00, 0x06, 0x73, 0x74, 0x61, 0x72, 0x76, 0x65,
  0x05, 0x00, 0x0a, 0x65, 0x78, 0x68, 0x61, 0x75, 0x73, 0x74, 0x69, 0x6f,
  0x6e, 0x00, 0x00, 0x00, 0x00, 0x00, 0x00, 0x08, 0x00, 0x04, 0x6e, 0x61,
  0x6d, 0x65, 0x00, 0x0f, 0x6d, 0x69, 0x6e, 0x65, 0x63, 0x72, 0x61, 0x66,
  0x74, 0x3a, 0x73, 0x74, 0x69, 0x6e, 0x67, 0x03, 0x00, 0x02, 0x69, 0x64,
  0x00, 0x00, 0x00, 0x22, 0x0a, 0x00, 0x07, 0x65, 0x6c, 0x65, 0x6d, 0x65,
  0x6e, 0x74, 0x08, 0x00, 0x07, 0x73, 0x63, 0x61, 0x6c, 0x69, 0x6e, 0x67,
  0x00, 0x20, 0x77, 0x68, 0x65, 0x6e, 0x5f, 0x63, 0x61, 0x75, 0x73, 0x65,
  0x64, 0x5f, 0x62, 0x79, 0x5f, 0x6c, 0x69, 0x76, 0x69, 0x6e, 0x67, 0x5f,
  0x6e, 0x6f, 0x6e, 0x5f, 0x70, 0x6c, 0x61, 0x79, 0x65, 0x72, 0x08, 0x00,
  0x0a, 0x6d, 0x65, 0x73, 0x73, 0x61, 0x67, 0x65, 0x5f, 0x69, 0x64, 0x00,
  0x05, 0x73, 0x74, 0x69, 0x6e, 0x67, 0x05, 0x00, 0x0a, 0x65, 0x78, 0x68,
  0x61, 0x75, 0x73, 0x74, 0x69, 0x6f, 0x6e, 0x3d, 0xcc, 0xcc, 0xcd, 0x00,
  0x00, 0x08, 0x00, 0x04, 0x6e, 0x61, 0x6d, 0x65, 0x00, 0x1a, 0x6d, 0x69,
  0x6e, 0x65, 0x63, 0x72, 0x61, 0x66, 0x74, 0x3a, 0x73, 0x77, 0x65, 0x65,
  0x74, 0x5f, 0x62, 0x65, 0x72, 0x72, 0x79, 0x5f, 0x62, 0x75, 0x73, 0x68,
  0x03, 0x00, 0x02, 0x69, 0x64, 0x00, 0x00, 0x00, 0x23, 0x0a, 0x00, 0x07,
  0x65, 0x6c, 0x65, 0x6d, 0x65, 0x6e, 0x74, 0x08, 0x00, 0x07, 0x73, 0x63,
  0x61, 0x6c, 0x69, 0x6e, 0x67, 0x00, 0x20, 0x77, 0x68, 0x65, 0x6e, 0x5f,
  0x63, 0x61, 0x75, 0x73, 0x65, 0x64, 0x5f, 0x62, 0x79, 0x5f, 0x6c, 0x69,
  0x76, 0x69, 0x6e, 0x67, 0x5f, 0x6e, 0x6f, 0x6e, 0x5f, 0x70, 0x6c, 0x61,
  0x79, 0x65, 0x72, 0x08, 0x00, 0x0a, 0x6d, 0x65, 0x73, 0x73, 0x61, 0x67,
  0x65, 0x5f, 0x69, 0x64, 0x00, 0x0e, 0x73, 0x77, 0x65, 0x65, 0x74, 0x42,
  0x65, 0x72, 0x72, 0x79, 0x42, 0x75, 0x73, 0x68, 0x05, 0x00, 0x0a, 0x65,
  0x78, 0x68, 0x61, 0x75, 0x73, 0x74, 0x69, 0x6f, 0x6e, 0x3d, 0xcc, 0xcc,
  0xcd, 0x08, 0x00, 0x07, 0x65, 0x66, 0x66, 0x65, 0x63, 0x74, 0x73, 0x00,
  0x06, 0x70, 0x6f, 0x6b, 0x69, 0x6e, 0x67, 0x00, 0x00, 0x08, 0x00, 0x04,
  0x6e, 0x61, 0x6d, 0x65, 0x00, 0x10, 0x6d, 0x69, 0x6e, 0x65, 0x63, 0x72,
  0x61, 0x66, 0x74, 0x3a, 0x74, 0x68, 0x6f, 0x72, 0x6e, 0x73, 0x03, 0x00,
  0x02, 0x69, 0x64, 0x00, 0x00, 0x00, 0x24, 0x0a, 0x00, 0x07, 0x65, 0x6c,
  0x65, 0x6d, 0x65, 0x6e, 0x74, 0x08, 0x00, 0x07, 0x73, 0x63, 0x61, 0x6c,
  0x69, 0x6e, 0x67, 0x00, 0x20, 0x77, 0x68, 0x65, 0x6e, 0x5f, 0x63, 0x61,
  0x75, 0x73, 0x65, 0x64, 0x5f, 0x62, 0x79, 0x5f, 0x6c, 0x69, 0x76, 0x69,
  0x6e, 0x67, 0x5f, 0x6e, 0x6f, 0x6e, 0x5f, 0x70, 0x6c, 0x61, 0x79, 0x65,
  0x72, 0x08, 0x00, 0x0a, 0x6d, 0x65, 0x73, 0x73, 0x61, 0x67, 0x65, 0x5f,
  0x69, 0x64, 0x00, 0x06, 0x74, 0x68, 0x6f, 0x72, 0x6e, 0x73, 0x05, 0x00,
  0x0a, 0x65, 0x78, 0x68, 0x61, 0x75, 0x73, 0x74, 0x69, 0x6f, 0x6e, 0x3d,
  0xcc, 0xcc, 0xcd, 0x08, 0x00, 0x07, 0x65, 0x66, 0x66, 0x65, 0x63, 0x74,
  0x73, 0x00, 0x06, 0x74, 0x68, 0x6f, 0x72, 0x6e, 0x73, 0x00, 0x00, 0x08,
  0x00, 0x04, 0x6e, 0x61, 0x6d, 0x65, 0x00, 0x10, 0x6d, 0x69, 0x6e, 0x65,
  0x63, 0x72, 0x61, 0x66, 0x74, 0x3a, 0x74, 0x68, 0x72, 0x6f, 0x77, 0x6e,
  0x03, 0x00, 0x02, 0x69, 0x64, 0x00, 0x00, 0x00, 0x25, 0x0a, 0x00, 0x07,
  0x65, 0x6c, 0x65, 0x6d, 0x65, 0x6e, 0x74, 0x08, 0x00, 0x07, 0x73, 0x63,
  0x61, 0x6c, 0x69, 0x6e, 0x67, 0x00, 0x20, 0x77, 0x68, 0x65, 0x6e, 0x5f,
  0x63, 0x61, 0x75, 0x73, 0x65, 0x64, 0x5f, 0x62, 0x79, 0x5f, 0x6c, 0x69,
  0x76, 0x69, 0x6e, 0x67, 0x5f, 0x6e, 0x6f, 0x6e, 0x5f, 0x70, 0x6c, 0x61,
  0x79, 0x65, 0x72, 0x08, 0x00, 0x0a, 0x6d, 0x65, 0x73, 0x73, 0x61, 0x67,
  0x65, 0x5f, 0x69, 0x64, 0x00, 0x06, 0x74, 0x68, 0x72, 0x6f, 0x77, 0x6e,
  0x05, 0x00, 0x0a, 0x65, 0x78, 0x68, 0x61, 0x75, 0x73, 0x74, 0x69, 0x6f,
  0x6e, 0x3d, 0xcc, 0xcc, 0xcd, 0x00, 0x00, 0x08, 0x00, 0x04, 0x6e, 0x61,
  0x6d, 0x65, 0x00, 0x11, 0x6d, 0x69, 0x6e, 0x65, 0x63, 0x72, 0x61, 0x66,
  0x74, 0x3a, 0x74, 0x72, 0x69, 0x64, 0x65, 0x6e, 0x74, 0x03, 0x00, 0x02,
  0x69, 0x64, 0x00, 0x00, 0x00, 0x26, 0x0a, 0x00, 0x07, 0x65, 0x6c, 0x65,
  0x6d, 0x65, 0x6e, 0x74, 0x08, 0x00, 0x07, 0x73, 0x63, 0x61, 0x6c, 0x69,
  0x6e, 0x67, 0x00, 0x20, 0x77, 0x68, 0x65, 0x6e, 0x5f, 0x63, 0x61, 0x75,
  0x73, 0x65, 0x64, 0x5f, 0x62, 0x79, 0x5f, 0x6c, 0x69, 0x76, 0x69, 0x6e,
  0x67, 0x5f, 0x6e, 0x6f, 0x6e, 0x5f, 0x70, 0x6c, 0x61, 0x79, 0x65, 0x72,
  0x08, 0x00, 0x0a, 0x6d, 0x65, 0x73, 0x73, 0x61, 0x67, 0x65, 0x5f, 0x69,
  0x64, 0x00, 0x07, 0x74, 0x72, 0x69, 0x64, 0x65, 0x6e, 0x74, 0x05, 0x00,
  0x0a, 0x65, 0x78, 0x68, 0x61, 0x75, 0x73, 0x74, 0x69, 0x6f, 0x6e, 0x3d,
  0xcc, 0xcc, 0xcd, 0x00, 0x00, 0x08, 0x00, 0x04, 0x6e, 0x61, 0x6d, 0x65,
  0x00, 0x1f, 0x6d, 0x69, 0x6e, 0x65, 0x63, 0x72, 0x61, 0x66, 0x74, 0x3a,
  0x75, 0x6e, 0x61, 0x74, 0x74, 0x72, 0x69, 0x62, 0x75, 0x74, 0x65, 0x64,
  0x5f, 0x66, 0x69, 0x72, 0x65, 0x62, 0x61, 0x6c, 0x6c, 0x03, 0x00, 0x02,
  0x69, 0x64, 0x00, 0x00, 0x00, 0x27, 0x0a, 0x00, 0x07, 0x65, 0x6c, 0x65,
  0x6d, 0x65, 0x6e, 0x74, 0x08, 0x00, 0x07, 0x73, 0x63, 0x61, 0x6c, 0x69,
  0x6e, 0x67, 0x00, 0x20, 0x77, 0x68, 0x65, 0x6e, 0x5f, 0x63, 0x61, 0x75,
  0x73, 0x65, 0x64, 0x5f, 0x62, 0x79, 0x5f, 0x6c, 0x69, 0x76, 0x69, 0x6e,
  0x67, 0x5f, 0x6e, 0x6f, 0x6e, 0x5f, 0x70, 0x6c, 0x61, 0x79, 0x65, 0x72,
  0x08, 0x00, 0x0a, 0x6d, 0x65, 0x73, 0x73, 0x61, 0x67, 0x65, 0x5f, 0x69,
  0x64, 0x00, 0x06, 0x6f, 0x6e, 0x46, 0x69, 0x72, 0x65, 0x05, 0x00, 0x0a,
  0x65, 0x78, 0x68, 0x61, 0x75, 0x73, 0x74, 0x69, 0x6f, 0x6e, 0x3d, 0xcc,
  0xcc, 0xcd, 0x08, 0x00, 0x07, 0x65, 0x66, 0x66, 0x65, 0x63, 0x74, 0x73,
  0x00, 0x07, 0x62, 0x75, 0x72, 0x6e, 0x69, 0x6e, 0x67, 0x00, 0x00, 0x08,
  0x00, 0x04, 0x6e, 0x61, 0x6d, 0x65, 0x00, 0x10, 0x6d, 0x69, 0x6e, 0x65,
  0x63, 0x72, 0x61, 0x66, 0x74, 0x3a, 0x77, 0x69, 0x74, 0x68, 0x65, 0x72,
  0x03, 0x00, 0x02, 0x69, 0x64, 0x00, 0x00, 0x00, 0x28, 0x0a, 0x00, 0x07,
  0x65, 0x6c, 0x65, 0x6d, 0x65, 0x6e, 0x74, 0x08, 0x00, 0x07, 0x73, 0x63,
  0x61, 0x6c, 0x69, 0x6e, 0x67, 0x00, 0x20, 0x77, 0x68, 0x65, 0x6e, 0x5f,
  0x63, 0x61, 0x75, 0x73, 0x65, 0x64, 0x5f, 0x62, 0x79, 0x5f, 0x6c, 0x69,
  0x76, 0x69, 0x6e, 0x67, 0x5f, 0x6e, 0x6f, 0x6e, 0x5f, 0x70, 0x6c, 0x61,
  0x79, 0x65, 0x72, 0x08, 0x00, 0x0a, 0x6d, 0x65, 0x73, 0x73, 0x61, 0x67,
  0x65, 0x5f, 0x69, 0x64, 0x00, 0x06, 0x77, 0x69, 0x74, 0x68, 0x65, 0x72,
  0x05, 0x00, 0x0a, 0x65, 0x78, 0x68, 0x61, 0x75, 0x73, 0x74, 0x69, 0x6f,
  0x6e, 0x00, 0x00, 0x00, 0x00, 0x00, 0x00, 0x08, 0x00, 0x04, 0x6e, 0x61,
  0x6d, 0x65, 0x00, 0x16, 0x6d, 0x69, 0x6e, 0x65, 0x63, 0x72, 0x61, 0x66,
  0x74, 0x3a, 0x77, 0x69, 0x74, 0x68, 0x65, 0x72, 0x5f, 0x73, 0x6b, 0x75,
  0x6c, 0x6c, 0x03, 0x00, 0x02, 0x69, 0x64, 0x00, 0x00, 0x00, 0x29, 0x0a,
  0x00, 0x07, 0x65, 0x6c, 0x65, 0x6d, 0x65, 0x6e, 0x74, 0x08, 0x00, 0x07,
  0x73, 0x63, 0x61, 0x6c, 0x69, 0x6e, 0x67, 0x00, 0x20, 0x77, 0x68, 0x65,
  0x6e, 0x5f, 0x63, 0x61, 0x75, 0x73, 0x65, 0x64, 0x5f, 0x62, 0x79, 0x5f,
  0x6c, 0x69, 0x76, 0x69, 0x6e, 0x67, 0x5f, 0x6e, 0x6f, 0x6e, 0x5f, 0x70,
  0x6c, 0x61, 0x79, 0x65, 0x72, 0x08, 0x00, 0x0a, 0x6d, 0x65, 0x73, 0x73,
  0x61, 0x67, 0x65, 0x5f, 0x69, 0x64, 0x00, 0x0b, 0x77, 0x69, 0x74, 0x68,
  0x65, 0x72, 0x53, 0x6b, 0x75, 0x6c, 0x6c, 0x05, 0x00, 0x0a, 0x65, 0x78,
  0x68, 0x61, 0x75, 0x73, 0x74, 0x69, 0x6f, 0x6e, 0x3d, 0xcc, 0xcc, 0xcd,
  0x00, 0x00, 0x00, 0x00,
};
Blob j119_7612() { return {k_j119_7612, sizeof(k_j119_7612)}; }

static const uint8_t k_dim_119_7612[] = {
  0x0a, 0x0a, 0x00, 0x19, 0x6d, 0x6f, 0x6e, 0x73, 0x74, 0x65, 0x72, 0x5f,
  0x73, 0x70, 0x61, 0x77, 0x6e, 0x5f, 0x6c, 0x69, 0x67, 0x68, 0x74, 0x5f,
  0x6c, 0x65, 0x76, 0x65, 0x6c, 0x08, 0x00, 0x04, 0x74, 0x79, 0x70, 0x65,
  0x00, 0x11, 0x6d, 0x69, 0x6e, 0x65, 0x63, 0x72, 0x61, 0x66, 0x74, 0x3a,
  0x75, 0x6e, 0x69, 0x66, 0x6f, 0x72, 0x6d, 0x0a, 0x00, 0x05, 0x76, 0x61,
  0x6c, 0x75, 0x65, 0x03, 0x00, 0x0d, 0x6d, 0x61, 0x78, 0x5f, 0x69, 0x6e,
  0x63, 0x6c, 0x75, 0x73, 0x69, 0x76, 0x65, 0x00, 0x00, 0x00, 0x07, 0x03,
  0x00, 0x0d, 0x6d, 0x69, 0x6e, 0x5f, 0x69, 0x6e, 0x63, 0x6c, 0x75, 0x73,
  0x69, 0x76, 0x65, 0x00, 0x00, 0x00, 0x00, 0x00, 0x00, 0x08, 0x00, 0x0a,
  0x69, 0x6e, 0x66, 0x69, 0x6e, 0x69, 0x62, 0x75, 0x72, 0x6e, 0x00, 0x1f,
  0x23, 0x6d, 0x69, 0x6e, 0x65, 0x63, 0x72, 0x61, 0x66, 0x74, 0x3a, 0x69,
  0x6e, 0x66, 0x69, 0x6e, 0x69, 0x62, 0x75, 0x72, 0x6e, 0x5f, 0x6f, 0x76,
  0x65, 0x72, 0x77, 0x6f, 0x72, 0x6c, 0x64, 0x08, 0x00, 0x07, 0x65, 0x66,
  0x66, 0x65, 0x63, 0x74, 0x73, 0x00, 0x13, 0x6d, 0x69, 0x6e, 0x65, 0x63,
  0x72, 0x61, 0x66, 0x74, 0x3a, 0x6f, 0x76, 0x65, 0x72, 0x77, 0x6f, 0x72,
  0x6c, 0x64, 0x01, 0x00, 0x09, 0x75, 0x6c, 0x74, 0x72, 0x61, 0x77, 0x61,
  0x72, 0x6d, 0x00, 0x03, 0x00, 0x06, 0x68, 0x65, 0x69, 0x67, 0x68, 0x74,
  0x00, 0x00, 0x01, 0x80, 0x03, 0x00, 0x0e, 0x6c, 0x6f, 0x67, 0x69, 0x63,
  0x61, 0x6c, 0x5f, 0x68, 0x65, 0x69, 0x67, 0x68, 0x74, 0x00, 0x00, 0x01,
  0x80, 0x01, 0x00, 0x07, 0x6e, 0x61, 0x74, 0x75, 0x72, 0x61, 0x6c, 0x01,
  0x03, 0x00, 0x05, 0x6d, 0x69, 0x6e, 0x5f, 0x79, 0xff, 0xff, 0xff, 0xc0,
  0x01, 0x00, 0x09, 0x62, 0x65, 0x64, 0x5f, 0x77, 0x6f, 0x72, 0x6b, 0x73,
  0x01, 0x06, 0x00, 0x10, 0x63, 0x6f, 0x6f, 0x72, 0x64, 0x69, 0x6e, 0x61,
  0x74, 0x65, 0x5f, 0x73, 0x63, 0x61, 0x6c, 0x65, 0x3f, 0xf0, 0x00, 0x00,
  0x00, 0x00, 0x00, 0x00, 0x01, 0x00, 0x0b, 0x70, 0x69, 0x67, 0x6c, 0x69,
  0x6e, 0x5f, 0x73, 0x61, 0x66, 0x65, 0x00, 0x01, 0x00, 0x0b, 0x68, 0x61,
  0x73, 0x5f, 0x63, 0x65, 0x69, 0x6c, 0x69, 0x6e, 0x67, 0x00, 0x01, 0x00,
  0x0c, 0x68, 0x61, 0x73, 0x5f, 0x73, 0x6b, 0x79, 0x6c, 0x69, 0x67, 0x68,
  0x74, 0x01, 0x05, 0x00, 0x0d, 0x61, 0x6d, 0x62, 0x69, 0x65, 0x6e, 0x74,
  0x5f, 0x6c, 0x69, 0x67, 0x68, 0x74, 0x00, 0x00, 0x00, 0x00, 0x03, 0x00,
  0x1f, 0x6d, 0x6f, 0x6e, 0x73, 0x74, 0x65, 0x72, 0x5f, 0x73, 0x70, 0x61,
  0x77, 0x6e, 0x5f, 0x62, 0x6c, 0x6f, 0x63, 0x6b, 0x5f, 0x6c, 0x69, 0x67,
  0x68, 0x74, 0x5f, 0x6c, 0x69, 0x6d, 0x69, 0x74, 0x00, 0x00, 0x00, 0x00,
  0x01, 0x00, 0x09, 0x68, 0x61, 0x73, 0x5f, 0x72, 0x61, 0x69, 0x64, 0x73,
  0x01, 0x01, 0x00, 0x14, 0x72, 0x65, 0x73, 0x70, 0x61, 0x77, 0x6e, 0x5f,
  0x61, 0x6e, 0x63, 0x68, 0x6f, 0x72, 0x5f, 0x77, 0x6f, 0x72, 0x6b, 0x73,
  0x00, 0x00,
};
Blob dim_119_7612() { return {k_dim_119_7612, sizeof(k_dim_119_7612)}; }

static const uint8_t k_j120_763[] = {
  0x0a, 0x0a, 0x00, 0x18, 0x6d, 0x69, 0x6e, 0x65, 0x63, 0x72, 0x61, 0x66,
  0x74, 0x3a, 0x64, 0x69, 0x6d, 0x65, 0x6e, 0x73, 0x69, 0x6f, 0x6e, 0x5f,
  0x74, 0x79, 0x70, 0x65, 0x08, 0x00, 0x04, 0x74, 0x79, 0x70, 0x65, 0x00,
  0x18, 0x6d, 0x69, 0x6e, 0x65, 0x63, 0x72, 0x61, 0x66, 0x74, 0x3a, 0x64,
  0x69, 0x6d, 0x65, 0x6e, 0x73, 0x69, 0x6f, 0x6e, 0x5f, 0x74, 0x79, 0x70,
  0x65, 0x09, 0x00, 0x05, 0x76, 0x61, 0x6c, 0x75, 0x65, 0x0a, 0x00, 0x00,
  0x00, 0x01, 0x08, 0x00, 0x04, 0x6e, 0x61, 0x6d, 0x65, 0x00, 0x13, 0x6d,
  0x69, 0x6e, 0x65, 0x63, 0x72, 0x61, 0x66, 0x74, 0x3a, 0x6f, 0x76, 0x65,
  0x72, 0x77, 0x6f, 0x72, 0x6c, 0x64, 0x03, 0x00, 0x02, 0x69, 0x64, 0x00,
  0x00, 0x00, 0x00, 0x0a, 0x00, 0x07, 0x65, 0x6c, 0x65, 0x6d, 0x65, 0x6e,
  0x74, 0x01, 0x00, 0x0b, 0x70, 0x69, 0x67, 0x6c, 0x69, 0x6e, 0x5f, 0x73,
  0x61, 0x66, 0x65, 0x00, 0x01, 0x00, 0x07, 0x6e, 0x61, 0x74, 0x75, 0x72,
  0x61, 0x6c, 0x01, 0x05, 0x00, 0x0d, 0x61, 0x6d, 0x62, 0x69, 0x65, 0x6e,
  0x74, 0x5f, 0x6c, 0x69, 0x67, 0x68, 0x74, 0x00, 0x00, 0x00, 0x00, 0x03,
  0x00, 0x1f, 0x6d, 0x6f, 0x6e, 0x73, 0x74, 0x65, 0x72, 0x5f, 0x73, 0x70,
  0x61, 0x77, 0x6e, 0x5f, 0x62, 0x6c, 0x6f, 0x63, 0x6b, 0x5f, 0x6c, 0x69,
  0x67, 0x68, 0x74, 0x5f, 0x6c, 0x69, 0x6d, 0x69, 0x74, 0x00, 0x00, 0x00,
  0x00, 0x08, 0x00, 0x0a, 0x69, 0x6e, 0x66, 0x69, 0x6e, 0x69, 0x62, 0x75,
  0x72, 0x6e, 0x00, 0x1f, 0x23, 0x6d, 0x69, 0x6e, 0x65, 0x63, 0x72, 0x61,
  0x66, 0x74, 0x3a, 0x69, 0x6e, 0x66, 0x69, 0x6e, 0x69, 0x62, 0x75, 0x72,
  0x6e, 0x5f, 0x6f, 0x76, 0x65, 0x72, 0x77, 0x6f, 0x72, 0x6c, 0x64, 0x01,
  0x00, 0x14, 0x72, 0x65, 0x73, 0x70, 0x61, 0x77, 0x6e, 0x5f, 0x61, 0x6e,
  0x63, 0x68, 0x6f, 0x72, 0x5f, 0x77, 0x6f, 0x72, 0x6b, 0x73, 0x00, 0x01,
  0x00, 0x0c, 0x68, 0x61, 0x73, 0x5f, 0x73, 0x6b, 0x79, 0x6c, 0x69, 0x67,
  0x68, 0x74, 0x01, 0x01, 0x00, 0x09, 0x62, 0x65, 0x64, 0x5f, 0x77, 0x6f,
  0x72, 0x6b, 0x73, 0x01, 0x08, 0x00, 0x07, 0x65, 0x66, 0x66, 0x65, 0x63,
  0x74, 0x73, 0x00, 0x13, 0x6d, 0x69, 0x6e, 0x65, 0x63, 0x72, 0x61, 0x66,
  0x74, 0x3a, 0x6f, 0x76, 0x65, 0x72, 0x77, 0x6f, 0x72, 0x6c, 0x64, 0x01,
  0x00, 0x09, 0x68, 0x61, 0x73, 0x5f, 0x72, 0x61, 0x69, 0x64, 0x73, 0x01,
  0x03, 0x00, 0x0e, 0x6c, 0x6f, 0x67, 0x69, 0x63, 0x61, 0x6c, 0x5f, 0x68,
  0x65, 0x69, 0x67, 0x68, 0x74, 0x00, 0x00, 0x01, 0x80, 0x06, 0x00, 0x10,
  0x63, 0x6f, 0x6f, 0x72, 0x64, 0x69, 0x6e, 0x61, 0x74, 0x65, 0x5f, 0x73,
  0x63, 0x61, 0x6c, 0x65, 0x3f, 0xf0, 0x00, 0x00, 0x00, 0x00, 0x00, 0x00,
  0x0a, 0x00, 0x19, 0x6d, 0x6f, 0x6e, 0x73, 0x74, 0x65, 0x72, 0x5f, 0x73,
  0x70, 0x61, 0x77, 0x6e, 0x5f, 0x6c, 0x69, 0x67, 0x68, 0x74, 0x5f, 0x6c,
  0x65, 0x76, 0x65, 0x6c, 0x08, 0x00, 0x04, 0x74, 0x79, 0x70, 0x65, 0x00,
  0x11, 0x6d, 0x69, 0x6e, 0x65, 0x63, 0x72, 0x61, 0x66, 0x74, 0x3a, 0x75,
  0x6e, 0x69, 0x66, 0x6f, 0x72, 0x6d, 0x0a, 0x00, 0x05, 0x76, 0x61, 0x6c,
  0x75, 0x65, 0x03, 0x00, 0x0d, 0x6d, 0x69, 0x6e, 0x5f, 0x69, 0x6e, 0x63,
  0x6c, 0x75, 0x73, 0x69, 0x76, 0x65, 0x00, 0x00, 0x00, 0x00, 0x03, 0x00,
  0x0d, 0x6d, 0x61, 0x78, 0x5f, 0x69, 0x6e, 0x63, 0x6c, 0x75, 0x73, 0x69,
  0x76, 0x65, 0x00, 0x00, 0x00, 0x07, 0x00, 0x00, 0x03, 0x00, 0x05, 0x6d,
  0x69, 0x6e, 0x5f, 0x79, 0xff, 0xff, 0xff, 0xc0, 0x01, 0x00, 0x09, 0x75,
  0x6c, 0x74, 0x72, 0x61, 0x77, 0x61, 0x72, 0x6d, 0x00, 0x01, 0x00, 0x0b,
  0x68, 0x61, 0x73, 0x5f, 0x63, 0x65, 0x69, 0x6c, 0x69, 0x6e, 0x67, 0x00,
  0x03, 0x00, 0x06, 0x68, 0x65, 0x69, 0x67, 0x68, 0x74, 0x00, 0x00, 0x01,
  0x80, 0x00, 0x00, 0x00, 0x0a, 0x00, 0x18, 0x6d, 0x69, 0x6e, 0x65, 0x63,
  0x72, 0x61, 0x66, 0x74, 0x3a, 0x77, 0x6f, 0x72, 0x6c, 0x64, 0x67, 0x65,
  0x6e, 0x2f, 0x62, 0x69, 0x6f, 0x6d, 0x65, 0x08, 0x00, 0x04, 0x74, 0x79,
  0x70, 0x65, 0x00, 0x18, 0x6d, 0x69, 0x6e, 0x65, 0x63, 0x72, 0x61, 0x66,
  0x74, 0x3a, 0x77, 0x6f, 0x72, 0x6c, 0x64, 0x67, 0x65, 0x6e, 0x2f, 0x62,
  0x69, 0x6f, 0x6d, 0x65, 0x09, 0x00, 0x05, 0x76, 0x61, 0x6c, 0x75, 0x65,
  0x0a, 0x00, 0x00, 0x00, 0x01, 0x08, 0x00, 0x04, 0x6e, 0x61, 0x6d, 0x65,
  0x00, 0x10, 0x6d, 0x69, 0x6e, 0x65, 0x63, 0x72, 0x61, 0x66, 0x74, 0x3a,
  0x70, 0x6c, 0x61, 0x69, 0x6e, 0x73, 0x03, 0x00, 0x02, 0x69, 0x64, 0x00,
  0x00, 0x00, 0x27, 0x0a, 0x00, 0x07, 0x65, 0x6c, 0x65, 0x6d, 0x65, 0x6e,
  0x74, 0x0a, 0x00, 0x07, 0x65, 0x66, 0x66, 0x65, 0x63, 0x74, 0x73, 0x03,
  0x00, 0x09, 0x73, 0x6b, 0x79, 0x5f, 0x63, 0x6f, 0x6c, 0x6f, 0x72, 0x00,
  0x78, 0xa7, 0xff, 0x03, 0x00, 0x0f, 0x77, 0x61, 0x74, 0x65, 0x72, 0x5f,
  0x66, 0x6f, 0x67, 0x5f, 0x63, 0x6f, 0x6c, 0x6f, 0x72, 0x00, 0x05, 0x05,
  0x33, 0x03, 0x00, 0x09, 0x66, 0x6f, 0x67, 0x5f, 0x63, 0x6f, 0x6c, 0x6f,
  0x72, 0x00, 0xc0, 0xd8, 0xff, 0x03, 0x00, 0x0b, 0x77, 0x61, 0x74, 0x65,
  0x72, 0x5f, 0x63, 0x6f, 0x6c, 0x6f, 0x72, 0x00, 0x3f, 0x76, 0xe4, 0x0a,
  0x00, 0x0a, 0x6d, 0x6f, 0x6f, 0x64, 0x5f, 0x73, 0x6f, 0x75, 0x6e, 0x64,
  0x03, 0x00, 0x0a, 0x74, 0x69, 0x63, 0x6b, 0x5f, 0x64, 0x65, 0x6c, 0x61,
  0x79, 0x00, 0x00, 0x17, 0x70, 0x06, 0x00, 0x06, 0x6f, 0x66, 0x66, 0x73,
  0x65, 0x74, 0x40, 0x00, 0x00, 0x00, 0x00, 0x00, 0x00, 0x00, 0x08, 0x00,
  0x05, 0x73, 0x6f, 0x75, 0x6e, 0x64, 0x00, 0x16, 0x6d, 0x69, 0x6e, 0x65,
  0x63, 0x72, 0x61, 0x66, 0x74, 0x3a, 0x61, 0x6d, 0x62, 0x69, 0x65, 0x6e,
  0x74, 0x2e, 0x63, 0x61, 0x76, 0x65, 0x03, 0x00, 0x13, 0x62, 0x6c, 0x6f,
  0x63, 0x6b, 0x5f, 0x73, 0x65, 0x61, 0x72, 0x63, 0x68, 0x5f, 0x65, 0x78,
  0x74, 0x65, 0x6e, 0x74, 0x00, 0x00, 0x00, 0x08, 0x00, 0x00, 0x01, 0x00,
  0x11, 0x68, 0x61, 0x73, 0x5f, 0x70, 0x72, 0x65, 0x63, 0x69, 0x70, 0x69,
  0x74, 0x61, 0x74, 0x69, 0x6f, 0x6e, 0x01, 0x05, 0x00, 0x0b, 0x74, 0x65,
  0x6d, 0x70, 0x65, 0x72, 0x61, 0x74, 0x75, 0x72, 0x65, 0x3f, 0x4c, 0xcc,
  0xcd, 0x05, 0x00, 0x08, 0x64, 0x6f, 0x77, 0x6e, 0x66, 0x61, 0x6c, 0x6c,
  0x3e, 0xcc, 0xcc, 0xcd, 0x00, 0x00, 0x00, 0x0a, 0x00, 0x13, 0x6d, 0x69,
  0x6e, 0x65, 0x63, 0x72, 0x61, 0x66, 0x74, 0x3a, 0x63, 0x68, 0x61, 0x74,
  0x5f, 0x74, 0x79, 0x70, 0x65, 0x08, 0x00, 0x04, 0x74, 0x79, 0x70, 0x65,
  0x00, 0x13, 0x6d, 0x69, 0x6e, 0x65, 0x63, 0x72, 0x61, 0x66, 0x74, 0x3a,
  0x63, 0x68, 0x61, 0x74, 0x5f, 0x74, 0x79, 0x70, 0x65, 0x09, 0x00, 0x05,
  0x76, 0x61, 0x6c, 0x75, 0x65, 0x0a, 0x00, 0x00, 0x00, 0x07, 0x08, 0x00,
  0x04, 0x6e, 0x61, 0x6d, 0x65, 0x00, 0x0e, 0x6d, 0x69, 0x6e, 0x65, 0x63,
  0x72, 0x61, 0x66, 0x74, 0x3a, 0x63, 0x68, 0x61, 0x74, 0x03, 0x00, 0x02,
  0x69, 0x64, 0x00, 0x00, 0x00, 0x00, 0x0a, 0x00, 0x07, 0x65, 0x6c, 0x65,
  0x6d, 0x65, 0x6e, 0x74, 0x0a, 0x00, 0x04, 0x63, 0x68, 0x61, 0x74, 0x08,
  0x00, 0x0f, 0x74, 0x72, 0x61, 0x6e, 0x73, 0x6c, 0x61, 0x74, 0x69, 0x6f,
  0x6e, 0x5f, 0x6b, 0x65, 0x79, 0x00, 0x0e, 0x63, 0x68, 0x61, 0x74, 0x2e,
  0x74, 0x79, 0x70, 0x65, 0x2e, 0x74, 0x65, 0x78, 0x74, 0x09, 0x00, 0x0a,
  0x70, 0x61, 0x72, 0x61, 0x6d, 0x65, 0x74, 0x65, 0x72, 0x73, 0x08, 0x00,
  0x00, 0x00, 0x02, 0x00, 0x06, 0x73, 0x65, 0x6e, 0x64, 0x65, 0x72, 0x00,
  0x07, 0x63, 0x6f, 0x6e, 0x74, 0x65, 0x6e, 0x74, 0x00, 0x0a, 0x00, 0x09,
  0x6e, 0x61, 0x72, 0x72, 0x61, 0x74, 0x69, 0x6f, 0x6e, 0x08, 0x00, 0x0f,
  0x74, 0x72, 0x61, 0x6e, 0x73, 0x6c, 0x61, 0x74, 0x69, 0x6f, 0x6e, 0x5f,
  0x6b, 0x65, 0x79, 0x00, 0x16, 0x63, 0x68, 0x61, 0x74, 0x2e, 0x74, 0x79,
  0x70, 0x65, 0x2e, 0x74, 0x65, 0x78, 0x74, 0x2e, 0x6e, 0x61, 0x72, 0x72,
  0x61, 0x74, 0x65, 0x09, 0x00, 0x0a, 0x70, 0x61, 0x72, 0x61, 0x6d, 0x65,
  0x74, 0x65, 0x72, 0x73, 0x08, 0x00, 0x00, 0x00, 0x02, 0x00, 0x06, 0x73,
  0x65, 0x6e, 0x64, 0x65, 0x72, 0x00, 0x07, 0x63, 0x6f, 0x6e, 0x74, 0x65,
  0x6e, 0x74, 0x00, 0x00, 0x00, 0x08, 0x00, 0x04, 0x6e, 0x61, 0x6d, 0x65,
  0x00, 0x17, 0x6d, 0x69, 0x6e, 0x65, 0x63, 0x72, 0x61, 0x66, 0x74, 0x3a,
  0x65, 0x6d, 0x6f, 0x74, 0x65, 0x5f, 0x63, 0x6f, 0x6d, 0x6d, 0x61, 0x6e,
  0x64, 0x03, 0x00, 0x02, 0x69, 0x64, 0x00, 0x00, 0x00, 0x01, 0x0a, 0x00,
  0x07, 0x65, 0x6c, 0x65, 0x6d, 0x65, 0x6e, 0x74, 0x0a, 0x00, 0x04, 0x63,
  0x68, 0x61, 0x74, 0x08, 0x00, 0x0f, 0x74, 0x72, 0x61, 0x6e, 0x73, 0x6c,
  0x61, 0x74, 0x69, 0x6f, 0x6e, 0x5f, 0x6b, 0x65, 0x79, 0x00, 0x0f, 0x63,
  0x68, 0x61, 0x74, 0x2e, 0x74, 0x79, 0x70, 0x65, 0x2e, 0x65, 0x6d, 0x6f,
  0x74, 0x65, 0x09, 0x00, 0x0a, 0x70, 0x61, 0x72, 0x61, 0x6d, 0x65, 0x74,
  0x65, 0x72, 0x73, 0x08, 0x00, 0x00, 0x00, 0x02, 0x00, 0x06, 0x73, 0x65,
  0x6e, 0x64, 0x65, 0x72, 0x00, 0x07, 0x63, 0x6f, 0x6e, 0x74, 0x65, 0x6e,
  0x74, 0x00, 0x0a, 0x00, 0x09, 0x6e, 0x61, 0x72, 0x72, 0x61, 0x74, 0x69,
  0x6f, 0x6e, 0x08, 0x00, 0x0f, 0x74, 0x72, 0x61, 0x6e, 0x73, 0x6c, 0x61,
  0x74, 0x69, 0x6f, 0x6e, 0x5f, 0x6b, 0x65, 0x79, 0x00, 0x0f, 0x63, 0x68,
  0x61, 0x74, 0x2e, 0x74, 0x79, 0x70, 0x65, 0x2e, 0x65, 0x6d, 0x6f, 0x74,
  0x65, 0x09, 0x00, 0x0a, 0x70, 0x61, 0x72, 0x61, 0x6d, 0x65, 0x74, 0x65,
  0x72, 0x73, 0x08, 0x00, 0x00, 0x00, 0x02, 0x00, 0x06, 0x73, 0x65, 0x6e,
  0x64, 0x65, 0x72, 0x00, 0x07, 0x63, 0x6f, 0x6e, 0x74, 0x65, 0x6e, 0x74,
  0x00, 0x00, 0x00, 0x08, 0x00, 0x04, 0x6e, 0x61, 0x6d, 0x65, 0x00, 0x1e,
  0x6d, 0x69, 0x6e, 0x65, 0x63, 0x72, 0x61, 0x66, 0x74, 0x3a, 0x6d, 0x73,
  0x67, 0x5f, 0x63, 0x6f, 0x6d, 0x6d, 0x61, 0x6e, 0x64, 0x5f, 0x69, 0x6e,
  0x63, 0x6f, 0x6d, 0x69, 0x6e, 0x67, 0x03, 0x00, 0x02, 0x69, 0x64, 0x00,
  0x00, 0x00, 0x02, 0x0a, 0x00, 0x07, 0x65, 0x6c, 0x65, 0x6d, 0x65, 0x6e,
  0x74, 0x0a, 0x00, 0x04, 0x63, 0x68, 0x61, 0x74, 0x08, 0x00, 0x0f, 0x74,
  0x72, 0x61, 0x6e, 0x73, 0x6c, 0x61, 0x74, 0x69, 0x6f, 0x6e, 0x5f, 0x6b,
  0x65, 0x79, 0x00, 0x21, 0x63, 0x6f, 0x6d, 0x6d, 0x61, 0x6e, 0x64, 0x73,
  0x2e, 0x6d, 0x65, 0x73, 0x73, 0x61, 0x67, 0x65, 0x2e, 0x64, 0x69, 0x73,
  0x70, 0x6c, 0x61, 0x79, 0x2e, 0x69, 0x6e, 0x63, 0x6f, 0x6d, 0x69, 0x6e,
  0x67, 0x0a, 0x00, 0x05, 0x73, 0x74, 0x79, 0x6c, 0x65, 0x08, 0x00, 0x05,
  0x63, 0x6f, 0x6c, 0x6f, 0x72, 0x00, 0x04, 0x67, 0x72, 0x61, 0x79, 0x01,
  0x00, 0x06, 0x69, 0x74, 0x61, 0x6c, 0x69, 0x63, 0x01, 0x00, 0x09, 0x00,
  0x0a, 0x70, 0x61, 0x72, 0x61, 0x6d, 0x65, 0x74, 0x65, 0x72, 0x73, 0x08,
  0x00, 0x00, 0x00, 0x02, 0x00, 0x06, 0x73, 0x65, 0x6e, 0x64, 0x65, 0x72,
  0x00, 0x07, 0x63, 0x6f, 0x6e, 0x74, 0x65, 0x6e, 0x74, 0x00, 0x0a, 0x00,
  0x09, 0x6e, 0x61, 0x72, 0x72, 0x61, 0x74, 0x69, 0x6f, 0x6e, 0x08, 0x00,
  0x0f, 0x74, 0x72, 0x61, 0x6e, 0x73, 0x6c, 0x61, 0x74, 0x69, 0x6f, 0x6e,
  0x5f, 0x6b, 0x65, 0x79, 0x00, 0x16, 0x63, 0x68, 0x61, 0x74, 0x2e, 0x74,
  0x79, 0x70, 0x65, 0x2e, 0x74, 0x65, 0x78, 0x74, 0x2e, 0x6e, 0x61, 0x72,
  0x72, 0x61, 0x74, 0x65, 0x09, 0x00, 0x0a, 0x70, 0x61, 0x72, 0x61, 0x6d,
  0x65, 0x74, 0x65, 0x72, 0x73, 0x08, 0x00, 0x00, 0x00, 0x02, 0x00, 0x06,
  0x73, 0x65, 0x6e, 0x64, 0x65, 0x72, 0x00, 0x07, 0x63, 0x6f, 0x6e, 0x74,
  0x65, 0x6e, 0x74, 0x00, 0x00, 0x00, 0x08, 0x00, 0x04, 0x6e, 0x61, 0x6d,
  0x65, 0x00, 0x1e, 0x6d, 0x69, 0x6e, 0x65, 0x63, 0x72, 0x61, 0x66, 0x74,
  0x3a, 0x6d, 0x73, 0x67, 0x5f, 0x63, 0x6f, 0x6d, 0x6d, 0x61, 0x6e, 0x64,
  0x5f, 0x6f, 0x75, 0x74, 0x67, 0x6f, 0x69, 0x6e, 0x67, 0x03, 0x00, 0x02,
  0x69, 0x64, 0x00, 0x00, 0x00, 0x03, 0x0a, 0x00, 0x07, 0x65, 0x6c, 0x65,
  0x6d, 0x65, 0x6e, 0x74, 0x0a, 0x00, 0x04, 0x63, 0x68, 0x61, 0x74, 0x08,
  0x00, 0x0f, 0x74, 0x72, 0x61, 0x6e, 0x73, 0x6c, 0x61, 0x74, 0x69, 0x6f,
  0x6e, 0x5f, 0x6b, 0x65, 0x79, 0x00, 0x21, 0x63, 0x6f, 0x6d, 0x6d, 0x61,
  0x6e, 0x64, 0x73, 0x2e, 0x6d, 0x65, 0x73, 0x73, 0x61, 0x67, 0x65, 0x2e,
  0x64, 0x69, 0x73, 0x70, 0x6c, 0x61, 0x79, 0x2e, 0x6f, 0x75, 0x74, 0x67,
  0x6f, 0x69, 0x6e, 0x67, 0x0a, 0x00, 0x05, 0x73, 0x74, 0x79, 0x6c, 0x65,
  0x08, 0x00, 0x05, 0x63, 0x6f, 0x6c, 0x6f, 0x72, 0x00, 0x04, 0x67, 0x72,
  0x61, 0x79, 0x01, 0x00, 0x06, 0x69, 0x74, 0x61, 0x6c, 0x69, 0x63, 0x01,
  0x00, 0x09, 0x00, 0x0a, 0x70, 0x61, 0x72, 0x61, 0x6d, 0x65, 0x74, 0x65,
  0x72, 0x73, 0x08, 0x00, 0x00, 0x00, 0x02, 0x00, 0x06, 0x74, 0x61, 0x72,
  0x67, 0x65, 0x74, 0x00, 0x07, 0x63, 0x6f, 0x6e, 0x74, 0x65, 0x6e, 0x74,
  0x00, 0x0a, 0x00, 0x09, 0x6e, 0x61, 0x72, 0x72, 0x61, 0x74, 0x69, 0x6f,
  0x6e, 0x08, 0x00, 0x0f, 0x74, 0x72, 0x61, 0x6e, 0x73, 0x6c, 0x61, 0x74,
  0x69, 0x6f, 0x6e, 0x5f, 0x6b, 0x65, 0x79, 0x00, 0x16, 0x63, 0x68, 0x61,
  0x74, 0x2e, 0x74, 0x79, 0x70, 0x65, 0x2e, 0x74, 0x65, 0x78, 0x74, 0x2e,
  0x6e, 0x61, 0x72, 0x72, 0x61, 0x74, 0x65, 0x09, 0x00, 0x0a, 0x70, 0x61,
  0x72, 0x61, 0x6d, 0x65, 0x74, 0x65, 0x72, 0x73, 0x08, 0x00, 0x00, 0x00,
  0x02, 0x00, 0x06, 0x73, 0x65, 0x6e, 0x64, 0x65, 0x72, 0x00, 0x07, 0x63,
  0x6f, 0x6e, 0x74, 0x65, 0x6e, 0x74, 0x00, 0x00, 0x00, 0x08, 0x00, 0x04,
  0x6e, 0x61, 0x6d, 0x65, 0x00, 0x15, 0x6d, 0x69, 0x6e, 0x65, 0x63, 0x72,
  0x61, 0x66, 0x74, 0x3a, 0x73, 0x61, 0x79, 0x5f, 0x63, 0x6f, 0x6d, 0x6d,
  0x61, 0x6e, 0x64, 0x03, 0x00, 0x02, 0x69, 0x64, 0x00, 0x00, 0x00, 0x04,
  0x0a, 0x00, 0x07, 0x65, 0x6c, 0x65, 0x6d, 0x65, 0x6e, 0x74, 0x0a, 0x00,
  0x04, 0x63, 0x68, 0x61, 0x74, 0x08, 0x00, 0x0f, 0x74, 0x72, 0x61, 0x6e,
  0x73, 0x6c, 0x61, 0x74, 0x69, 0x6f, 0x6e, 0x5f, 0x6b, 0x65, 0x79, 0x00,
  0x16, 0x63, 0x68, 0x61, 0x74, 0x2e, 0x74, 0x79, 0x70, 0x65, 0x2e, 0x61,
  0x6e, 0x6e, 0x6f, 0x75, 0x6e, 0x63, 0x65, 0x6d, 0x65, 0x6e, 0x74, 0x09,
  0x00, 0x0a, 0x70, 0x61, 0x72, 0x61, 0x6d, 0x65, 0x74, 0x65, 0x72, 0x73,
  0x08, 0x00, 0x00, 0x00, 0x02, 0x00, 0x06, 0x73, 0x65, 0x6e, 0x64, 0x65,
  0x72, 0x00, 0x07, 0x63, 0x6f, 0x6e, 0x74, 0x65, 0x6e, 0x74, 0x00, 0x0a,
  0x00, 0x09, 0x6e, 0x61, 0x72, 0x72, 0x61, 0x74, 0x69, 0x6f, 0x6e, 0x08,
  0x00, 0x0f, 0x74, 0x72, 0x61, 0x6e, 0x73, 0x6c, 0x61, 0x74, 0x69, 0x6f,
  0x6e, 0x5f, 0x6b, 0x65, 0x79, 0x00, 0x16, 0x63, 0x68, 0x61, 0x74, 0x2e,
  0x74, 0x79, 0x70, 0x65, 0x2e, 0x74, 0x65, 0x78, 0x74, 0x2e, 0x6e, 0x61,
  0x72, 0x72, 0x61, 0x74, 0x65, 0x09, 0x00, 0x0a, 0x70, 0x61, 0x72, 0x61,
  0x6d, 0x65, 0x74, 0x65, 0x72, 0x73, 0x08, 0x00, 0x00, 0x00, 0x02, 0x00,
  0x06, 0x73, 0x65, 0x6e, 0x64, 0x65, 0x72, 0x00, 0x07, 0x63, 0x6f, 0x6e,
  0x74, 0x65, 0x6e, 0x74, 0x00, 0x00, 0x00, 0x08, 0x00, 0x04, 0x6e, 0x61,
  0x6d, 0x65, 0x00, 0x23, 0x6d, 0x69, 0x6e, 0x65, 0x63, 0x72, 0x61, 0x66,
  0x74, 0x3a, 0x74, 0x65, 0x61, 0x6d, 0x5f, 0x6d, 0x73, 0x67, 0x5f, 0x63,
  0x6f, 0x6d, 0x6d, 0x61, 0x6e, 0x64, 0x5f, 0x69, 0x6e, 0x63, 0x6f, 0x6d,
  0x69, 0x6e, 0x67, 0x03, 0x00, 0x02, 0x69, 0x64, 0x00, 0x00, 0x00, 0x05,
  0x0a, 0x00, 0x07, 0x65, 0x6c, 0x65, 0x6d, 0x65, 0x6e, 0x74, 0x0a, 0x00,
  0x04, 0x63, 0x68, 0x61, 0x74, 0x08, 0x00, 0x0f, 0x74, 0x72, 0x61, 0x6e,
  0x73, 0x6c, 0x61, 0x74, 0x69, 0x6f, 0x6e, 0x5f, 0x6b, 0x65, 0x79, 0x00,
  0x13, 0x63, 0x68, 0x61, 0x74, 0x2e, 0x74, 0x79, 0x70, 0x65, 0x2e, 0x74,
  0x65, 0x61, 0x6d, 0x2e, 0x74, 0x65, 0x78, 0x74, 0x09, 0x00, 0x0a, 0x70,
  0x61, 0x72, 0x61, 0x6d, 0x65, 0x74, 0x65, 0x72, 0x73, 0x08, 0x00, 0x00,
  0x00, 0x03, 0x00, 0x06, 0x74, 0x61, 0x72, 0x67, 0x65, 0x74, 0x00, 0x06,
  0x73, 0x65, 0x6e, 0x64, 0x65, 0x72, 0x00, 0x07, 0x63, 0x6f, 0x6e, 0x74,
  0x65, 0x6e, 0x74, 0x00, 0x0a, 0x00, 0x09, 0x6e, 0x61, 0x72, 0x72, 0x61,
  0x74, 0x69, 0x6f, 0x6e, 0x08, 0x00, 0x0f, 0x74, 0x72, 0x61, 0x6e, 0x73,
  0x6c, 0x61, 0x74, 0x69, 0x6f, 0x6e, 0x5f, 0x6b, 0x65, 0x79, 0x00, 0x16,
  0x63, 0x68, 0x61, 0x74, 0x2e, 0x74, 0x79, 0x70, 0x65, 0x2e, 0x74, 0x65,
  0x78, 0x74, 0x2e, 0x6e, 0x61, 0x72, 0x72, 0x61, 0x74, 0x65, 0x09, 0x00,
  0x0a, 0x70, 0x61, 0x72, 0x61, 0x6d, 0x65, 0x74, 0x65, 0x72, 0x73, 0x08,
  0x00, 0x00, 0x00, 0x02, 0x00, 0x06, 0x73, 0x65, 0x6e, 0x64, 0x65, 0x72,
  0x00, 0x07, 0x63, 0x6f, 0x6e, 0x74, 0x65, 0x6e, 0x74, 0x00, 0x00, 0x00,
  0x08, 0x00, 0x04, 0x6e, 0x61, 0x6d, 0x65, 0x00, 0x23, 0x6d, 0x69, 0x6e,
  0x65, 0x63, 0x72, 0x61, 0x66, 0x74, 0x3a, 0x74, 0x65, 0x61, 0x6d, 0x5f,
  0x6d, 0x73, 0x67, 0x5f, 0x63, 0x6f, 0x6d, 0x6d, 0x61, 0x6e, 0x64, 0x5f,
  0x6f, 0x75, 0x74, 0x67, 0x6f, 0x69, 0x6e, 0x67, 0x03, 0x00, 0x02, 0x69,
  0x64, 0x00, 0x00, 0x00, 0x06, 0x0a, 0x00, 0x07, 0x65, 0x6c, 0x65, 0x6d,
  0x65, 0x6e, 0x74, 0x0a, 0x00, 0x04, 0x63, 0x68, 0x61, 0x74, 0x08, 0x00,
  0x0f, 0x74, 0x72, 0x61, 0x6e, 0x73, 0x6c, 0x61, 0x74, 0x69, 0x6f, 0x6e,
  0x5f, 0x6b, 0x65, 0x79, 0x00, 0x13, 0x63, 0x68, 0x61, 0x74, 0x2e, 0x74,
  0x79, 0x70, 0x65, 0x2e, 0x74, 0x65, 0x61, 0x6d, 0x2e, 0x73, 0x65, 0x6e,
  0x74, 0x09, 0x00, 0x0a, 0x70, 0x61, 0x72, 0x61, 0x6d, 0x65, 0x74, 0x65,
  0x72, 0x73, 0x08, 0x00, 0x00, 0x00, 0x03, 0x00, 0x06, 0x74, 0x61, 0x72,
  0x67, 0x65, 0x74, 0x00, 0x06, 0x73, 0x65, 0x6e, 0x64, 0x65, 0x72, 0x00,
  0x07, 0x63, 0x6f, 0x6e, 0x74, 0x65, 0x6e, 0x74, 0x00, 0x0a, 0x00, 0x09,
  0x6e, 0x61, 0x72, 0x72, 0x61, 0x74, 0x69, 0x6f, 0x6e, 0x08, 0x00, 0x0f,
  0x74, 0x72, 0x61, 0x6e, 0x73, 0x6c, 0x61, 0x74, 0x69, 0x6f, 0x6e, 0x5f,
  0x6b, 0x65, 0x79, 0x00, 0x16, 0x63, 0x68, 0x61, 0x74, 0x2e, 0x74, 0x79,
  0x70, 0x65, 0x2e, 0x74, 0x65, 0x78, 0x74, 0x2e, 0x6e, 0x61, 0x72, 0x72,
  0x61, 0x74, 0x65, 0x09, 0x00, 0x0a, 0x70, 0x61, 0x72, 0x61, 0x6d, 0x65,
  0x74, 0x65, 0x72, 0x73, 0x08, 0x00, 0x00, 0x00, 0x02, 0x00, 0x06, 0x73,
  0x65, 0x6e, 0x64, 0x65, 0x72, 0x00, 0x07, 0x63, 0x6f, 0x6e, 0x74, 0x65,
  0x6e, 0x74, 0x00, 0x00, 0x00, 0x00, 0x0a, 0x00, 0x15, 0x6d, 0x69, 0x6e,
  0x65, 0x63, 0x72, 0x61, 0x66, 0x74, 0x3a, 0x64, 0x61, 0x6d, 0x61, 0x67,
  0x65, 0x5f, 0x74, 0x79, 0x70, 0x65, 0x08, 0x00, 0x04, 0x74, 0x79, 0x70,
  0x65, 0x00, 0x15, 0x6d, 0x69, 0x6e, 0x65, 0x63, 0x72, 0x61, 0x66, 0x74,
  0x3a, 0x64, 0x61, 0x6d, 0x61, 0x67, 0x65, 0x5f, 0x74, 0x79, 0x70, 0x65,
  0x09, 0x00, 0x05, 0x76, 0x61, 0x6c, 0x75, 0x65, 0x0a, 0x00, 0x00, 0x00,
  0x2c, 0x08, 0x00, 0x04, 0x6e, 0x61, 0x6d, 0x65, 0x00, 0x0f, 0x6d, 0x69,
  0x6e, 0x65, 0x63, 0x72, 0x61, 0x66, 0x74, 0x3a, 0x61, 0x72, 0x72, 0x6f,
  0x77, 0x03, 0x00, 0x02, 0x69, 0x64, 0x00, 0x00, 0x00, 0x00, 0x0a, 0x00,
  0x07, 0x65, 0x6c, 0x65, 0x6d, 0x65, 0x6e, 0x74, 0x08, 0x00, 0x07, 0x73,
  0x63, 0x61, 0x6c, 0x69, 0x6e, 0x67, 0x00, 0x20, 0x77, 0x68, 0x65, 0x6e,
  0x5f, 0x63, 0x61, 0x75, 0x73, 0x65, 0x64, 0x5f, 0x62, 0x79, 0x5f, 0x6c,
  0x69, 0x76, 0x69, 0x6e, 0x67, 0x5f, 0x6e, 0x6f, 0x6e, 0x5f, 0x70, 0x6c,
  0x61, 0x79, 0x65, 0x72, 0x05, 0x00, 0x0a, 0x65, 0x78, 0x68, 0x61, 0x75,
  0x73, 0x74, 0x69, 0x6f, 0x6e, 0x3d, 0xcc, 0xcc, 0xcd, 0x08, 0x00, 0x0a,
  0x6d, 0x65, 0x73, 0x73, 0x61, 0x67, 0x65, 0x5f, 0x69, 0x64, 0x00, 0x05,
  0x61, 0x72, 0x72, 0x6f, 0x77, 0x00, 0x00, 0x08, 0x00, 0x04, 0x6e, 0x61,
  0x6d, 0x65, 0x00, 0x1b, 0x6d, 0x69, 0x6e, 0x65, 0x63, 0x72, 0x61, 0x66,
  0x74, 0x3a, 0x62, 0x61, 0x64, 0x5f, 0x72, 0x65, 0x73, 0x70, 0x61, 0x77,
  0x6e, 0x5f, 0x70, 0x6f, 0x69, 0x6e, 0x74, 0x03, 0x00, 0x02, 0x69, 0x64,
  0x00, 0x00, 0x00, 0x01, 0x0a, 0x00, 0x07, 0x65, 0x6c, 0x65, 0x6d, 0x65,
  0x6e, 0x74, 0x08, 0x00, 0x07, 0x73, 0x63, 0x61, 0x6c, 0x69, 0x6e, 0x67,
  0x00, 0x06, 0x61, 0x6c, 0x77, 0x61, 0x79, 0x73, 0x05, 0x00, 0x0a, 0x65,
  0x78, 0x68, 0x61, 0x75, 0x73, 0x74, 0x69, 0x6f, 0x6e, 0x3d, 0xcc, 0xcc,
  0xcd, 0x08, 0x00, 0x0a, 0x6d, 0x65, 0x73, 0x73, 0x61, 0x67, 0x65, 0x5f,
  0x69, 0x64, 0x00, 0x0f, 0x62, 0x61, 0x64, 0x52, 0x65, 0x73, 0x70, 0x61,
  0x77, 0x6e, 0x50, 0x6f, 0x69, 0x6e, 0x74, 0x08, 0x00, 0x12, 0x64, 0x65,
  0x61, 0x74, 0x68, 0x5f, 0x6d, 0x65, 0x73, 0x73, 0x61, 0x67, 0x65, 0x5f,
  0x74, 0x79, 0x70, 0x65, 0x00, 0x17, 0x69, 0x6e, 0x74, 0x65, 0x6e, 0x74,
  0x69, 0x6f, 0x6e, 0x61, 0x6c, 0x5f, 0x67, 0x61, 0x6d, 0x65, 0x5f, 0x64,
  0x65, 0x73, 0x69, 0x67, 0x6e, 0x00, 0x00, 0x08, 0x00, 0x04, 0x6e, 0x61,
  0x6d, 0x65, 0x00, 0x10, 0x6d, 0x69, 0x6e, 0x65, 0x63, 0x72, 0x61, 0x66,
  0x74, 0x3a, 0x63, 0x61, 0x63, 0x74, 0x75, 0x73, 0x03, 0x00, 0x02, 0x69,
  0x64, 0x00, 0x00, 0x00, 0x02, 0x0a, 0x00, 0x07, 0x65, 0x6c, 0x65, 0x6d,
  0x65, 0x6e, 0x74, 0x08, 0x00, 0x07, 0x73, 0x63, 0x61, 0x6c, 0x69, 0x6e,
  0x67, 0x00, 0x20, 0x77, 0x68, 0x65, 0x6e, 0x5f, 0x63, 0x61, 0x75, 0x73,
  0x65, 0x64, 0x5f, 0x62, 0x79, 0x5f, 0x6c, 0x69, 0x76, 0x69, 0x6e, 0x67,
  0x5f, 0x6e, 0x6f, 0x6e, 0x5f, 0x70, 0x6c, 0x61, 0x79, 0x65, 0x72, 0x05,
  0x00, 0x0a, 0x65, 0x78, 0x68, 0x61, 0x75, 0x73, 0x74, 0x69, 0x6f, 0x6e,
  0x3d, 0xcc, 0xcc, 0xcd, 0x08, 0x00, 0x0a, 0x6d, 0x65, 0x73, 0x73, 0x61,
  0x67, 0x65, 0x5f, 0x69, 0x64, 0x00, 0x06, 0x63, 0x61, 0x63, 0x74, 0x75,
  0x73, 0x00, 0x00, 0x08, 0x00, 0x04, 0x6e, 0x61, 0x6d, 0x65, 0x00, 0x12,
  0x6d, 0x69, 0x6e, 0x65, 0x63, 0x72, 0x61, 0x66, 0x74, 0x3a, 0x63, 0x72,
  0x61, 0x6d, 0x6d, 0x69, 0x6e, 0x67, 0x03, 0x00, 0x02, 0x69, 0x64, 0x00,
  0x00, 0x00, 0x03, 0x0a, 0x00, 0x07, 0x65, 0x6c, 0x65, 0x6d, 0x65, 0x6e,
  0x74, 0x08, 0x00, 0x07, 0x73, 0x63, 0x61, 0x6c, 0x69, 0x6e, 0x67, 0x00,
  0x20, 0x77, 0x68, 0x65, 0x6e, 0x5f, 0x63, 0x61, 0x75, 0x73, 0x65, 0x64,
  0x5f, 0x62, 0x79, 0x5f, 0x6c, 0x69, 0x76, 0x69, 0x6e, 0x67, 0x5f, 0x6e,
  0x6f, 0x6e, 0x5f, 0x70, 0x6c, 0x61, 0x79, 0x65, 0x72, 0x05, 0x00, 0x0a,
  0x65, 0x78, 0x68, 0x61, 0x75, 0x73, 0x74, 0x69, 0x6f, 0x6e, 0x00, 0x00,
  0x00, 0x00, 0x08, 0x00, 0x0a, 0x6d, 0x65, 0x73, 0x73, 0x61, 0x67, 0x65,
  0x5f, 0x69, 0x64, 0x00, 0x08, 0x63, 0x72, 0x61, 0x6d, 0x6d, 0x69, 0x6e,
  0x67, 0x00, 0x00, 0x08, 0x00, 0x04, 0x6e, 0x61, 0x6d, 0x65, 0x00, 0x17,
  0x6d, 0x69, 0x6e, 0x65, 0x63, 0x72, 0x61, 0x66, 0x74, 0x3a, 0x64, 0x72,
  0x61, 0x67, 0x6f, 0x6e, 0x5f, 0x62, 0x72, 0x65, 0x61, 0x74, 0x68, 0x03,
  0x00, 0x02, 0x69, 0x64, 0x00, 0x00, 0x00, 0x04, 0x0a, 0x00, 0x07, 0x65,
  0x6c, 0x65, 0x6d, 0x65, 0x6e, 0x74, 0x08, 0x00, 0x07, 0x73, 0x63, 0x61,
  0x6c, 0x69, 0x6e, 0x67, 0x00, 0x20, 0x77, 0x68, 0x65, 0x6e, 0x5f, 0x63,
  0x61, 0x75, 0x73, 0x65, 0x64, 0x5f, 0x62, 0x79, 0x5f, 0x6c, 0x69, 0x76,
  0x69, 0x6e, 0x67, 0x5f, 0x6e, 0x6f, 0x6e, 0x5f, 0x70, 0x6c, 0x61, 0x79,
  0x65, 0x72, 0x05, 0x00, 0x0a, 0x65, 0x78, 0x68, 0x61, 0x75, 0x73, 0x74,
  0x69, 0x6f, 0x6e, 0x00, 0x00, 0x00, 0x00, 0x08, 0x00, 0x0a, 0x6d, 0x65,
  0x73, 0x73, 0x61, 0x67, 0x65, 0x5f, 0x69, 0x64, 0x00, 0x0c, 0x64, 0x72,
  0x61, 0x67, 0x6f, 0x6e, 0x42, 0x72, 0x65, 0x61, 0x74, 0x68, 0x00, 0x00,
  0x08, 0x00, 0x04, 0x6e, 0x61, 0x6d, 0x65, 0x00, 0x0f, 0x6d, 0x69, 0x6e,
  0x65, 0x63, 0x72, 0x61, 0x66, 0x74, 0x3a, 0x64, 0x72, 0x6f, 0x77, 0x6e,
  0x03, 0x00, 0x02, 0x69, 0x64, 0x00, 0x00, 0x00, 0x05, 0x0a, 0x00, 0x07,
  0x65, 0x6c, 0x65, 0x6d, 0x65, 0x6e, 0x74, 0x08, 0x00, 0x07, 0x65, 0x66,
  0x66, 0x65, 0x63, 0x74, 0x73, 0x00, 0x08, 0x64, 0x72, 0x6f, 0x77, 0x6e,
  0x69, 0x6e, 0x67, 0x08, 0x00, 0x07, 0x73, 0x63, 0x61, 0x6c, 0x69, 0x6e,
  0x67, 0x00, 0x20, 0x77, 0x68, 0x65, 0x6e, 0x5f, 0x63, 0x61, 0x75, 0x73,
  0x65, 0x64, 0x5f, 0x62, 0x79, 0x5f, 0x6c, 0x69, 0x76, 0x69, 0x6e, 0x67,
  0x5f, 0x6e, 0x6f, 0x6e, 0x5f, 0x70, 0x6c, 0x61, 0x79, 0x65, 0x72, 0x05,
  0x00, 0x0a, 0x65, 0x78, 0x68, 0x61, 0x75, 0x73, 0x74, 0x69, 0x6f, 0x6e,
  0x00, 0x00, 0x00, 0x00, 0x08, 0x00, 0x0a, 0x6d, 0x65, 0x73, 0x73, 0x61,
  0x67, 0x65, 0x5f, 0x69, 0x64, 0x00, 0x05, 0x64, 0x72, 0x6f, 0x77, 0x6e,
  0x00, 0x00, 0x08, 0x00, 0x04, 0x6e, 0x61, 0x6d, 0x65, 0x00, 0x11, 0x6d,
  0x69, 0x6e, 0x65, 0x63, 0x72, 0x61, 0x66, 0x74, 0x3a, 0x64, 0x72, 0x79,
  0x5f, 0x6f, 0x75, 0x74, 0x03, 0x00, 0x02, 0x69, 0x64, 0x00, 0x00, 0x00,
  0x06, 0x0a, 0x00, 0x07, 0x65, 0x6c, 0x65, 0x6d, 0x65, 0x6e, 0x74, 0x08,
  0x00, 0x07, 0x73, 0x63, 0x61, 0x6c, 0x69, 0x6e, 0x67, 0x00, 0x20, 0x77,
  0x68, 0x65, 0x6e, 0x5f, 0x63, 0x61, 0x75, 0x73, 0x65, 0x64, 0x5f, 0x62,
  0x79, 0x5f, 0x6c, 0x69, 0x76, 0x69, 0x6e, 0x67, 0x5f, 0x6e, 0x6f, 0x6e,
  0x5f, 0x70, 0x6c, 0x61, 0x79, 0x65, 0x72, 0x05, 0x00, 0x0a, 0x65, 0x78,
  0x68, 0x61, 0x75, 0x73, 0x74, 0x69, 0x6f, 0x6e, 0x3d, 0xcc, 0xcc, 0xcd,
  0x08, 0x00, 0x0a, 0x6d, 0x65, 0x73, 0x73, 0x61, 0x67, 0x65, 0x5f, 0x69,
  0x64, 0x00, 0x06, 0x64, 0x72, 0x79, 0x6f, 0x75, 0x74, 0x00, 0x00, 0x08,
  0x00, 0x04, 0x6e, 0x61, 0x6d, 0x65, 0x00, 0x13, 0x6d, 0x69, 0x6e, 0x65,
  0x63, 0x72, 0x61, 0x66, 0x74, 0x3a, 0x65, 0x78, 0x70, 0x6c, 0x6f, 0x73,
  0x69, 0x6f, 0x6e, 0x03, 0x00, 0x02, 0x69, 0x64, 0x00, 0x00, 0x00, 0x07,
  0x0a, 0x00, 0x07, 0x65, 0x6c, 0x65, 0x6d, 0x65, 0x6e, 0x74, 0x08, 0x00,
  0x07, 0x73, 0x63, 0x61, 0x6c, 0x69, 0x6e, 0x67, 0x00, 0x06, 0x61, 0x6c,
  0x77, 0x61, 0x79, 0x73, 0x05, 0x00, 0x0a, 0x65, 0x78, 0x68, 0x61, 0x75,
  0x73, 0x74, 0x69, 0x6f, 0x6e, 0x3d, 0xcc, 0xcc, 0xcd, 0x08, 0x00, 0x0a,
  0x6d, 0x65, 0x73, 0x73, 0x61, 0x67, 0x65, 0x5f, 0x69, 0x64, 0x00, 0x09,
  0x65, 0x78, 0x70, 0x6c, 0x6f, 0x73, 0x69, 0x6f, 0x6e, 0x00, 0x00, 0x08,
  0x00, 0x04, 0x6e, 0x61, 0x6d, 0x65, 0x00, 0x0e, 0x6d, 0x69, 0x6e, 0x65,
  0x63, 0x72, 0x61, 0x66, 0x74, 0x3a, 0x66, 0x61, 0x6c, 0x6c, 0x03, 0x00,
  0x02, 0x69, 0x64, 0x00, 0x00, 0x00, 0x08, 0x0a, 0x00, 0x07, 0x65, 0x6c,
  0x65, 0x6d, 0x65, 0x6e, 0x74, 0x08, 0x00, 0x07, 0x73, 0x63, 0x61, 0x6c,
  0x69, 0x6e, 0x67, 0x00, 0x20, 0x77, 0x68, 0x65, 0x6e, 0x5f, 0x63, 0x61,
  0x75, 0x73, 0x65, 0x64, 0x5f, 0x62, 0x79, 0x5f, 0x6c, 0x69, 0x76, 0x69,
  0x6e, 0x67, 0x5f, 0x6e, 0x6f, 0x6e, 0x5f, 0x70, 0x6c, 0x61, 0x79, 0x65,
  0x72, 0x05, 0x00, 0x0a, 0x65, 0x78, 0x68, 0x61, 0x75, 0x73, 0x74, 0x69,
  0x6f, 0x6e, 0x00, 0x00, 0x00, 0x00, 0x08, 0x00, 0x0a, 0x6d, 0x65, 0x73,
  0x73, 0x61, 0x67, 0x65, 0x5f, 0x69, 0x64, 0x00, 0x04, 0x66, 0x61, 0x6c,
  0x6c, 0x08, 0x00, 0x12, 0x64, 0x65, 0x61, 0x74, 0x68, 0x5f, 0x6d, 0x65,
  0x73, 0x73, 0x61, 0x67, 0x65, 0x5f, 0x74, 0x79, 0x70, 0x65, 0x00, 0x0d,
  0x66, 0x61, 0x6c, 0x6c, 0x5f, 0x76, 0x61, 0x72, 0x69, 0x61, 0x6e, 0x74,
  0x73, 0x00, 0x00, 0x08, 0x00, 0x04, 0x6e, 0x61, 0x6d, 0x65, 0x00, 0x17,
  0x6d, 0x69, 0x6e, 0x65, 0x63, 0x72, 0x61, 0x66, 0x74, 0x3a, 0x66, 0x61,
  0x6c, 0x6c, 0x69, 0x6e, 0x67, 0x5f, 0x61, 0x6e, 0x76, 0x69, 0x6c, 0x03,
  0x00, 0x02, 0x69, 0x64, 0x00, 0x00, 0x00, 0x09, 0x0a, 0x00, 0x07, 0x65,
  0x6c, 0x65, 0x6d, 0x65, 0x6e, 0x74, 0x08, 0x00, 0x07, 0x73, 0x63, 0x61,
  0x6c, 0x69, 0x6e, 0x67, 0x00, 0x20, 0x77, 0x68, 0x65, 0x6e, 0x5f, 0x63,
  0x61, 0x75, 0x73, 0x65, 0x64, 0x5f, 0x62, 0x79, 0x5f, 0x6c, 0x69, 0x76,
  0x69, 0x6e, 0x67, 0x5f, 0x6e, 0x6f, 0x6e, 0x5f, 0x70, 0x6c, 0x61, 0x79,
  0x65, 0x72, 0x05, 0x00, 0x0a, 0x65, 0x78, 0x68, 0x61, 0x75, 0x73, 0x74,
  0x69, 0x6f, 0x6e, 0x3d, 0xcc, 0xcc, 0xcd, 0x08, 0x00, 0x0a, 0x6d, 0x65,
  0x73, 0x73, 0x61, 0x67, 0x65, 0x5f, 0x69, 0x64, 0x00, 0x05, 0x61, 0x6e,
  0x76, 0x69, 0x6c, 0x00, 0x00, 0x08, 0x00, 0x04, 0x6e, 0x61, 0x6d, 0x65,
  0x00, 0x17, 0x6d, 0x69, 0x6e, 0x65, 0x63, 0x72, 0x61, 0x66, 0x74, 0x3a,
  0x66, 0x61, 0x6c, 0x6c, 0x69, 0x6e, 0x67, 0x5f, 0x62, 0x6c, 0x6f, 0x63,
  0x6b, 0x03, 0x00, 0x02, 0x69, 0x64, 0x00, 0x00, 0x00, 0x0a, 0x0a, 0x00,
  0x07, 0x65, 0x6c, 0x65, 0x6d, 0x65, 0x6e, 0x74, 0x08, 0x00, 0x07, 0x73,
  0x63, 0x61, 0x6c, 0x69, 0x6e, 0x67, 0x00, 0x20, 0x77, 0x68, 0x65, 0x6e,
  0x5f, 0x63, 0x61, 0x75, 0x73, 0x65, 0x64, 0x5f, 0x62, 0x79, 0x5f, 0x6c,
  0x69, 0x76, 0x69, 0x6e, 0x67, 0x5f, 0x6e, 0x6f, 0x6e, 0x5f, 0x70, 0x6c,
  0x61, 0x79, 0x65, 0x72, 0x05, 0x00, 0x0a, 0x65, 0x78, 0x68, 0x61, 0x75,
  0x73, 0x74, 0x69, 0x6f, 0x6e, 0x3d, 0xcc, 0xcc, 0xcd, 0x08, 0x00, 0x0a,
  0x6d, 0x65, 0x73, 0x73, 0x61, 0x67, 0x65, 0x5f, 0x69, 0x64, 0x00, 0x0c,
  0x66, 0x61, 0x6c, 0x6c, 0x69, 0x6e, 0x67, 0x42, 0x6c, 0x6f, 0x63, 0x6b,
  0x00, 0x00, 0x08, 0x00, 0x04, 0x6e, 0x61, 0x6d, 0x65, 0x00, 0x1c, 0x6d,
  0x69, 0x6e, 0x65, 0x63, 0x72, 0x61, 0x66, 0x74, 0x3a, 0x66, 0x61, 0x6c,
  0x6c, 0x69, 0x6e, 0x67, 0x5f, 0x73, 0x74, 0x61, 0x6c, 0x61, 0x63, 0x74,
  0x69, 0x74, 0x65, 0x03, 0x00, 0x02, 0x69, 0x64, 0x00, 0x00, 0x00, 0x0b,
  0x0a, 0x00, 0x07, 0x65, 0x6c, 0x65, 0x6d, 0x65, 0x6e, 0x74, 0x08, 0x00,
  0x07, 0x73, 0x63, 0x61, 0x6c, 0x69, 0x6e, 0x67, 0x00, 0x20, 0x77, 0x68,
  0x65, 0x6e, 0x5f, 0x63, 0x61, 0x75, 0x73, 0x65, 0x64, 0x5f, 0x62, 0x79,
  0x5f, 0x6c, 0x69, 0x76, 0x69, 0x6e, 0x67, 0x5f, 0x6e, 0x6f, 0x6e, 0x5f,
  0x70, 0x6c, 0x61, 0x79, 0x65, 0x72, 0x05, 0x00, 0x0a, 0x65, 0x78, 0x68,
  0x61, 0x75, 0x73, 0x74, 0x69, 0x6f, 0x6e, 0x3d, 0xcc, 0xcc, 0xcd, 0x08,
  0x00, 0x0a, 0x6d, 0x65, 0x73, 0x73, 0x61, 0x67, 0x65, 0x5f, 0x69, 0x64,
  0x00, 0x11, 0x66, 0x61, 0x6c, 0x6c, 0x69, 0x6e, 0x67, 0x53, 0x74, 0x61,
  0x6c, 0x61, 0x63, 0x74, 0x69, 0x74, 0x65, 0x00, 0x00, 0x08, 0x00, 0x04,
  0x6e, 0x61, 0x6d, 0x65, 0x00, 0x12, 0x6d, 0x69, 0x6e, 0x65, 0x63, 0x72,
  0x61, 0x66, 0x74, 0x3a, 0x66, 0x69, 0x72, 0x65, 0x62, 0x61, 0x6c, 0x6c,
  0x03, 0x00, 0x02, 0x69, 0x64, 0x00, 0x00, 0x00, 0x0c, 0x0a, 0x00, 0x07,
  0x65, 0x6c, 0x65, 0x6d, 0x65, 0x6e, 0x74, 0x08, 0x00, 0x07, 0x65, 0x66,
  0x66, 0x65, 0x63, 0x74, 0x73, 0x00, 0x07, 0x62, 0x75, 0x72, 0x6e, 0x69,
  0x6e, 0x67, 0x08, 0x00, 0x07, 0x73, 0x63, 0x61, 0x6c, 0x69, 0x6e, 0x67,
  0x00, 0x20, 0x77, 0x68, 0x65, 0x6e, 0x5f, 0x63, 0x61, 0x75, 0x73, 0x65,
  0x64, 0x5f, 0x62, 0x79, 0x5f, 0x6c, 0x69, 0x76, 0x69, 0x6e, 0x67, 0x5f,
  0x6e, 0x6f, 0x6e, 0x5f, 0x70, 0x6c, 0x61, 0x79, 0x65, 0x72, 0x05, 0x00,
  0x0a, 0x65, 0x78, 0x68, 0x61, 0x75, 0x73, 0x74, 0x69, 0x6f, 0x6e, 0x3d,
  0xcc, 0xcc, 0xcd, 0x08, 0x00, 0x0a, 0x6d, 0x65, 0x73, 0x73, 0x61, 0x67,
  0x65, 0x5f, 0x69, 0x64, 0x00, 0x08, 0x66, 0x69, 0x72, 0x65, 0x62, 0x61,
  0x6c, 0x6c, 0x00, 0x00, 0x08, 0x00, 0x04, 0x6e, 0x61, 0x6d, 0x65, 0x00,
  0x13, 0x6d, 0x69, 0x6e, 0x65, 0x63, 0x72, 0x61, 0x66, 0x74, 0x3a, 0x66,
  0x69, 0x72, 0x65, 0x77, 0x6f, 0x72, 0x6b, 0x73, 0x03, 0x00, 0x02, 0x69,
  0x64, 0x00, 0x00, 0x00, 0x0d, 0x0a, 0x00, 0x07, 0x65, 0x6c, 0x65, 0x6d,
  0x65, 0x6e, 0x74, 0x08, 0x00, 0x07, 0x73, 0x63, 0x61, 0x6c, 0x69, 0x6e,
  0x67, 0x00, 0x20, 0x77, 0x68, 0x65, 0x6e, 0x5f, 0x63, 0x61, 0x75, 0x73,
  0x65, 0x64, 0x5f, 0x62, 0x79, 0x5f, 0x6c, 0x69, 0x76, 0x69, 0x6e, 0x67,
  0x5f, 0x6e, 0x6f, 0x6e, 0x5f, 0x70, 0x6c, 0x61, 0x79, 0x65, 0x72, 0x05,
  0x00, 0x0a, 0x65, 0x78, 0x68, 0x61, 0x75, 0x73, 0x74, 0x69, 0x6f, 0x6e,
  0x3d, 0xcc, 0xcc, 0xcd, 0x08, 0x00, 0x0a, 0x6d, 0x65, 0x73, 0x73, 0x61,
  0x67, 0x65, 0x5f, 0x69, 0x64, 0x00, 0x09, 0x66, 0x69, 0x72, 0x65, 0x77,
  0x6f, 0x72, 0x6b, 0x73, 0x00, 0x00, 0x08, 0x00, 0x04, 0x6e, 0x61, 0x6d,
  0x65, 0x00, 0x17, 0x6d, 0x69, 0x6e, 0x65, 0x63, 0x72, 0x61, 0x66, 0x74,
  0x3a, 0x66, 0x6c, 0x79, 0x5f, 0x69, 0x6e, 0x74, 0x6f, 0x5f, 0x77, 0x61,
  0x6c, 0x6c, 0x03, 0x00, 0x02, 0x69, 0x64, 0x00, 0x00, 0x00, 0x0e, 0x0a,
  0x00, 0x07, 0x65, 0x6c, 0x65, 0x6d, 0x65, 0x6e, 0x74, 0x08, 0x00, 0x07,
  0x73, 0x63, 0x61, 0x6c, 0x69, 0x6e, 0x67, 0x00, 0x20, 0x77, 0x68, 0x65,
  0x6e, 0x5f, 0x63, 0x61, 0x75, 0x73, 0x65, 0x64, 0x5f, 0x62, 0x79, 0x5f,
  0x6c, 0x69, 0x76, 0x69, 0x6e, 0x67, 0x5f, 0x6e, 0x6f, 0x6e, 0x5f, 0x70,
  0x6c, 0x61, 0x79, 0x65, 0x72, 0x05, 0x00, 0x0a, 0x65, 0x78, 0x68, 0x61,
  0x75, 0x73, 0x74, 0x69, 0x6f, 0x6e, 0x00, 0x00, 0x00, 0x00, 0x08, 0x00,
  0x0a, 0x6d, 0x65, 0x73, 0x73, 0x61, 0x67, 0x65, 0x5f, 0x69, 0x64, 0x00,
  0x0b, 0x66, 0x6c, 0x79, 0x49, 0x6e, 0x74, 0x6f, 0x57, 0x61, 0x6c, 0x6c,
  0x00, 0x00, 0x08, 0x00, 0x04, 0x6e, 0x61, 0x6d, 0x65, 0x00, 0x10, 0x6d,
  0x69, 0x6e, 0x65, 0x63, 0x72, 0x61, 0x66, 0x74, 0x3a, 0x66, 0x72, 0x65,
  0x65, 0x7a, 0x65, 0x03, 0x00, 0x02, 0x69, 0x64, 0x00, 0x00, 0x00, 0x0f,
  0x0a, 0x00, 0x07, 0x65, 0x6c, 0x65, 0x6d, 0x65, 0x6e, 0x74, 0x08, 0x00,
  0x07, 0x65, 0x66, 0x66, 0x65, 0x63, 0x74, 0x73, 0x00, 0x08, 0x66, 0x72,
  0x65, 0x65, 0x7a, 0x69, 0x6e, 0x67, 0x08, 0x00, 0x07, 0x73, 0x63, 0x61,
  0x6c, 0x69, 0x6e, 0x67, 0x00, 0x20, 0x77, 0x68, 0x65, 0x6e, 0x5f, 0x63,
  0x61, 0x75, 0x73, 0x65, 0x64, 0x5f, 0x62, 0x79, 0x5f, 0x6c, 0x69, 0x76,
  0x69, 0x6e, 0x67, 0x5f, 0x6e, 0x6f, 0x6e, 0x5f, 0x70, 0x6c, 0x61, 0x79,
  0x65, 0x72, 0x05, 0x00, 0x0a, 0x65, 0x78, 0x68, 0x61, 0x75, 0x73, 0x74,
  0x69, 0x6f, 0x6e, 0x00, 0x00, 0x00, 0x00, 0x08, 0x00, 0x0a, 0x6d, 0x65,
  0x73, 0x73, 0x61, 0x67, 0x65, 0x5f, 0x69, 0x64, 0x00, 0x06, 0x66, 0x72,
  0x65, 0x65, 0x7a, 0x65, 0x00, 0x00, 0x08, 0x00, 0x04, 0x6e, 0x61, 0x6d,
  0x65, 0x00, 0x11, 0x6d, 0x69, 0x6e, 0x65, 0x63, 0x72, 0x61, 0x66, 0x74,
  0x3a, 0x67, 0x65, 0x6e, 0x65, 0x72, 0x69, 0x63, 0x03, 0x00, 0x02, 0x69,
  0x64, 0x00, 0x00, 0x00, 0x10, 0x0a, 0x00, 0x07, 0x65, 0x6c, 0x65, 0x6d,
  0x65, 0x6e, 0x74, 0x08, 0x00, 0x07, 0x73, 0x63, 0x61, 0x6c, 0x69, 0x6e,
  0x67, 0x00, 0x20, 0x77, 0x68, 0x65, 0x6e, 0x5f, 0x63, 0x61, 0x75, 0x73,
  0x65, 0x64, 0x5f, 0x62, 0x79, 0x5f, 0x6c, 0x69, 0x76, 0x69, 0x6e, 0x67,
  0x5f, 0x6e, 0x6f, 0x6e, 0x5f, 0x70, 0x6c, 0x61, 0x79, 0x65, 0x72, 0x05,
  0x00, 0x0a, 0x65, 0x78, 0x68, 0x61, 0x75, 0x73, 0x74, 0x69, 0x6f, 0x6e,
  0x00, 0x00, 0x00, 0x00, 0x08, 0x00, 0x0a, 0x6d, 0x65, 0x73, 0x73, 0x61,
  0x67, 0x65, 0x5f, 0x69, 0x64, 0x00, 0x07, 0x67, 0x65, 0x6e, 0x65, 0x72,
  0x69, 0x63, 0x00, 0x00, 0x08, 0x00, 0x04, 0x6e, 0x61, 0x6d, 0x65, 0x00,
  0x16, 0x6d, 0x69, 0x6e, 0x65, 0x63, 0x72, 0x61, 0x66, 0x74, 0x3a, 0x67,
  0x65, 0x6e, 0x65, 0x72, 0x69, 0x63, 0x5f, 0x6b, 0x69, 0x6c, 0x6c, 0x03,
  0x00, 0x02, 0x69, 0x64, 0x00, 0x00, 0x00, 0x11, 0x0a, 0x00, 0x07, 0x65,
  0x6c, 0x65, 0x6d, 0x65, 0x6e, 0x74, 0x08, 0x00, 0x07, 0x73, 0x63, 0x61,
  0x6c, 0x69, 0x6e, 0x67, 0x00, 0x20, 0x77, 0x68, 0x65, 0x6e, 0x5f, 0x63,
  0x61, 0x75, 0x73, 0x65, 0x64, 0x5f, 0x62, 0x79, 0x5f, 0x6c, 0x69, 0x76,
  0x69, 0x6e, 0x67, 0x5f, 0x6e, 0x6f, 0x6e, 0x5f, 0x70, 0x6c, 0x61, 0x79,
  0x65, 0x72, 0x05, 0x00, 0x0a, 0x65, 0x78, 0x68, 0x61, 0x75, 0x73, 0x74,
  0x69, 0x6f, 0x6e, 0x00, 0x00, 0x00, 0x00, 0x08, 0x00, 0x0a, 0x6d, 0x65,
  0x73, 0x73, 0x61, 0x67, 0x65, 0x5f, 0x69, 0x64, 0x00, 0x0b, 0x67, 0x65,
  0x6e, 0x65, 0x72, 0x69, 0x63, 0x4b, 0x69, 0x6c, 0x6c, 0x00, 0x00, 0x08,
  0x00, 0x04, 0x6e, 0x61, 0x6d, 0x65, 0x00, 0x13, 0x6d, 0x69, 0x6e, 0x65,
  0x63, 0x72, 0x61, 0x66, 0x74, 0x3a, 0x68, 0x6f, 0x74, 0x5f, 0x66, 0x6c,
  0x6f, 0x6f, 0x72, 0x03, 0x00, 0x02, 0x69, 0x64, 0x00, 0x00, 0x00, 0x12,
  0x0a, 0x00, 0x07, 0x65, 0x6c, 0x65, 0x6d, 0x65, 0x6e, 0x74, 0x08, 0x00,
  0x07, 0x65, 0x66, 0x66, 0x65, 0x63, 0x74, 0x73, 0x00, 0x07, 0x62, 0x75,
  0x72, 0x6e, 0x69, 0x6e, 0x67, 0x08, 0x00, 0x07, 0x73, 0x63, 0x61, 0x6c,
  0x69, 0x6e, 0x67, 0x00, 0x20, 0x77, 0x68, 0x65, 0x6e, 0x5f, 0x63, 0x61,
  0x75, 0x73, 0x65, 0x64, 0x5f, 0x62, 0x79, 0x5f, 0x6c, 0x69, 0x76, 0x69,
  0x6e, 0x67, 0x5f, 0x6e, 0x6f, 0x6e, 0x5f, 0x70, 0x6c, 0x61, 0x79, 0x65,
  0x72, 0x05, 0x00, 0x0a, 0x65, 0x78, 0x68, 0x61, 0x75, 0x73, 0x74, 0x69,
  0x6f, 0x6e, 0x3d, 0xcc, 0xcc, 0xcd, 0x08, 0x00, 0x0a, 0x6d, 0x65, 0x73,
  0x73, 0x61, 0x67, 0x65, 0x5f, 0x69, 0x64, 0x00, 0x08, 0x68, 0x6f, 0x74,
  0x46, 0x6c, 0x6f, 0x6f, 0x72, 0x00, 0x00, 0x08, 0x00, 0x04, 0x6e, 0x61,
  0x6d, 0x65, 0x00, 0x11, 0x6d, 0x69, 0x6e, 0x65, 0x63, 0x72, 0x61, 0x66,
  0x74, 0x3a, 0x69, 0x6e, 0x5f, 0x66, 0x69, 0x72, 0x65, 0x03, 0x00, 0x02,
  0x69, 0x64, 0x00, 0x00, 0x00, 0x13, 0x0a, 0x00, 0x07, 0x65, 0x6c, 0x65,
  0x6d, 0x65, 0x6e, 0x74, 0x08, 0x00, 0x07, 0x65, 0x66, 0x66, 0x65, 0x63,
  0x74, 0x73, 0x00, 0x07, 0x62, 0x75, 0x72, 0x6e, 0x69, 0x6e, 0x67, 0x08,
  0x00, 0x07, 0x73, 0x63, 0x61, 0x6c, 0x69, 0x6e, 0x67, 0x00, 0x20, 0x77,
  0x68, 0x65, 0x6e, 0x5f, 0x63, 0x61, 0x75, 0x73, 0x65, 0x64, 0x5f, 0x62,
  0x79, 0x5f, 0x6c, 0x69, 0x76, 0x69, 0x6e, 0x67, 0x5f, 0x6e, 0x6f, 0x6e,
  0x5f, 0x70, 0x6c, 0x61, 0x79, 0x65, 0x72, 0x05, 0x00, 0x0a, 0x65, 0x78,
  0x68, 0x61, 0x75, 0x73, 0x74, 0x69, 0x6f, 0x6e, 0x3d, 0xcc, 0xcc, 0xcd,
  0x08, 0x00, 0x0a, 0x6d, 0x65, 0x73, 0x73, 0x61, 0x67, 0x65, 0x5f, 0x69,
  0x64, 0x00, 0x06, 0x69, 0x6e, 0x46, 0x69, 0x72, 0x65, 0x00, 0x00, 0x08,
  0x00, 0x04, 0x6e, 0x61, 0x6d, 0x65, 0x00, 0x11, 0x6d, 0x69, 0x6e, 0x65,
  0x63, 0x72, 0x61, 0x66, 0x74, 0x3a, 0x69, 0x6e, 0x5f, 0x77, 0x61, 0x6c,
  0x6c, 0x03, 0x00, 0x02, 0x69, 0x64, 0x00, 0x00, 0x00, 0x14, 0x0a, 0x00,
  0x07, 0x65, 0x6c, 0x65, 0x6d, 0x65, 0x6e, 0x74, 0x08, 0x00, 0x07, 0x73,
  0x63, 0x61, 0x6c, 0x69, 0x6e, 0x67, 0x00, 0x20, 0x77, 0x68, 0x65, 0x6e,
  0x5f, 0x63, 0x61, 0x75, 0x73, 0x65, 0x64, 0x5f, 0x62, 0x79, 0x5f, 0x6c,
  0x69, 0x76, 0x69, 0x6e, 0x67, 0x5f, 0x6e, 0x6f, 0x6e, 0x5f, 0x70, 0x6c,
  0x61, 0x79, 0x65, 0x72, 0x05, 0x00, 0x0a, 0x65, 0x78, 0x68, 0x61, 0x75,
  0x73, 0x74, 0x69, 0x6f, 0x6e, 0x00, 0x00, 0x00, 0x00, 0x08, 0x00, 0x0a,
  0x6d, 0x65, 0x73, 0x73, 0x61, 0x67, 0x65, 0x5f, 0x69, 0x64, 0x00, 0x06,
  0x69, 0x6e, 0x57, 0x61, 0x6c, 0x6c, 0x00, 0x00, 0x08, 0x00, 0x04, 0x6e,
  0x61, 0x6d, 0x65, 0x00, 0x18, 0x6d, 0x69, 0x6e, 0x65, 0x63, 0x72, 0x61,
  0x66, 0x74, 0x3a, 0x69, 0x6e, 0x64, 0x69, 0x72, 0x65, 0x63, 0x74, 0x5f,
  0x6d, 0x61, 0x67, 0x69, 0x63, 0x03, 0x00, 0x02, 0x69, 0x64, 0x00, 0x00,
  0x00, 0x15, 0x0a, 0x00, 0x07, 0x65, 0x6c, 0x65, 0x6d, 0x65, 0x6e, 0x74,
  0x08, 0x00, 0x07, 0x73, 0x63, 0x61, 0x6c, 0x69, 0x6e, 0x67, 0x00, 0x20,
  0x77, 0x68, 0x65, 0x6e, 0x5f, 0x63, 0x61, 0x75, 0x73, 0x65, 0x64, 0x5f,
  0x62, 0x79, 0x5f, 0x6c, 0x69, 0x76, 0x69, 0x6e, 0x67, 0x5f, 0x6e, 0x6f,
  0x6e, 0x5f, 0x70, 0x6c, 0x61, 0x79, 0x65, 0x72, 0x05, 0x00, 0x0a, 0x65,
  0x78, 0x68, 0x61, 0x75, 0x73, 0x74, 0x69, 0x6f, 0x6e, 0x00, 0x00, 0x00,
  0x00, 0x08, 0x00, 0x0a, 0x6d, 0x65, 0x73, 0x73, 0x61, 0x67, 0x65, 0x5f,
  0x69, 0x64, 0x00, 0x0d, 0x69, 0x6e, 0x64, 0x69, 0x72, 0x65, 0x63, 0x74,
  0x4d, 0x61, 0x67, 0x69, 0x63, 0x00, 0x00, 0x08, 0x00, 0x04, 0x6e, 0x61,
  0x6d, 0x65, 0x00, 0x0e, 0x6d, 0x69, 0x6e, 0x65, 0x63, 0x72, 0x61, 0x66,
  0x74, 0x3a, 0x6c, 0x61, 0x76, 0x61, 0x03, 0x00, 0x02, 0x69, 0x64, 0x00,
  0x00, 0x00, 0x16, 0x0a, 0x00, 0x07, 0x65, 0x6c, 0x65, 0x6d, 0x65, 0x6e,
  0x74, 0x08, 0x00, 0x07, 0x65, 0x66, 0x66, 0x65, 0x63, 0x74, 0x73, 0x00,
  0x07, 0x62, 0x75, 0x72, 0x6e, 0x69, 0x6e, 0x67, 0x08, 0x00, 0x07, 0x73,
  0x63, 0x61, 0x6c, 0x69, 0x6e, 0x67, 0x00, 0x20, 0x77, 0x68, 0x65, 0x6e,
  0x5f, 0x63, 0x61, 0x75, 0x73, 0x65, 0x64, 0x5f, 0x62, 0x79, 0x5f, 0x6c,
  0x69, 0x76, 0x69, 0x6e, 0x67, 0x5f, 0x6e, 0x6f, 0x6e, 0x5f, 0x70, 0x6c,
  0x61, 0x79, 0x65, 0x72, 0x05, 0x00, 0x0a, 0x65, 0x78, 0x68, 0x61, 0x75,
  0x73, 0x74, 0x69, 0x6f, 0x6e, 0x3d, 0xcc, 0xcc, 0xcd, 0x08, 0x00, 0x0a,
  0x6d, 0x65, 0x73, 0x73, 0x61, 0x67, 0x65, 0x5f, 0x69, 0x64, 0x00, 0x04,
  0x6c, 0x61, 0x76, 0x61, 0x00, 0x00, 0x08, 0x00, 0x04, 0x6e, 0x61, 0x6d,
  0x65, 0x00, 0x18, 0x6d, 0x69, 0x6e, 0x65, 0x63, 0x72, 0x61, 0x66, 0x74,
  0x3a, 0x6c, 0x69, 0x67, 0x68, 0x74, 0x6e, 0x69, 0x6e, 0x67, 0x5f, 0x62,
  0x6f, 0x6c, 0x74, 0x03, 0x00, 0x02, 0x69, 0x64, 0x00, 0x00, 0x00, 0x17,
  0x0a, 0x00, 0x07, 0x65, 0x6c, 0x65, 0x6d, 0x65, 0x6e, 0x74, 0x08, 0x00,
  0x07, 0x73, 0x63, 0x61, 0x6c, 0x69, 0x6e, 0x67, 0x00, 0x20, 0x77, 0x68,
  0x65, 0x6e, 0x5f, 0x63, 0x61, 0x75, 0x73, 0x65, 0x64, 0x5f, 0x62, 0x79,
  0x5f, 0x6c, 0x69, 0x76, 0x69, 0x6e, 0x67, 0x5f, 0x6e, 0x6f, 0x6e, 0x5f,
  0x70, 0x6c, 0x61, 0x79, 0x65, 0x72, 0x05, 0x00, 0x0a, 0x65, 0x78, 0x68,
  0x61, 0x75, 0x73, 0x74, 0x69, 0x6f, 0x6e, 0x3d, 0xcc, 0xcc, 0xcd, 0x08,
  0x00, 0x0a, 0x6d, 0x65, 0x73, 0x73, 0x61, 0x67, 0x65, 0x5f, 0x69, 0x64,
  0x00, 0x0d, 0x6c, 0x69, 0x67, 0x68, 0x74, 0x6e, 0x69, 0x6e, 0x67, 0x42,
  0x6f, 0x6c, 0x74, 0x00, 0x00, 0x08, 0x00, 0x04, 0x6e, 0x61, 0x6d, 0x65,
  0x00, 0x0f, 0x6d, 0x69, 0x6e, 0x65, 0x63, 0x72, 0x61, 0x66, 0x74, 0x3a,
  0x6d, 0x61, 0x67, 0x69, 0x63, 0x03, 0x00, 0x02, 0x69, 0x64, 0x00, 0x00,
  0x00, 0x18, 0x0a, 0x00, 0x07, 0x65, 0x6c, 0x65, 0x6d, 0x65, 0x6e, 0x74,
  0x08, 0x00, 0x07, 0x73, 0x63, 0x61, 0x6c, 0x69, 0x6e, 0x67, 0x00, 0x20,
  0x77, 0x68, 0x65, 0x6e, 0x5f, 0x63, 0x61, 0x75, 0x73, 0x65, 0x64, 0x5f,
  0x62, 0x79, 0x5f, 0x6c, 0x69, 0x76, 0x69, 0x6e, 0x67, 0x5f, 0x6e, 0x6f,
  0x6e, 0x5f, 0x70, 0x6c, 0x61, 0x79, 0x65, 0x72, 0x05, 0x00, 0x0a, 0x65,
  0x78, 0x68, 0x61, 0x75, 0x73, 0x74, 0x69, 0x6f, 0x6e, 0x00, 0x00, 0x00,
  0x00, 0x08, 0x00, 0x0a, 0x6d, 0x65, 0x73, 0x73, 0x61, 0x67, 0x65, 0x5f,
  0x69, 0x64, 0x00, 0x05, 0x6d, 0x61, 0x67, 0x69, 0x63, 0x00, 0x00, 0x08,
  0x00, 0x04, 0x6e, 0x61, 0x6d, 0x65, 0x00, 0x14, 0x6d, 0x69, 0x6e, 0x65,
  0x63, 0x72, 0x61, 0x66, 0x74, 0x3a, 0x6d, 0x6f, 0x62, 0x5f, 0x61, 0x74,
  0x74, 0x61, 0x63, 0x6b, 0x03, 0x00, 0x02, 0x69, 0x64, 0x00, 0x00, 0x00,
  0x19, 0x0a, 0x00, 0x07, 0x65, 0x6c, 0x65, 0x6d, 0x65, 0x6e, 0x74, 0x08,
  0x00, 0x07, 0x73, 0x63, 0x61, 0x6c, 0x69, 0x6e, 0x67, 0x00, 0x20, 0x77,
  0x68, 0x65, 0x6e, 0x5f, 0x63, 0x61, 0x75, 0x73, 0x65, 0x64, 0x5f, 0x62,
  0x79, 0x5f, 0x6c, 0x69, 0x76, 0x69, 0x6e, 0x67, 0x5f, 0x6e, 0x6f, 0x6e,
  0x5f, 0x70, 0x6c, 0x61, 0x79, 0x65, 0x72, 0x05, 0x00, 0x0a, 0x65, 0x78,
  0x68, 0x61, 0x75, 0x73, 0x74, 0x69, 0x6f, 0x6e, 0x3d, 0xcc, 0xcc, 0xcd,
  0x08, 0x00, 0x0a, 0x6d, 0x65, 0x73, 0x73, 0x61, 0x67, 0x65, 0x5f, 0x69,
  0x64, 0x00, 0x03, 0x6d, 0x6f, 0x62, 0x00, 0x00, 0x08, 0x00, 0x04, 0x6e,
  0x61, 0x6d, 0x65, 0x00, 0x1d, 0x6d, 0x69, 0x6e, 0x65, 0x63, 0x72, 0x61,
  0x66, 0x74, 0x3a, 0x6d, 0x6f, 0x62, 0x5f, 0x61, 0x74, 0x74, 0x61, 0x63,
  0x6b, 0x5f, 0x6e, 0x6f, 0x5f, 0x61, 0x67, 0x67, 0x72, 0x6f, 0x03, 0x00,
  0x02, 0x69, 0x64, 0x00, 0x00, 0x00, 0x1a, 0x0a, 0x00, 0x07, 0x65, 0x6c,
  0x65, 0x6d, 0x65, 0x6e, 0x74, 0x08, 0x00, 0x07, 0x73, 0x63, 0x61, 0x6c,
  0x69, 0x6e, 0x67, 0x00, 0x20, 0x77, 0x68, 0x65, 0x6e, 0x5f, 0x63, 0x61,
  0x75, 0x73, 0x65, 0x64, 0x5f, 0x62, 0x79, 0x5f, 0x6c, 0x69, 0x76, 0x69,
  0x6e, 0x67, 0x5f, 0x6e, 0x6f, 0x6e, 0x5f, 0x70, 0x6c, 0x61, 0x79, 0x65,
  0x72, 0x05, 0x00, 0x0a, 0x65, 0x78, 0x68, 0x61, 0x75, 0x73, 0x74, 0x69,
  0x6f, 0x6e, 0x3d, 0xcc, 0xcc, 0xcd, 0x08, 0x00, 0x0a, 0x6d, 0x65, 0x73,
  0x73, 0x61, 0x67, 0x65, 0x5f, 0x69, 0x64, 0x00, 0x03, 0x6d, 0x6f, 0x62,
  0x00, 0x00, 0x08, 0x00, 0x04, 0x6e, 0x61, 0x6d, 0x65, 0x00, 0x18, 0x6d,
  0x69, 0x6e, 0x65, 0x63, 0x72, 0x61, 0x66, 0x74, 0x3a, 0x6d, 0x6f, 0x62,
  0x5f, 0x70, 0x72, 0x6f, 0x6a, 0x65, 0x63, 0x74, 0x69, 0x6c, 0x65, 0x03,
  0x00, 0x02, 0x69, 0x64, 0x00, 0x00, 0x00, 0x1b, 0x0a, 0x00, 0x07, 0x65,
  0x6c, 0x65, 0x6d, 0x65, 0x6e, 0x74, 0x08, 0x00, 0x07, 0x73, 0x63, 0x61,
  0x6c, 0x69, 0x6e, 0x67, 0x00, 0x20, 0x77, 0x68, 0x65, 0x6e, 0x5f, 0x63,
  0x61, 0x75, 0x73, 0x65, 0x64, 0x5f, 0x62, 0x79, 0x5f, 0x6c, 0x69, 0x76,
  0x69, 0x6e, 0x67, 0x5f, 0x6e, 0x6f, 0x6e, 0x5f, 0x70, 0x6c, 0x61, 0x79,
  0x65, 0x72, 0x05, 0x00, 0x0a, 0x65, 0x78, 0x68, 0x61, 0x75, 0x73, 0x74,
  0x69, 0x6f, 0x6e, 0x3d, 0xcc, 0xcc, 0xcd, 0x08, 0x00, 0x0a, 0x6d, 0x65,
  0x73, 0x73, 0x61, 0x67, 0x65, 0x5f, 0x69, 0x64, 0x00, 0x03, 0x6d, 0x6f,
  0x62, 0x00, 0x00, 0x08, 0x00, 0x04, 0x6e, 0x61, 0x6d, 0x65, 0x00, 0x11,
  0x6d, 0x69, 0x6e, 0x65, 0x63, 0x72, 0x61, 0x66, 0x74, 0x3a, 0x6f, 0x6e,
  0x5f, 0x66, 0x69, 0x72, 0x65, 0x03, 0x00, 0x02, 0x69, 0x64, 0x00, 0x00,
  0x00, 0x1c, 0x0a, 0x00, 0x07, 0x65, 0x6c, 0x65, 0x6d, 0x65, 0x6e, 0x74,
  0x08, 0x00, 0x07, 0x65, 0x66, 0x66, 0x65, 0x63, 0x74, 0x73, 0x00, 0x07,
  0x62, 0x75, 0x72, 0x6e, 0x69, 0x6e, 0x67, 0x08, 0x00, 0x07, 0x73, 0x63,
  0x61, 0x6c, 0x69, 0x6e, 0x67, 0x00, 0x20, 0x77, 0x68, 0x65, 0x6e, 0x5f,
  0x63, 0x61, 0x75, 0x73, 0x65, 0x64, 0x5f, 0x62, 0x79, 0x5f, 0x6c, 0x69,
  0x76, 0x69, 0x6e, 0x67, 0x5f, 0x6e, 0x6f, 0x6e, 0x5f, 0x70, 0x6c, 0x61,
  0x79, 0x65, 0x72, 0x05, 0x00, 0x0a, 0x65, 0x78, 0x68, 0x61, 0x75, 0x73,
  0x74, 0x69, 0x6f, 0x6e, 0x00, 0x00, 0x00, 0x00, 0x08, 0x00, 0x0a, 0x6d,
  0x65, 0x73, 0x73, 0x61, 0x67, 0x65, 0x5f, 0x69, 0x64, 0x00, 0x06, 0x6f,
  0x6e, 0x46, 0x69, 0x72, 0x65, 0x00, 0x00, 0x08, 0x00, 0x04, 0x6e, 0x61,
  0x6d, 0x65, 0x00, 0x16, 0x6d, 0x69, 0x6e, 0x65, 0x63, 0x72, 0x61, 0x66,
  0x74, 0x3a, 0x6f, 0x75, 0x74, 0x5f, 0x6f, 0x66, 0x5f, 0x77, 0x6f, 0x72,
  0x6c, 0x64, 0x03, 0x00, 0x02, 0x69, 0x64, 0x00, 0x00, 0x00, 0x1d, 0x0a,
  0x00, 0x07, 0x65, 0x6c, 0x65, 0x6d, 0x65, 0x6e, 0x74, 0x08, 0x00, 0x07,
  0x73, 0x63, 0x61, 0x6c, 0x69, 0x6e, 0x67, 0x00, 0x20, 0x77, 0x68, 0x65,
  0x6e, 0x5f, 0x63, 0x61, 0x75, 0x73, 0x65, 0x64, 0x5f, 0x62, 0x79, 0x5f,
  0x6c, 0x69, 0x76, 0x69, 0x6e, 0x67, 0x5f, 0x6e, 0x6f, 0x6e, 0x5f, 0x70,
  0x6c, 0x61, 0x79, 0x65, 0x72, 0x05, 0x00, 0x0a, 0x65, 0x78, 0x68, 0x61,
  0x75, 0x73, 0x74, 0x69, 0x6f, 0x6e, 0x00, 0x00, 0x00, 0x00, 0x08, 0x00,
  0x0a, 0x6d, 0x65, 0x73, 0x73, 0x61, 0x67, 0x65, 0x5f, 0x69, 0x64, 0x00,
  0x0a, 0x6f, 0x75, 0x74, 0x4f, 0x66, 0x57, 0x6f, 0x72, 0x6c, 0x64, 0x00,
  0x00, 0x08, 0x00, 0x04, 0x6e, 0x61, 0x6d, 0x65, 0x00, 0x18, 0x6d, 0x69,
  0x6e, 0x65, 0x63, 0x72, 0x61, 0x66, 0x74, 0x3a, 0x6f, 0x75, 0x74, 0x73,
  0x69, 0x64, 0x65, 0x5f, 0x62, 0x6f, 0x72, 0x64, 0x65, 0x72, 0x03, 0x00,
  0x02, 0x69, 0x64, 0x00, 0x00, 0x00, 0x1e, 0x0a, 0x00, 0x07, 0x65, 0x6c,
  0x65, 0x6d, 0x65, 0x6e, 0x74, 0x08, 0x00, 0x07, 0x73, 0x63, 0x61, 0x6c,
  0x69, 0x6e, 0x67, 0x00, 0x20, 0x77, 0x68, 0x65, 0x6e, 0x5f, 0x63, 0x61,
  0x75, 0x73, 0x65, 0x64, 0x5f, 0x62, 0x79, 0x5f, 0x6c, 0x69, 0x76, 0x69,
  0x6e, 0x67, 0x5f, 0x6e, 0x6f, 0x6e, 0x5f, 0x70, 0x6c, 0x61, 0x79, 0x65,
  0x72, 0x05, 0x00, 0x0a, 0x65, 0x78, 0x68, 0x61, 0x75, 0x73, 0x74, 0x69,
  0x6f, 0x6e, 0x00, 0x00, 0x00, 0x00, 0x08, 0x00, 0x0a, 0x6d, 0x65, 0x73,
  0x73, 0x61, 0x67, 0x65, 0x5f, 0x69, 0x64, 0x00, 0x0d, 0x6f, 0x75, 0x74,
  0x73, 0x69, 0x64, 0x65, 0x42, 0x6f, 0x72, 0x64, 0x65, 0x72, 0x00, 0x00,
  0x08, 0x00, 0x04, 0x6e, 0x61, 0x6d, 0x65, 0x00, 0x17, 0x6d, 0x69, 0x6e,
  0x65, 0x63, 0x72, 0x61, 0x66, 0x74, 0x3a, 0x70, 0x6c, 0x61, 0x79, 0x65,
  0x72, 0x5f, 0x61, 0x74, 0x74, 0x61, 0x63, 0x6b, 0x03, 0x00, 0x02, 0x69,
  0x64, 0x00, 0x00, 0x00, 0x1f, 0x0a, 0x00, 0x07, 0x65, 0x6c, 0x65, 0x6d,
  0x65, 0x6e, 0x74, 0x08, 0x00, 0x07, 0x73, 0x63, 0x61, 0x6c, 0x69, 0x6e,
  0x67, 0x00, 0x20, 0x77, 0x68, 0x65, 0x6e, 0x5f, 0x63, 0x61, 0x75, 0x73,
  0x65, 0x64, 0x5f, 0x62, 0x79, 0x5f, 0x6c, 0x69, 0x76, 0x69, 0x6e, 0x67,
  0x5f, 0x6e, 0x6f, 0x6e, 0x5f, 0x70, 0x6c, 0x61, 0x79, 0x65, 0x72, 0x05,
  0x00, 0x0a, 0x65, 0x78, 0x68, 0x61, 0x75, 0x73, 0x74, 0x69, 0x6f, 0x6e,
  0x3d, 0xcc, 0xcc, 0xcd, 0x08, 0x00, 0x0a, 0x6d, 0x65, 0x73, 0x73, 0x61,
  0x67, 0x65, 0x5f, 0x69, 0x64, 0x00, 0x06, 0x70, 0x6c, 0x61, 0x79, 0x65,
  0x72, 0x00, 0x00, 0x08, 0x00, 0x04, 0x6e, 0x61, 0x6d, 0x65, 0x00, 0x1a,
  0x6d, 0x69, 0x6e, 0x65, 0x63, 0x72, 0x61, 0x66, 0x74, 0x3a, 0x70, 0x6c,
  0x61, 0x79, 0x65, 0x72, 0x5f, 0x65, 0x78, 0x70, 0x6c, 0x6f, 0x73, 0x69,
  0x6f, 0x6e, 0x03, 0x00, 0x02, 0x69, 0x64, 0x00, 0x00, 0x00, 0x20, 0x0a,
  0x00, 0x07, 0x65, 0x6c, 0x65, 0x6d, 0x65, 0x6e, 0x74, 0x08, 0x00, 0x07,
  0x73, 0x63, 0x61, 0x6c, 0x69, 0x6e, 0x67, 0x00, 0x06, 0x61, 0x6c, 0x77,
  0x61, 0x79, 0x73, 0x05, 0x00, 0x0a, 0x65, 0x78, 0x68, 0x61, 0x75, 0x73,
  0x74, 0x69, 0x6f, 0x6e, 0x3d, 0xcc, 0xcc, 0xcd, 0x08, 0x00, 0x0a, 0x6d,
  0x65, 0x73, 0x73, 0x61, 0x67, 0x65, 0x5f, 0x69, 0x64, 0x00, 0x10, 0x65,
  0x78, 0x70, 0x6c, 0x6f, 0x73, 0x69, 0x6f, 0x6e, 0x2e, 0x70, 0x6c, 0x61,
  0x79, 0x65, 0x72, 0x00, 0x00, 0x08, 0x00, 0x04, 0x6e, 0x61, 0x6d, 0x65,
  0x00, 0x14, 0x6d, 0x69, 0x6e, 0x65, 0x63, 0x72, 0x61, 0x66, 0x74, 0x3a,
  0x73, 0x6f, 0x6e, 0x69, 0x63, 0x5f, 0x62, 0x6f, 0x6f, 0x6d, 0x03, 0x00,
  0x02, 0x69, 0x64, 0x00, 0x00, 0x00, 0x21, 0x0a, 0x00, 0x07, 0x65, 0x6c,
  0x65, 0x6d, 0x65, 0x6e, 0x74, 0x08, 0x00, 0x07, 0x73, 0x63, 0x61, 0x6c,
  0x69, 0x6e, 0x67, 0x00, 0x06, 0x61, 0x6c, 0x77, 0x61, 0x79, 0x73, 0x05,
  0x00, 0x0a, 0x65, 0x78, 0x68, 0x61, 0x75, 0x73, 0x74, 0x69, 0x6f, 0x6e,
  0x00, 0x00, 0x00, 0x00, 0x08, 0x00, 0x0a, 0x6d, 0x65, 0x73, 0x73, 0x61,
  0x67, 0x65, 0x5f, 0x69, 0x64, 0x00, 0x0a, 0x73, 0x6f, 0x6e, 0x69, 0x63,
  0x5f, 0x62, 0x6f, 0x6f, 0x6d, 0x00, 0x00, 0x08, 0x00, 0x04, 0x6e, 0x61,
  0x6d, 0x65, 0x00, 0x14, 0x6d, 0x69, 0x6e, 0x65, 0x63, 0x72, 0x61, 0x66,
  0x74, 0x3a, 0x73, 0x74, 0x61, 0x6c, 0x61, 0x67, 0x6d, 0x69, 0x74, 0x65,
  0x03, 0x00, 0x02, 0x69, 0x64, 0x00, 0x00, 0x00, 0x22, 0x0a, 0x00, 0x07,
  0x65, 0x6c, 0x65, 0x6d, 0x65, 0x6e, 0x74, 0x08, 0x00, 0x07, 0x73, 0x63,
  0x61, 0x6c, 0x69, 0x6e, 0x67, 0x00, 0x20, 0x77, 0x68, 0x65, 0x6e, 0x5f,
  0x63, 0x61, 0x75, 0x73, 0x65, 0x64, 0x5f, 0x62, 0x79, 0x5f, 0x6c, 0x69,
  0x76, 0x69, 0x6e, 0x67, 0x5f, 0x6e, 0x6f, 0x6e, 0x5f, 0x70, 0x6c, 0x61,
  0x79, 0x65, 0x72, 0x05, 0x00, 0x0a, 0x65, 0x78, 0x68, 0x61, 0x75, 0x73,
  0x74, 0x69, 0x6f, 0x6e, 0x00, 0x00, 0x00, 0x00, 0x08, 0x00, 0x0a, 0x6d,
  0x65, 0x73, 0x73, 0x61, 0x67, 0x65, 0x5f, 0x69, 0x64, 0x00, 0x0a, 0x73,
  0x74, 0x61, 0x6c, 0x61, 0x67, 0x6d, 0x69, 0x74, 0x65, 0x00, 0x00, 0x08,
  0x00, 0x04, 0x6e, 0x61, 0x6d, 0x65, 0x00, 0x10, 0x6d, 0x69, 0x6e, 0x65,
  0x63, 0x72, 0x61, 0x66, 0x74, 0x3a, 0x73, 0x74, 0x61, 0x72, 0x76, 0x65,
  0x03, 0x00, 0x02, 0x69, 0x64, 0x00, 0x00, 0x00, 0x23, 0x0a, 0x00, 0x07,
  0x65, 0x6c, 0x65, 0x6d, 0x65, 0x6e, 0x74, 0x08, 0x00, 0x07, 0x73, 0x63,
  0x61, 0x6c, 0x69, 0x6e, 0x67, 0x00, 0x20, 0x77, 0x68, 0x65, 0x6e, 0x5f,
  0x63, 0x61, 0x75, 0x73, 0x65, 0x64, 0x5f, 0x62, 0x79, 0x5f, 0x6c, 0x69,
  0x76, 0x69, 0x6e, 0x67, 0x5f, 0x6e, 0x6f, 0x6e, 0x5f, 0x70, 0x6c, 0x61,
  0x79, 0x65, 0x72, 0x05, 0x00, 0x0a, 0x65, 0x78, 0x68, 0x61, 0x75, 0x73,
  0x74, 0x69, 0x6f, 0x6e, 0x00, 0x00, 0x00, 0x00, 0x08, 0x00, 0x0a, 0x6d,
  0x65, 0x73, 0x73, 0x61, 0x67, 0x65, 0x5f, 0x69, 0x64, 0x00, 0x06, 0x73,
  0x74, 0x61, 0x72, 0x76, 0x65, 0x00, 0x00, 0x08, 0x00, 0x04, 0x6e, 0x61,
  0x6d, 0x65, 0x00, 0x0f, 0x6d, 0x69, 0x6e, 0x65, 0x63, 0x72, 0x61, 0x66,
  0x74, 0x3a, 0x73, 0x74, 0x69, 0x6e, 0x67, 0x03, 0x00, 0x02, 0x69, 0x64,
  0x00, 0x00, 0x00, 0x24, 0x0a, 0x00, 0x07, 0x65, 0x6c, 0x65, 0x6d, 0x65,
  0x6e, 0x74, 0x08, 0x00, 0x07, 0x73, 0x63, 0x61, 0x6c, 0x69, 0x6e, 0x67,
  0x00, 0x20, 0x77, 0x68, 0x65, 0x6e, 0x5f, 0x63, 0x61, 0x75, 0x73, 0x65,
  0x64, 0x5f, 0x62, 0x79, 0x5f, 0x6c, 0x69, 0x76, 0x69, 0x6e, 0x67, 0x5f,
  0x6e, 0x6f, 0x6e, 0x5f, 0x70, 0x6c, 0x61, 0x79, 0x65, 0x72, 0x05, 0x00,
  0x0a, 0x65, 0x78, 0x68, 0x61, 0x75, 0x73, 0x74, 0x69, 0x6f, 0x6e, 0x3d,
  0xcc, 0xcc, 0xcd, 0x08, 0x00, 0x0a, 0x6d, 0x65, 0x73, 0x73, 0x61, 0x67,
  0x65, 0x5f, 0x69, 0x64, 0x00, 0x05, 0x73, 0x74, 0x69, 0x6e, 0x67, 0x00,
  0x00, 0x08, 0x00, 0x04, 0x6e, 0x61, 0x6d, 0x65, 0x00, 0x1a, 0x6d, 0x69,
  0x6e, 0x65, 0x63, 0x72, 0x61, 0x66, 0x74, 0x3a, 0x73, 0x77, 0x65, 0x65,
  0x74, 0x5f, 0x62, 0x65, 0x72, 0x72, 0x79, 0x5f, 0x62, 0x75, 0x73, 0x68,
  0x03, 0x00, 0x02, 0x69, 0x64, 0x00, 0x00, 0x00, 0x25, 0x0a, 0x00, 0x07,
  0x65, 0x6c, 0x65, 0x6d, 0x65, 0x6e, 0x74, 0x08, 0x00, 0x07, 0x65, 0x66,
  0x66, 0x65, 0x63, 0x74, 0x73, 0x00, 0x06, 0x70, 0x6f, 0x6b, 0x69, 0x6e,
  0x67, 0x08, 0x00, 0x07, 0x73, 0x63, 0x61, 0x6c, 0x69, 0x6e, 0x67, 0x00,
  0x20, 0x77, 0x68, 0x65, 0x6e, 0x5f, 0x63, 0x61, 0x75, 0x73, 0x65, 0x64,
  0x5f, 0x62, 0x79, 0x5f, 0x6c, 0x69, 0x76, 0x69, 0x6e, 0x67, 0x5f, 0x6e,
  0x6f, 0x6e, 0x5f, 0x70, 0x6c, 0x61, 0x79, 0x65, 0x72, 0x05, 0x00, 0x0a,
  0x65, 0x78, 0x68, 0x61, 0x75, 0x73, 0x74, 0x69, 0x6f, 0x6e, 0x3d, 0xcc,
  0xcc, 0xcd, 0x08, 0x00, 0x0a, 0x6d, 0x65, 0x73, 0x73, 0x61, 0x67, 0x65,
  0x5f, 0x69, 0x64, 0x00, 0x0e, 0x73, 0x77, 0x65, 0x65, 0x74, 0x42, 0x65,
  0x72, 0x72, 0x79, 0x42, 0x75, 0x73, 0x68, 0x00, 0x00, 0x08, 0x00, 0x04,
  0x6e, 0x61, 0x6d, 0x65, 0x00, 0x10, 0x6d, 0x69, 0x6e, 0x65, 0x63, 0x72,
  0x61, 0x66, 0x74, 0x3a, 0x74, 0x68, 0x6f, 0x72, 0x6e, 0x73, 0x03, 0x00,
  0x02, 0x69, 0x64, 0x00, 0x00, 0x00, 0x26, 0x0a, 0x00, 0x07, 0x65, 0x6c,
  0x65, 0x6d, 0x65, 0x6e, 0x74, 0x08, 0x00, 0x07, 0x65, 0x66, 0x66, 0x65,
  0x63, 0x74, 0x73, 0x00, 0x06, 0x74, 0x68, 0x6f, 0x72, 0x6e, 0x73, 0x08,
  0x00, 0x07, 0x73, 0x63, 0x61, 0x6c, 0x69, 0x6e, 0x67, 0x00, 0x20, 0x77,
  0x68, 0x65, 0x6e, 0x5f, 0x63, 0x61, 0x75, 0x73, 0x65, 0x64, 0x5f, 0x62,
  0x79, 0x5f, 0x6c, 0x69, 0x76, 0x69, 0x6e, 0x67, 0x5f, 0x6e, 0x6f, 0x6e,
  0x5f, 0x70, 0x6c, 0x61, 0x79, 0x65, 0x72, 0x05, 0x00, 0x0a, 0x65, 0x78,
  0x68, 0x61, 0x75, 0x73, 0x74, 0x69, 0x6f, 0x6e, 0x3d, 0xcc, 0xcc, 0xcd,
  0x08, 0x00, 0x0a, 0x6d, 0x65, 0x73, 0x73, 0x61, 0x67, 0x65, 0x5f, 0x69,
  0x64, 0x00, 0x06, 0x74, 0x68, 0x6f, 0x72, 0x6e, 0x73, 0x00, 0x00, 0x08,
  0x00, 0x04, 0x6e, 0x61, 0x6d, 0x65, 0x00, 0x10, 0x6d, 0x69, 0x6e, 0x65,
  0x63, 0x72, 0x61, 0x66, 0x74, 0x3a, 0x74, 0x68, 0x72, 0x6f, 0x77, 0x6e,
  0x03, 0x00, 0x02, 0x69, 0x64, 0x00, 0x00, 0x00, 0x27, 0x0a, 0x00, 0x07,
  0x65, 0x6c, 0x65, 0x6d, 0x65, 0x6e, 0x74, 0x08, 0x00, 0x07, 0x73, 0x63,
  0x61, 0x6c, 0x69, 0x6e, 0x67, 0x00, 0x20, 0x77, 0x68, 0x65, 0x6e, 0x5f,
  0x63, 0x61, 0x75, 0x73, 0x65, 0x64, 0x5f, 0x62, 0x79, 0x5f, 0x6c, 0x69,
  0x76, 0x69, 0x6e, 0x67, 0x5f, 0x6e, 0x6f, 0x6e, 0x5f, 0x70, 0x6c, 0x61,
  0x79, 0x65, 0x72, 0x05, 0x00, 0x0a, 0x65, 0x78, 0x68, 0x61, 0x75, 0x73,
  0x74, 0x69, 0x6f, 0x6e, 0x3d, 0xcc, 0xcc, 0xcd, 0x08, 0x00, 0x0a, 0x6d,
  0x65, 0x73, 0x73, 0x61, 0x67, 0x65, 0x5f, 0x69, 0x64, 0x00, 0x06, 0x74,
  0x68, 0x72, 0x6f, 0x77, 0x6e, 0x00, 0x00, 0x08, 0x00, 0x04, 0x6e, 0x61,
  0x6d, 0x65, 0x00, 0x11, 0x6d, 0x69, 0x6e, 0x65, 0x63, 0x72, 0x61, 0x66,
  0x74, 0x3a, 0x74, 0x72, 0x69, 0x64, 0x65, 0x6e, 0x74, 0x03, 0x00, 0x02,
  0x69, 0x64, 0x00, 0x00, 0x00, 0x28, 0x0a, 0x00, 0x07, 0x65, 0x6c, 0x65,
  0x6d, 0x65, 0x6e, 0x74, 0x08, 0x00, 0x07, 0x73, 0x63, 0x61, 0x6c, 0x69,
  0x6e, 0x67, 0x00, 0x20, 0x77, 0x68, 0x65, 0x6e, 0x5f, 0x63, 0x61, 0x75,
  0x73, 0x65, 0x64, 0x5f, 0x62, 0x79, 0x5f, 0x6c, 0x69, 0x76, 0x69, 0x6e,
  0x67, 0x5f, 0x6e, 0x6f, 0x6e, 0x5f, 0x70, 0x6c, 0x61, 0x79, 0x65, 0x72,
  0x05, 0x00, 0x0a, 0x65, 0x78, 0x68, 0x61, 0x75, 0x73, 0x74, 0x69, 0x6f,
  0x6e, 0x3d, 0xcc, 0xcc, 0xcd, 0x08, 0x00, 0x0a, 0x6d, 0x65, 0x73, 0x73,
  0x61, 0x67, 0x65, 0x5f, 0x69, 0x64, 0x00, 0x07, 0x74, 0x72, 0x69, 0x64,
  0x65, 0x6e, 0x74, 0x00, 0x00, 0x08, 0x00, 0x04, 0x6e, 0x61, 0x6d, 0x65,
  0x00, 0x1f, 0x6d, 0x69, 0x6e, 0x65, 0x63, 0x72, 0x61, 0x66, 0x74, 0x3a,
  0x75, 0x6e, 0x61, 0x74, 0x74, 0x72, 0x69, 0x62, 0x75, 0x74, 0x65, 0x64,
  0x5f, 0x66, 0x69, 0x72, 0x65, 0x62, 0x61, 0x6c, 0x6c, 0x03, 0x00, 0x02,
  0x69, 0x64, 0x00, 0x00, 0x00, 0x29, 0x0a, 0x00, 0x07, 0x65, 0x6c, 0x65,
  0x6d, 0x65, 0x6e, 0x74, 0x08, 0x00, 0x07, 0x65, 0x66, 0x66, 0x65, 0x63,
  0x74, 0x73, 0x00, 0x07, 0x62, 0x75, 0x72, 0x6e, 0x69, 0x6e, 0x67, 0x08,
  0x00, 0x07, 0x73, 0x63, 0x61, 0x6c, 0x69, 0x6e, 0x67, 0x00, 0x20, 0x77,
  0x68, 0x65, 0x6e, 0x5f, 0x63, 0x61, 0x75, 0x73, 0x65, 0x64, 0x5f, 0x62,
  0x79, 0x5f, 0x6c, 0x69, 0x76, 0x69, 0x6e, 0x67, 0x5f, 0x6e, 0x6f, 0x6e,
  0x5f, 0x70, 0x6c, 0x61, 0x79, 0x65, 0x72, 0x05, 0x00, 0x0a, 0x65, 0x78,
  0x68, 0x61, 0x75, 0x73, 0x74, 0x69, 0x6f, 0x6e, 0x3d, 0xcc, 0xcc, 0xcd,
  0x08, 0x00, 0x0a, 0x6d, 0x65, 0x73, 0x73, 0x61, 0x67, 0x65, 0x5f, 0x69,
  0x64, 0x00, 0x06, 0x6f, 0x6e, 0x46, 0x69, 0x72, 0x65, 0x00, 0x00, 0x08,
  0x00, 0x04, 0x6e, 0x61, 0x6d, 0x65, 0x00, 0x10, 0x6d, 0x69, 0x6e, 0x65,
  0x63, 0x72, 0x61, 0x66, 0x74, 0x3a, 0x77, 0x69, 0x74, 0x68, 0x65, 0x72,
  0x03, 0x00, 0x02, 0x69, 0x64, 0x00, 0x00, 0x00, 0x2a, 0x0a, 0x00, 0x07,
  0x65, 0x6c, 0x65, 0x6d, 0x65, 0x6e, 0x74, 0x08, 0x00, 0x07, 0x73, 0x63,
  0x61, 0x6c, 0x69, 0x6e, 0x67, 0x00, 0x20, 0x77, 0x68, 0x65, 0x6e, 0x5f,
  0x63, 0x61, 0x75, 0x73, 0x65, 0x64, 0x5f, 0x62, 0x79, 0x5f, 0x6c, 0x69,
  0x76, 0x69, 0x6e, 0x67, 0x5f, 0x6e, 0x6f, 0x6e, 0x5f, 0x70, 0x6c, 0x61,
  0x79, 0x65, 0x72, 0x05, 0x00, 0x0a, 0x65, 0x78, 0x68, 0x61, 0x75, 0x73,
  0x74, 0x69, 0x6f, 0x6e, 0x00, 0x00, 0x00, 0x00, 0x08, 0x00, 0x0a, 0x6d,
  0x65, 0x73, 0x73, 0x61, 0x67, 0x65, 0x5f, 0x69, 0x64, 0x00, 0x06, 0x77,
  0x69, 0x74, 0x68, 0x65, 0x72, 0x00, 0x00, 0x08, 0x00, 0x04, 0x6e, 0x61,
  0x6d, 0x65, 0x00, 0x16, 0x6d, 0x69, 0x6e, 0x65, 0x63, 0x72, 0x61, 0x66,
  0x74, 0x3a, 0x77, 0x69, 0x74, 0x68, 0x65, 0x72, 0x5f, 0x73, 0x6b, 0x75,
  0x6c, 0x6c, 0x03, 0x00, 0x02, 0x69, 0x64, 0x00, 0x00, 0x00, 0x2b, 0x0a,
  0x00, 0x07, 0x65, 0x6c, 0x65, 0x6d, 0x65, 0x6e, 0x74, 0x08, 0x00, 0x07,
  0x73, 0x63, 0x61, 0x6c, 0x69, 0x6e, 0x67, 0x00, 0x20, 0x77, 0x68, 0x65,
  0x6e, 0x5f, 0x63, 0x61, 0x75, 0x73, 0x65, 0x64, 0x5f, 0x62, 0x79, 0x5f,
  0x6c, 0x69, 0x76, 0x69, 0x6e, 0x67, 0x5f, 0x6e, 0x6f, 0x6e, 0x5f, 0x70,
  0x6c, 0x61, 0x79, 0x65, 0x72, 0x05, 0x00, 0x0a, 0x65, 0x78, 0x68, 0x61,
  0x75, 0x73, 0x74, 0x69, 0x6f, 0x6e, 0x3d, 0xcc, 0xcc, 0xcd, 0x08, 0x00,
  0x0a, 0x6d, 0x65, 0x73, 0x73, 0x61, 0x67, 0x65, 0x5f, 0x69, 0x64, 0x00,
  0x0b, 0x77, 0x69, 0x74, 0x68, 0x65, 0x72, 0x53, 0x6b, 0x75, 0x6c, 0x6c,
  0x00, 0x00, 0x00, 0x00,
};
Blob j120_763() { return {k_j120_763, sizeof(k_j120_763)}; }

static const uint8_t k_dim_120_763[] = {
  0x0a, 0x01, 0x00, 0x0b, 0x70, 0x69, 0x67, 0x6c, 0x69, 0x6e, 0x5f, 0x73,
  0x61, 0x66, 0x65, 0x00, 0x01, 0x00, 0x07, 0x6e, 0x61, 0x74, 0x75, 0x72,
  0x61, 0x6c, 0x01, 0x05, 0x00, 0x0d, 0x61, 0x6d, 0x62, 0x69, 0x65, 0x6e,
  0x74, 0x5f, 0x6c, 0x69, 0x67, 0x68, 0x74, 0x00, 0x00, 0x00, 0x00, 0x03,
  0x00, 0x1f, 0x6d, 0x6f, 0x6e, 0x73, 0x74, 0x65, 0x72, 0x5f, 0x73, 0x70,
  0x61, 0x77, 0x6e, 0x5f, 0x62, 0x6c, 0x6f, 0x63, 0x6b, 0x5f, 0x6c, 0x69,
  0x67, 0x68, 0x74, 0x5f, 0x6c, 0x69, 0x6d, 0x69, 0x74, 0x00, 0x00, 0x00,
  0x00, 0x08, 0x00, 0x0a, 0x69, 0x6e, 0x66, 0x69, 0x6e, 0x69, 0x62, 0x75,
  0x72, 0x6e, 0x00, 0x1f, 0x23, 0x6d, 0x69, 0x6e, 0x65, 0x63, 0x72, 0x61,
  0x66, 0x74, 0x3a, 0x69, 0x6e, 0x66, 0x69, 0x6e, 0x69, 0x62, 0x75, 0x72,
  0x6e, 0x5f, 0x6f, 0x76, 0x65, 0x72, 0x77, 0x6f, 0x72, 0x6c, 0x64, 0x01,
  0x00, 0x14, 0x72, 0x65, 0x73, 0x70, 0x61, 0x77, 0x6e, 0x5f, 0x61, 0x6e,
  0x63, 0x68, 0x6f, 0x72, 0x5f, 0x77, 0x6f, 0x72, 0x6b, 0x73, 0x00, 0x01,
  0x00, 0x0c, 0x68, 0x61, 0x73, 0x5f, 0x73, 0x6b, 0x79, 0x6c, 0x69, 0x67,
  0x68, 0x74, 0x01, 0x01, 0x00, 0x09, 0x62, 0x65, 0x64, 0x5f, 0x77, 0x6f,
  0x72, 0x6b, 0x73, 0x01, 0x08, 0x00, 0x07, 0x65, 0x66, 0x66, 0x65, 0x63,
  0x74, 0x73, 0x00, 0x13, 0x6d, 0x69, 0x6e, 0x65, 0x63, 0x72, 0x61, 0x66,
  0x74, 0x3a, 0x6f, 0x76, 0x65, 0x72, 0x77, 0x6f, 0x72, 0x6c, 0x64, 0x01,
  0x00, 0x09, 0x68, 0x61, 0x73, 0x5f, 0x72, 0x61, 0x69, 0x64, 0x73, 0x01,
  0x03, 0x00, 0x0e, 0x6c, 0x6f, 0x67, 0x69, 0x63, 0x61, 0x6c, 0x5f, 0x68,
  0x65, 0x69, 0x67, 0x68, 0x74, 0x00, 0x00, 0x01, 0x80, 0x06, 0x00, 0x10,
  0x63, 0x6f, 0x6f, 0x72, 0x64, 0x69, 0x6e, 0x61, 0x74, 0x65, 0x5f, 0x73,
  0x63, 0x61, 0x6c, 0x65, 0x3f, 0xf0, 0x00, 0x00, 0x00, 0x00, 0x00, 0x00,
  0x0a, 0x00, 0x19, 0x6d, 0x6f, 0x6e, 0x73, 0x74, 0x65, 0x72, 0x5f, 0x73,
  0x70, 0x61, 0x77, 0x6e, 0x5f, 0x6c, 0x69, 0x67, 0x68, 0x74, 0x5f, 0x6c,
  0x65, 0x76, 0x65, 0x6c, 0x08, 0x00, 0x04, 0x74, 0x79, 0x70, 0x65, 0x00,
  0x11, 0x6d, 0x69, 0x6e, 0x65, 0x63, 0x72, 0x61, 0x66, 0x74, 0x3a, 0x75,
  0x6e, 0x69, 0x66, 0x6f, 0x72, 0x6d, 0x0a, 0x00, 0x05, 0x76, 0x61, 0x6c,
  0x75, 0x65, 0x03, 0x00, 0x0d, 0x6d, 0x69, 0x6e, 0x5f, 0x69, 0x6e, 0x63,
  0x6c, 0x75, 0x73, 0x69, 0x76, 0x65, 0x00, 0x00, 0x00, 0x00, 0x03, 0x00,
  0x0d, 0x6d, 0x61, 0x78, 0x5f, 0x69, 0x6e, 0x63, 0x6c, 0x75, 0x73, 0x69,
  0x76, 0x65, 0x00, 0x00, 0x00, 0x07, 0x00, 0x00, 0x03, 0x00, 0x05, 0x6d,
  0x69, 0x6e, 0x5f, 0x79, 0xff, 0xff, 0xff, 0xc0, 0x01, 0x00, 0x09, 0x75,
  0x6c, 0x74, 0x72, 0x61, 0x77, 0x61, 0x72, 0x6d, 0x00, 0x01, 0x00, 0x0b,
  0x68, 0x61, 0x73, 0x5f, 0x63, 0x65, 0x69, 0x6c, 0x69, 0x6e, 0x67, 0x00,
  0x03, 0x00, 0x06, 0x68, 0x65, 0x69, 0x67, 0x68, 0x74, 0x00, 0x00, 0x01,
  0x80, 0x00,
};
Blob dim_120_763() { return {k_dim_120_763, sizeof(k_dim_120_763)}; }

static const uint8_t k_c764[] = {
  0x0a, 0x0a, 0x00, 0x18, 0x6d, 0x69, 0x6e, 0x65, 0x63, 0x72, 0x61, 0x66,
  0x74, 0x3a, 0x64, 0x69, 0x6d, 0x65, 0x6e, 0x73, 0x69, 0x6f, 0x6e, 0x5f,
  0x74, 0x79, 0x70, 0x65, 0x08, 0x00, 0x04, 0x74, 0x79, 0x70, 0x65, 0x00,
  0x18, 0x6d, 0x69, 0x6e, 0x65, 0x63, 0x72, 0x61, 0x66, 0x74, 0x3a, 0x64,
  0x69, 0x6d, 0x65, 0x6e, 0x73, 0x69, 0x6f, 0x6e, 0x5f, 0x74, 0x79, 0x70,
  0x65, 0x09, 0x00, 0x05, 0x76, 0x61, 0x6c, 0x75, 0x65, 0x0a, 0x00, 0x00,
  0x00, 0x01, 0x08, 0x00, 0x04, 0x6e, 0x61, 0x6d, 0x65, 0x00, 0x13, 0x6d,
  0x69, 0x6e, 0x65, 0x63, 0x72, 0x61, 0x66, 0x74, 0x3a, 0x6f, 0x76, 0x65,
  0x72, 0x77, 0x6f, 0x72, 0x6c, 0x64, 0x03, 0x00, 0x02, 0x69, 0x64, 0x00,
  0x00, 0x00, 0x00, 0x0a, 0x00, 0x07, 0x65, 0x6c, 0x65, 0x6d, 0x65, 0x6e,
  0x74, 0x01, 0x00, 0x0b, 0x70, 0x69, 0x67, 0x6c, 0x69, 0x6e, 0x5f, 0x73,
  0x61, 0x66, 0x65, 0x00, 0x01, 0x00, 0x07, 0x6e, 0x61, 0x74, 0x75, 0x72,
  0x61, 0x6c, 0x01, 0x05, 0x00, 0x0d, 0x61, 0x6d, 0x62, 0x69, 0x65, 0x6e,
  0x74, 0x5f, 0x6c, 0x69, 0x67, 0x68, 0x74, 0x00, 0x00, 0x00, 0x00, 0x03,
  0x00, 0x1f, 0x6d, 0x6f, 0x6e, 0x73, 0x74, 0x65, 0x72, 0x5f, 0x73, 0x70,
  0x61, 0x77, 0x6e, 0x5f, 0x62, 0x6c, 0x6f, 0x63, 0x6b, 0x5f, 0x6c, 0x69,
  0x67, 0x68, 0x74, 0x5f, 0x6c, 0x69, 0x6d, 0x69, 0x74, 0x00, 0x00, 0x00,
  0x00, 0x08, 0x00, 0x0a, 0x69, 0x6e, 0x66, 0x69, 0x6e, 0x69, 0x62, 0x75,
  0x72, 0x6e, 0x00, 0x1f, 0x23, 0x6d, 0x69, 0x6e, 0x65, 0x63, 0x72, 0x61,
  0x66, 0x74, 0x3a, 0x69, 0x6e, 0x66, 0x69, 0x6e, 0x69, 0x62, 0x75, 0x72,
  0x6e, 0x5f, 0x6f, 0x76, 0x65, 0x72, 0x77, 0x6f, 0x72, 0x6c, 0x64, 0x01,
  0x00, 0x14, 0x72, 0x65, 0x73, 0x70, 0x61, 0x77, 0x6e, 0x5f, 0x61, 0x6e,
  0x63, 0x68, 0x6f, 0x72, 0x5f, 0x77, 0x6f, 0x72, 0x6b, 0x73, 0x00, 0x01,
  0x00, 0x0c, 0x68, 0x61, 0x73, 0x5f, 0x73, 0x6b, 0x79, 0x6c, 0x69, 0x67,
  0x68, 0x74, 0x01, 0x01, 0x00, 0x09, 0x62, 0x65, 0x64, 0x5f, 0x77, 0x6f,
  0x72, 0x6b, 0x73, 0x01, 0x08, 0x00, 0x07, 0x65, 0x66, 0x66, 0x65, 0x63,
  0x74, 0x73, 0x00, 0x13, 0x6d, 0x69, 0x6e, 0x65, 0x63, 0x72, 0x61, 0x66,
  0x74, 0x3a, 0x6f, 0x76, 0x65, 0x72, 0x77, 0x6f, 0x72, 0x6c, 0x64, 0x01,
  0x00, 0x09, 0x68, 0x61, 0x73, 0x5f, 0x72, 0x61, 0x69, 0x64, 0x73, 0x01,
  0x03, 0x00, 0x0e, 0x6c, 0x6f, 0x67, 0x69, 0x63, 0x61, 0x6c, 0x5f, 0x68,
  0x65, 0x69, 0x67, 0x68, 0x74, 0x00, 0x00, 0x01, 0x80, 0x06, 0x00, 0x10,
  0x63, 0x6f, 0x6f, 0x72, 0x64, 0x69, 0x6e, 0x61, 0x74, 0x65, 0x5f, 0x73,
  0x63, 0x61, 0x6c, 0x65, 0x3f, 0xf0, 0x00, 0x00, 0x00, 0x00, 0x00, 0x00,
  0x0a, 0x00, 0x19, 0x6d, 0x6f, 0x6e, 0x73, 0x74, 0x65, 0x72, 0x5f, 0x73,
  0x70, 0x61, 0x77, 0x6e, 0x5f, 0x6c, 0x69, 0x67, 0x68, 0x74, 0x5f, 0x6c,
  0x65, 0x76, 0x65, 0x6c, 0x08, 0x00, 0x04, 0x74, 0x79, 0x70, 0x65, 0x00,
  0x11, 0x6d, 0x69, 0x6e, 0x65, 0x63, 0x72, 0x61, 0x66, 0x74, 0x3a, 0x75,
  0x6e, 0x69, 0x66, 0x6f, 0x72, 0x6d, 0x0a, 0x00, 0x05, 0x76, 0x61, 0x6c,
  0x75, 0x65, 0x03, 0x00, 0x0d, 0x6d, 0x69, 0x6e, 0x5f, 0x69, 0x6e, 0x63,
  0x6c, 0x75, 0x73, 0x69, 0x76, 0x65, 0x00, 0x00, 0x00, 0x00, 0x03, 0x00,
  0x0d, 0x6d, 0x61, 0x78, 0x5f, 0x69, 0x6e, 0x63, 0x6c, 0x75, 0x73, 0x69,
  0x76, 0x65, 0x00, 0x00, 0x00, 0x07, 0x00, 0x00, 0x03, 0x00, 0x05, 0x6d,
  0x69, 0x6e, 0x5f, 0x79, 0xff, 0xff, 0xff, 0xc0, 0x01, 0x00, 0x09, 0x75,
  0x6c, 0x74, 0x72, 0x61, 0x77, 0x61, 0x72, 0x6d, 0x00, 0x01, 0x00, 0x0b,
  0x68, 0x61, 0x73, 0x5f, 0x63, 0x65, 0x69, 0x6c, 0x69, 0x6e, 0x67, 0x00,
  0x03, 0x00, 0x06, 0x68, 0x65, 0x69, 0x67, 0x68, 0x74, 0x00, 0x00, 0x01,
  0x80, 0x00, 0x00, 0x00, 0x0a, 0x00, 0x18, 0x6d, 0x69, 0x6e, 0x65, 0x63,
  0x72, 0x61, 0x66, 0x74, 0x3a, 0x77, 0x6f, 0x72, 0x6c, 0x64, 0x67, 0x65,
  0x6e, 0x2f, 0x62, 0x69, 0x6f, 0x6d, 0x65, 0x08, 0x00, 0x04, 0x74, 0x79,
  0x70, 0x65, 0x00, 0x18, 0x6d, 0x69, 0x6e, 0x65, 0x63, 0x72, 0x61, 0x66,
  0x74, 0x3a, 0x77, 0x6f, 0x72, 0x6c, 0x64, 0x67, 0x65, 0x6e, 0x2f, 0x62,
  0x69, 0x6f, 0x6d, 0x65, 0x09, 0x00, 0x05, 0x76, 0x61, 0x6c, 0x75, 0x65,
  0x0a, 0x00, 0x00, 0x00, 0x01, 0x08, 0x00, 0x04, 0x6e, 0x61, 0x6d, 0x65,
  0x00, 0x10, 0x6d, 0x69, 0x6e, 0x65, 0x63, 0x72, 0x61, 0x66, 0x74, 0x3a,
  0x70, 0x6c, 0x61, 0x69, 0x6e, 0x73, 0x03, 0x00, 0x02, 0x69, 0x64, 0x00,
  0x00, 0x00, 0x27, 0x0a, 0x00, 0x07, 0x65, 0x6c, 0x65, 0x6d, 0x65, 0x6e,
  0x74, 0x0a, 0x00, 0x07, 0x65, 0x66, 0x66, 0x65, 0x63, 0x74, 0x73, 0x03,
  0x00, 0x09, 0x73, 0x6b, 0x79, 0x5f, 0x63, 0x6f, 0x6c, 0x6f, 0x72, 0x00,
  0x78, 0xa7, 0xff, 0x03, 0x00, 0x0f, 0x77, 0x61, 0x74, 0x65, 0x72, 0x5f,
  0x66, 0x6f, 0x67, 0x5f, 0x63, 0x6f, 0x6c, 0x6f, 0x72, 0x00, 0x05, 0x05,
  0x33, 0x03, 0x00, 0x09, 0x66, 0x6f, 0x67, 0x5f, 0x63, 0x6f, 0x6c, 0x6f,
  0x72, 0x00, 0xc0, 0xd8, 0xff, 0x03, 0x00, 0x0b, 0x77, 0x61, 0x74, 0x65,
  0x72, 0x5f, 0x63, 0x6f, 0x6c, 0x6f, 0x72, 0x00, 0x3f, 0x76, 0xe4, 0x0a,
  0x00, 0x0a, 0x6d, 0x6f, 0x6f, 0x64, 0x5f, 0x73, 0x6f, 0x75, 0x6e, 0x64,
  0x03, 0x00, 0x0a, 0x74, 0x69, 0x63, 0x6b, 0x5f, 0x64, 0x65, 0x6c, 0x61,
  0x79, 0x00, 0x00, 0x17, 0x70, 0x06, 0x00, 0x06, 0x6f, 0x66, 0x66, 0x73,
  0x65, 0x74, 0x40, 0x00, 0x00, 0x00, 0x00, 0x00, 0x00, 0x00, 0x08, 0x00,
  0x05, 0x73, 0x6f, 0x75, 0x6e, 0x64, 0x00, 0x16, 0x6d, 0x69, 0x6e, 0x65,
  0x63, 0x72, 0x61, 0x66, 0x74, 0x3a, 0x61, 0x6d, 0x62, 0x69, 0x65, 0x6e,
  0x74, 0x2e, 0x63, 0x61, 0x76, 0x65, 0x03, 0x00, 0x13, 0x62, 0x6c, 0x6f,
  0x63, 0x6b, 0x5f, 0x73, 0x65, 0x61, 0x72, 0x63, 0x68, 0x5f, 0x65, 0x78,
  0x74, 0x65, 0x6e, 0x74, 0x00, 0x00, 0x00, 0x08, 0x00, 0x00, 0x01, 0x00,
  0x11, 0x68, 0x61, 0x73, 0x5f, 0x70, 0x72, 0x65, 0x63, 0x69, 0x70, 0x69,
  0x74, 0x61, 0x74, 0x69, 0x6f, 0x6e, 0x01, 0x05, 0x00, 0x0b, 0x74, 0x65,
  0x6d, 0x70, 0x65, 0x72, 0x61, 0x74, 0x75, 0x72, 0x65, 0x3f, 0x4c, 0xcc,
  0xcd, 0x05, 0x00, 0x08, 0x64, 0x6f, 0x77, 0x6e, 0x66, 0x61, 0x6c, 0x6c,
  0x3e, 0xcc, 0xcc, 0xcd, 0x00, 0x00, 0x00, 0x0a, 0x00, 0x13, 0x6d, 0x69,
  0x6e, 0x65, 0x63, 0x72, 0x61, 0x66, 0x74, 0x3a, 0x63, 0x68, 0x61, 0x74,
  0x5f, 0x74, 0x79, 0x70, 0x65, 0x08, 0x00, 0x04, 0x74, 0x79, 0x70, 0x65,
  0x00, 0x13, 0x6d, 0x69, 0x6e, 0x65, 0x63, 0x72, 0x61, 0x66, 0x74, 0x3a,
  0x63, 0x68, 0x61, 0x74, 0x5f, 0x74, 0x79, 0x70, 0x65, 0x09, 0x00, 0x05,
  0x76, 0x61, 0x6c, 0x75, 0x65, 0x0a, 0x00, 0x00, 0x00, 0x07, 0x08, 0x00,
  0x04, 0x6e, 0x61, 0x6d, 0x65, 0x00, 0x0e, 0x6d, 0x69, 0x6e, 0x65, 0x63,
  0x72, 0x61, 0x66, 0x74, 0x3a, 0x63, 0x68, 0x61, 0x74, 0x03, 0x00, 0x02,
  0x69, 0x64, 0x00, 0x00, 0x00, 0x00, 0x0a, 0x00, 0x07, 0x65, 0x6c, 0x65,
  0x6d, 0x65, 0x6e, 0x74, 0x0a, 0x00, 0x04, 0x63, 0x68, 0x61, 0x74, 0x08,
  0x00, 0x0f, 0x74, 0x72, 0x61, 0x6e, 0x73, 0x6c, 0x61, 0x74, 0x69, 0x6f,
  0x6e, 0x5f, 0x6b, 0x65, 0x79, 0x00, 0x0e, 0x63, 0x68, 0x61, 0x74, 0x2e,
  0x74, 0x79, 0x70, 0x65, 0x2e, 0x74, 0x65, 0x78, 0x74, 0x09, 0x00, 0x0a,
  0x70, 0x61, 0x72, 0x61, 0x6d, 0x65, 0x74, 0x65, 0x72, 0x73, 0x08, 0x00,
  0x00, 0x00, 0x02, 0x00, 0x06, 0x73, 0x65, 0x6e, 0x64, 0x65, 0x72, 0x00,
  0x07, 0x63, 0x6f, 0x6e, 0x74, 0x65, 0x6e, 0x74, 0x00, 0x0a, 0x00, 0x09,
  0x6e, 0x61, 0x72, 0x72, 0x61, 0x74, 0x69, 0x6f, 0x6e, 0x08, 0x00, 0x0f,
  0x74, 0x72, 0x61, 0x6e, 0x73, 0x6c, 0x61, 0x74, 0x69, 0x6f, 0x6e, 0x5f,
  0x6b, 0x65, 0x79, 0x00, 0x16, 0x63, 0x68, 0x61, 0x74, 0x2e, 0x74, 0x79,
  0x70, 0x65, 0x2e, 0x74, 0x65, 0x78, 0x74, 0x2e, 0x6e, 0x61, 0x72, 0x72,
  0x61, 0x74, 0x65, 0x09, 0x00, 0x0a, 0x70, 0x61, 0x72, 0x61, 0x6d, 0x65,
  0x74, 0x65, 0x72, 0x73, 0x08, 0x00, 0x00, 0x00, 0x02, 0x00, 0x06, 0x73,
  0x65, 0x6e, 0x64, 0x65, 0x72, 0x00, 0x07, 0x63, 0x6f, 0x6e, 0x74, 0x65,
  0x6e, 0x74, 0x00, 0x00, 0x00, 0x08, 0x00, 0x04, 0x6e, 0x61, 0x6d, 0x65,
  0x00, 0x17, 0x6d, 0x69, 0x6e, 0x65, 0x63, 0x72, 0x61, 0x66, 0x74, 0x3a,
  0x65, 0x6d, 0x6f, 0x74, 0x65, 0x5f, 0x63, 0x6f, 0x6d, 0x6d, 0x61, 0x6e,
  0x64, 0x03, 0x00, 0x02, 0x69, 0x64, 0x00, 0x00, 0x00, 0x01, 0x0a, 0x00,
  0x07, 0x65, 0x6c, 0x65, 0x6d, 0x65, 0x6e, 0x74, 0x0a, 0x00, 0x04, 0x63,
  0x68, 0x61, 0x74, 0x08, 0x00, 0x0f, 0x74, 0x72, 0x61, 0x6e, 0x73, 0x6c,
  0x61, 0x74, 0x69, 0x6f, 0x6e, 0x5f, 0x6b, 0x65, 0x79, 0x00, 0x0f, 0x63,
  0x68, 0x61, 0x74, 0x2e, 0x74, 0x79, 0x70, 0x65, 0x2e, 0x65, 0x6d, 0x6f,
  0x74, 0x65, 0x09, 0x00, 0x0a, 0x70, 0x61, 0x72, 0x61, 0x6d, 0x65, 0x74,
  0x65, 0x72, 0x73, 0x08, 0x00, 0x00, 0x00, 0x02, 0x00, 0x06, 0x73, 0x65,
  0x6e, 0x64, 0x65, 0x72, 0x00, 0x07, 0x63, 0x6f, 0x6e, 0x74, 0x65, 0x6e,
  0x74, 0x00, 0x0a, 0x00, 0x09, 0x6e, 0x61, 0x72, 0x72, 0x61, 0x74, 0x69,
  0x6f, 0x6e, 0x08, 0x00, 0x0f, 0x74, 0x72, 0x61, 0x6e, 0x73, 0x6c, 0x61,
  0x74, 0x69, 0x6f, 0x6e, 0x5f, 0x6b, 0x65, 0x79, 0x00, 0x0f, 0x63, 0x68,
  0x61, 0x74, 0x2e, 0x74, 0x79, 0x70, 0x65, 0x2e, 0x65, 0x6d, 0x6f, 0x74,
  0x65, 0x09, 0x00, 0x0a, 0x70, 0x61, 0x72, 0x61, 0x6d, 0x65, 0x74, 0x65,
  0x72, 0x73, 0x08, 0x00, 0x00, 0x00, 0x02, 0x00, 0x06, 0x73, 0x65, 0x6e,
  0x64, 0x65, 0x72, 0x00, 0x07, 0x63, 0x6f, 0x6e, 0x74, 0x65, 0x6e, 0x74,
  0x00, 0x00, 0x00, 0x08, 0x00, 0x04, 0x6e, 0x61, 0x6d, 0x65, 0x00, 0x1e,
  0x6d, 0x69, 0x6e, 0x65, 0x63, 0x72, 0x61, 0x66, 0x74, 0x3a, 0x6d, 0x73,
  0x67, 0x5f, 0x63, 0x6f, 0x6d, 0x6d, 0x61, 0x6e, 0x64, 0x5f, 0x69, 0x6e,
  0x63, 0x6f, 0x6d, 0x69, 0x6e, 0x67, 0x03, 0x00, 0x02, 0x69, 0x64, 0x00,
  0x00, 0x00, 0x02, 0x0a, 0x00, 0x07, 0x65, 0x6c, 0x65, 0x6d, 0x65, 0x6e,
  0x74, 0x0a, 0x00, 0x04, 0x63, 0x68, 0x61, 0x74, 0x08, 0x00, 0x0f, 0x74,
  0x72, 0x61, 0x6e, 0x73, 0x6c, 0x61, 0x74, 0x69, 0x6f, 0x6e, 0x5f, 0x6b,
  0x65, 0x79, 0x00, 0x21, 0x63, 0x6f, 0x6d, 0x6d, 0x61, 0x6e, 0x64, 0x73,
  0x2e, 0x6d, 0x65, 0x73, 0x73, 0x61, 0x67, 0x65, 0x2e, 0x64, 0x69, 0x73,
  0x70, 0x6c, 0x61, 0x79, 0x2e, 0x69, 0x6e, 0x63, 0x6f, 0x6d, 0x69, 0x6e,
  0x67, 0x0a, 0x00, 0x05, 0x73, 0x74, 0x79, 0x6c, 0x65, 0x08, 0x00, 0x05,
  0x63, 0x6f, 0x6c, 0x6f, 0x72, 0x00, 0x04, 0x67, 0x72, 0x61, 0x79, 0x01,
  0x00, 0x06, 0x69, 0x74, 0x61, 0x6c, 0x69, 0x63, 0x01, 0x00, 0x09, 0x00,
  0x0a, 0x70, 0x61, 0x72, 0x61, 0x6d, 0x65, 0x74, 0x65, 0x72, 0x73, 0x08,
  0x00, 0x00, 0x00, 0x02, 0x00, 0x06, 0x73, 0x65, 0x6e, 0x64, 0x65, 0x72,
  0x00, 0x07, 0x63, 0x6f, 0x6e, 0x74, 0x65, 0x6e, 0x74, 0x00, 0x0a, 0x00,
  0x09, 0x6e, 0x61, 0x72, 0x72, 0x61, 0x74, 0x69, 0x6f, 0x6e, 0x08, 0x00,
  0x0f, 0x74, 0x72, 0x61, 0x6e, 0x73, 0x6c, 0x61, 0x74, 0x69, 0x6f, 0x6e,
  0x5f, 0x6b, 0x65, 0x79, 0x00, 0x16, 0x63, 0x68, 0x61, 0x74, 0x2e, 0x74,
  0x79, 0x70, 0x65, 0x2e, 0x74, 0x65, 0x78, 0x74, 0x2e, 0x6e, 0x61, 0x72,
  0x72, 0x61, 0x74, 0x65, 0x09, 0x00, 0x0a, 0x70, 0x61, 0x72, 0x61, 0x6d,
  0x65, 0x74, 0x65, 0x72, 0x73, 0x08, 0x00, 0x00, 0x00, 0x02, 0x00, 0x06,
  0x73, 0x65, 0x6e, 0x64, 0x65, 0x72, 0x00, 0x07, 0x63, 0x6f, 0x6e, 0x74,
  0x65, 0x6e, 0x74, 0x00, 0x00, 0x00, 0x08, 0x00, 0x04, 0x6e, 0x61, 0x6d,
  0x65, 0x00, 0x1e, 0x6d, 0x69, 0x6e, 0x65, 0x63, 0x72, 0x61, 0x66, 0x74,
  0x3a, 0x6d, 0x73, 0x67, 0x5f, 0x63, 0x6f, 0x6d, 0x6d, 0x61, 0x6e, 0x64,
  0x5f, 0x6f, 0x75, 0x74, 0x67, 0x6f, 0x69, 0x6e, 0x67, 0x03, 0x00, 0x02,
  0x69, 0x64, 0x00, 0x00, 0x00, 0x03, 0x0a, 0x00, 0x07, 0x65, 0x6c, 0x65,
  0x6d, 0x65, 0x6e, 0x74, 0x0a, 0x00, 0x04, 0x63, 0x68, 0x61, 0x74, 0x08,
  0x00, 0x0f, 0x74, 0x72, 0x61, 0x6e, 0x73, 0x6c, 0x61, 0x74, 0x69, 0x6f,
  0x6e, 0x5f, 0x6b, 0x65, 0x79, 0x00, 0x21, 0x63, 0x6f, 0x6d, 0x6d, 0x61,
  0x6e, 0x64, 0x73, 0x2e, 0x6d, 0x65, 0x73, 0x73, 0x61, 0x67, 0x65, 0x2e,
  0x64, 0x69, 0x73, 0x70, 0x6c, 0x61, 0x79, 0x2e, 0x6f, 0x75, 0x74, 0x67,
  0x6f, 0x69, 0x6e, 0x67, 0x0a, 0x00, 0x05, 0x73, 0x74, 0x79, 0x6c, 0x65,
  0x08, 0x00, 0x05, 0x63, 0x6f, 0x6c, 0x6f, 0x72, 0x00, 0x04, 0x67, 0x72,
  0x61, 0x79, 0x01, 0x00, 0x06, 0x69, 0x74, 0x61, 0x6c, 0x69, 0x63, 0x01,
  0x00, 0x09, 0x00, 0x0a, 0x70, 0x61, 0x72, 0x61, 0x6d, 0x65, 0x74, 0x65,
  0x72, 0x73, 0x08, 0x00, 0x00, 0x00, 0x02, 0x00, 0x06, 0x74, 0x61, 0x72,
  0x67, 0x65, 0x74, 0x00, 0x07, 0x63, 0x6f, 0x6e, 0x74, 0x65, 0x6e, 0x74,
  0x00, 0x0a, 0x00, 0x09, 0x6e, 0x61, 0x72, 0x72, 0x61, 0x74, 0x69, 0x6f,
  0x6e, 0x08, 0x00, 0x0f, 0x74, 0x72, 0x61, 0x6e, 0x73, 0x6c, 0x61, 0x74,
  0x69, 0x6f, 0x6e, 0x5f, 0x6b, 0x65, 0x79, 0x00, 0x16, 0x63, 0x68, 0x61,
  0x74, 0x2e, 0x74, 0x79, 0x70, 0x65, 0x2e, 0x74, 0x65, 0x78, 0x74, 0x2e,
  0x6e, 0x61, 0x72, 0x72, 0x61, 0x74, 0x65, 0x09, 0x00, 0x0a, 0x70, 0x61,
  0x72, 0x61, 0x6d, 0x65, 0x74, 0x65, 0x72, 0x73, 0x08, 0x00, 0x00, 0x00,
  0x02, 0x00, 0x06, 0x73, 0x65, 0x6e, 0x64, 0x65, 0x72, 0x00, 0x07, 0x63,
  0x6f, 0x6e, 0x74, 0x65, 0x6e, 0x74, 0x00, 0x00, 0x00, 0x08, 0x00, 0x04,
  0x6e, 0x61, 0x6d, 0x65, 0x00, 0x15, 0x6d, 0x69, 0x6e, 0x65, 0x63, 0x72,
  0x61, 0x66, 0x74, 0x3a, 0x73, 0x61, 0x79, 0x5f, 0x63, 0x6f, 0x6d, 0x6d,
  0x61, 0x6e, 0x64, 0x03, 0x00, 0x02, 0x69, 0x64, 0x00, 0x00, 0x00, 0x04,
  0x0a, 0x00, 0x07, 0x65, 0x6c, 0x65, 0x6d, 0x65, 0x6e, 0x74, 0x0a, 0x00,
  0x04, 0x63, 0x68, 0x61, 0x74, 0x08, 0x00, 0x0f, 0x74, 0x72, 0x61, 0x6e,
  0x73, 0x6c, 0x61, 0x74, 0x69, 0x6f, 0x6e, 0x5f, 0x6b, 0x65, 0x79, 0x00,
  0x16, 0x63, 0x68, 0x61, 0x74, 0x2e, 0x74, 0x79, 0x70, 0x65, 0x2e, 0x61,
  0x6e, 0x6e, 0x6f, 0x75, 0x6e, 0x63, 0x65, 0x6d, 0x65, 0x6e, 0x74, 0x09,
  0x00, 0x0a, 0x70, 0x61, 0x72, 0x61, 0x6d, 0x65, 0x74, 0x65, 0x72, 0x73,
  0x08, 0x00, 0x00, 0x00, 0x02, 0x00, 0x06, 0x73, 0x65, 0x6e, 0x64, 0x65,
  0x72, 0x00, 0x07, 0x63, 0x6f, 0x6e, 0x74, 0x65, 0x6e, 0x74, 0x00, 0x0a,
  0x00, 0x09, 0x6e, 0x61, 0x72, 0x72, 0x61, 0x74, 0x69, 0x6f, 0x6e, 0x08,
  0x00, 0x0f, 0x74, 0x72, 0x61, 0x6e, 0x73, 0x6c, 0x61, 0x74, 0x69, 0x6f,
  0x6e, 0x5f, 0x6b, 0x65, 0x79, 0x00, 0x16, 0x63, 0x68, 0x61, 0x74, 0x2e,
  0x74, 0x79, 0x70, 0x65, 0x2e, 0x74, 0x65, 0x78, 0x74, 0x2e, 0x6e, 0x61,
  0x72, 0x72, 0x61, 0x74, 0x65, 0x09, 0x00, 0x0a, 0x70, 0x61, 0x72, 0x61,
  0x6d, 0x65, 0x74, 0x65, 0x72, 0x73, 0x08, 0x00, 0x00, 0x00, 0x02, 0x00,
  0x06, 0x73, 0x65, 0x6e, 0x64, 0x65, 0x72, 0x00, 0x07, 0x63, 0x6f, 0x6e,
  0x74, 0x65, 0x6e, 0x74, 0x00, 0x00, 0x00, 0x08, 0x00, 0x04, 0x6e, 0x61,
  0x6d, 0x65, 0x00, 0x23, 0x6d, 0x69, 0x6e, 0x65, 0x63, 0x72, 0x61, 0x66,
  0x74, 0x3a, 0x74, 0x65, 0x61, 0x6d, 0x5f, 0x6d, 0x73, 0x67, 0x5f, 0x63,
  0x6f, 0x6d, 0x6d, 0x61, 0x6e, 0x64, 0x5f, 0x69, 0x6e, 0x63, 0x6f, 0x6d,
  0x69, 0x6e, 0x67, 0x03, 0x00, 0x02, 0x69, 0x64, 0x00, 0x00, 0x00, 0x05,
  0x0a, 0x00, 0x07, 0x65, 0x6c, 0x65, 0x6d, 0x65, 0x6e, 0x74, 0x0a, 0x00,
  0x04, 0x63, 0x68, 0x61, 0x74, 0x08, 0x00, 0x0f, 0x74, 0x72, 0x61, 0x6e,
  0x73, 0x6c, 0x61, 0x74, 0x69, 0x6f, 0x6e, 0x5f, 0x6b, 0x65, 0x79, 0x00,
  0x13, 0x63, 0x68, 0x61, 0x74, 0x2e, 0x74, 0x79, 0x70, 0x65, 0x2e, 0x74,
  0x65, 0x61, 0x6d, 0x2e, 0x74, 0x65, 0x78, 0x74, 0x09, 0x00, 0x0a, 0x70,
  0x61, 0x72, 0x61, 0x6d, 0x65, 0x74, 0x65, 0x72, 0x73, 0x08, 0x00, 0x00,
  0x00, 0x03, 0x00, 0x06, 0x74, 0x61, 0x72, 0x67, 0x65, 0x74, 0x00, 0x06,
  0x73, 0x65, 0x6e, 0x64, 0x65, 0x72, 0x00, 0x07, 0x63, 0x6f, 0x6e, 0x74,
  0x65, 0x6e, 0x74, 0x00, 0x0a, 0x00, 0x09, 0x6e, 0x61, 0x72, 0x72, 0x61,
  0x74, 0x69, 0x6f, 0x6e, 0x08, 0x00, 0x0f, 0x74, 0x72, 0x61, 0x6e, 0x73,
  0x6c, 0x61, 0x74, 0x69, 0x6f, 0x6e, 0x5f, 0x6b, 0x65, 0x79, 0x00, 0x16,
  0x63, 0x68, 0x61, 0x74, 0x2e, 0x74, 0x79, 0x70, 0x65, 0x2e, 0x74, 0x65,
  0x78, 0x74, 0x2e, 0x6e, 0x61, 0x72, 0x72, 0x61, 0x74, 0x65, 0x09, 0x00,
  0x0a, 0x70, 0x61, 0x72, 0x61, 0x6d, 0x65, 0x74, 0x65, 0x72, 0x73, 0x08,
  0x00, 0x00, 0x00, 0x02, 0x00, 0x06, 0x73, 0x65, 0x6e, 0x64, 0x65, 0x72,
  0x00, 0x07, 0x63, 0x6f, 0x6e, 0x74, 0x65, 0x6e, 0x74, 0x00, 0x00, 0x00,
  0x08, 0x00, 0x04, 0x6e, 0x61, 0x6d, 0x65, 0x00, 0x23, 0x6d, 0x69, 0x6e,
  0x65, 0x63, 0x72, 0x61, 0x66, 0x74, 0x3a, 0x74, 0x65, 0x61, 0x6d, 0x5f,
  0x6d, 0x73, 0x67, 0x5f, 0x63, 0x6f, 0x6d, 0x6d, 0x61, 0x6e, 0x64, 0x5f,
  0x6f, 0x75, 0x74, 0x67, 0x6f, 0x69, 0x6e, 0x67, 0x03, 0x00, 0x02, 0x69,
  0x64, 0x00, 0x00, 0x00, 0x06, 0x0a, 0x00, 0x07, 0x65, 0x6c, 0x65, 0x6d,
  0x65, 0x6e, 0x74, 0x0a, 0x00, 0x04, 0x63, 0x68, 0x61, 0x74, 0x08, 0x00,
  0x0f, 0x74, 0x72, 0x61, 0x6e, 0x73, 0x6c, 0x61, 0x74, 0x69, 0x6f, 0x6e,
  0x5f, 0x6b, 0x65, 0x79, 0x00, 0x13, 0x63, 0x68, 0x61, 0x74, 0x2e, 0x74,
  0x79, 0x70, 0x65, 0x2e, 0x74, 0x65, 0x61, 0x6d, 0x2e, 0x73, 0x65, 0x6e,
  0x74, 0x09, 0x00, 0x0a, 0x70, 0x61, 0x72, 0x61, 0x6d, 0x65, 0x74, 0x65,
  0x72, 0x73, 0x08, 0x00, 0x00, 0x00, 0x03, 0x00, 0x06, 0x74, 0x61, 0x72,
  0x67, 0x65, 0x74, 0x00, 0x06, 0x73, 0x65, 0x6e, 0x64, 0x65, 0x72, 0x00,
  0x07, 0x63, 0x6f, 0x6e, 0x74, 0x65, 0x6e, 0x74, 0x00, 0x0a, 0x00, 0x09,
  0x6e, 0x61, 0x72, 0x72, 0x61, 0x74, 0x69, 0x6f, 0x6e, 0x08, 0x00, 0x0f,
  0x74, 0x72, 0x61, 0x6e, 0x73, 0x6c, 0x61, 0x74, 0x69, 0x6f, 0x6e, 0x5f,
  0x6b, 0x65, 0x79, 0x00, 0x16, 0x63, 0x68, 0x61, 0x74, 0x2e, 0x74, 0x79,
  0x70, 0x65, 0x2e, 0x74, 0x65, 0x78, 0x74, 0x2e, 0x6e, 0x61, 0x72, 0x72,
  0x61, 0x74, 0x65, 0x09, 0x00, 0x0a, 0x70, 0x61, 0x72, 0x61, 0x6d, 0x65,
  0x74, 0x65, 0x72, 0x73, 0x08, 0x00, 0x00, 0x00, 0x02, 0x00, 0x06, 0x73,
  0x65, 0x6e, 0x64, 0x65, 0x72, 0x00, 0x07, 0x63, 0x6f, 0x6e, 0x74, 0x65,
  0x6e, 0x74, 0x00, 0x00, 0x00, 0x00, 0x0a, 0x00, 0x15, 0x6d, 0x69, 0x6e,
  0x65, 0x63, 0x72, 0x61, 0x66, 0x74, 0x3a, 0x64, 0x61, 0x6d, 0x61, 0x67,
  0x65, 0x5f, 0x74, 0x79, 0x70, 0x65, 0x08, 0x00, 0x04, 0x74, 0x79, 0x70,
  0x65, 0x00, 0x15, 0x6d, 0x69, 0x6e, 0x65, 0x63, 0x72, 0x61, 0x66, 0x74,
  0x3a, 0x64, 0x61, 0x6d, 0x61, 0x67, 0x65, 0x5f, 0x74, 0x79, 0x70, 0x65,
  0x09, 0x00, 0x05, 0x76, 0x61, 0x6c, 0x75, 0x65, 0x0a, 0x00, 0x00, 0x00,
  0x2c, 0x08, 0x00, 0x04, 0x6e, 0x61, 0x6d, 0x65, 0x00, 0x0f, 0x6d, 0x69,
  0x6e, 0x65, 0x63, 0x72, 0x61, 0x66, 0x74, 0x3a, 0x61, 0x72, 0x72, 0x6f,
  0x77, 0x03, 0x00, 0x02, 0x69, 0x64, 0x00, 0x00, 0x00, 0x00, 0x0a, 0x00,
  0x07, 0x65, 0x6c, 0x65, 0x6d, 0x65, 0x6e, 0x74, 0x08, 0x00, 0x07, 0x73,
  0x63, 0x61, 0x6c, 0x69, 0x6e, 0x67, 0x00, 0x20, 0x77, 0x68, 0x65, 0x6e,
  0x5f, 0x63, 0x61, 0x75, 0x73, 0x65, 0x64, 0x5f, 0x62, 0x79, 0x5f, 0x6c,
  0x69, 0x76, 0x69, 0x6e, 0x67, 0x5f, 0x6e, 0x6f, 0x6e, 0x5f, 0x70, 0x6c,
  0x61, 0x79, 0x65, 0x72, 0x05, 0x00, 0x0a, 0x65, 0x78, 0x68, 0x61, 0x75,
  0x73, 0x74, 0x69, 0x6f, 0x6e, 0x3d, 0xcc, 0xcc, 0xcd, 0x08, 0x00, 0x0a,
  0x6d, 0x65, 0x73, 0x73, 0x61, 0x67, 0x65, 0x5f, 0x69, 0x64, 0x00, 0x05,
  0x61, 0x72, 0x72, 0x6f, 0x77, 0x00, 0x00, 0x08, 0x00, 0x04, 0x6e, 0x61,
  0x6d, 0x65, 0x00, 0x1b, 0x6d, 0x69, 0x6e, 0x65, 0x63, 0x72, 0x61, 0x66,
  0x74, 0x3a, 0x62, 0x61, 0x64, 0x5f, 0x72, 0x65, 0x73, 0x70, 0x61, 0x77,
  0x6e, 0x5f, 0x70, 0x6f, 0x69, 0x6e, 0x74, 0x03, 0x00, 0x02, 0x69, 0x64,
  0x00, 0x00, 0x00, 0x01, 0x0a, 0x00, 0x07, 0x65, 0x6c, 0x65, 0x6d, 0x65,
  0x6e, 0x74, 0x08, 0x00, 0x07, 0x73, 0x63, 0x61, 0x6c, 0x69, 0x6e, 0x67,
  0x00, 0x06, 0x61, 0x6c, 0x77, 0x61, 0x79, 0x73, 0x05, 0x00, 0x0a, 0x65,
  0x78, 0x68, 0x61, 0x75, 0x73, 0x74, 0x69, 0x6f, 0x6e, 0x3d, 0xcc, 0xcc,
  0xcd, 0x08, 0x00, 0x0a, 0x6d, 0x65, 0x73, 0x73, 0x61, 0x67, 0x65, 0x5f,
  0x69, 0x64, 0x00, 0x0f, 0x62, 0x61, 0x64, 0x52, 0x65, 0x73, 0x70, 0x61,
  0x77, 0x6e, 0x50, 0x6f, 0x69, 0x6e, 0x74, 0x08, 0x00, 0x12, 0x64, 0x65,
  0x61, 0x74, 0x68, 0x5f, 0x6d, 0x65, 0x73, 0x73, 0x61, 0x67, 0x65, 0x5f,
  0x74, 0x79, 0x70, 0x65, 0x00, 0x17, 0x69, 0x6e, 0x74, 0x65, 0x6e, 0x74,
  0x69, 0x6f, 0x6e, 0x61, 0x6c, 0x5f, 0x67, 0x61, 0x6d, 0x65, 0x5f, 0x64,
  0x65, 0x73, 0x69, 0x67, 0x6e, 0x00, 0x00, 0x08, 0x00, 0x04, 0x6e, 0x61,
  0x6d, 0x65, 0x00, 0x10, 0x6d, 0x69, 0x6e, 0x65, 0x63, 0x72, 0x61, 0x66,
  0x74, 0x3a, 0x63, 0x61, 0x63, 0x74, 0x75, 0x73, 0x03, 0x00, 0x02, 0x69,
  0x64, 0x00, 0x00, 0x00, 0x02, 0x0a, 0x00, 0x07, 0x65, 0x6c, 0x65, 0x6d,
  0x65, 0x6e, 0x74, 0x08, 0x00, 0x07, 0x73, 0x63, 0x61, 0x6c, 0x69, 0x6e,
  0x67, 0x00, 0x20, 0x77, 0x68, 0x65, 0x6e, 0x5f, 0x63, 0x61, 0x75, 0x73,
  0x65, 0x64, 0x5f, 0x62, 0x79, 0x5f, 0x6c, 0x69, 0x76, 0x69, 0x6e, 0x67,
  0x5f, 0x6e, 0x6f, 0x6e, 0x5f, 0x70, 0x6c, 0x61, 0x79, 0x65, 0x72, 0x05,
  0x00, 0x0a, 0x65, 0x78, 0x68, 0x61, 0x75, 0x73, 0x74, 0x69, 0x6f, 0x6e,
  0x3d, 0xcc, 0xcc, 0xcd, 0x08, 0x00, 0x0a, 0x6d, 0x65, 0x73, 0x73, 0x61,
  0x67, 0x65, 0x5f, 0x69, 0x64, 0x00, 0x06, 0x63, 0x61, 0x63, 0x74, 0x75,
  0x73, 0x00, 0x00, 0x08, 0x00, 0x04, 0x6e, 0x61, 0x6d, 0x65, 0x00, 0x12,
  0x6d, 0x69, 0x6e, 0x65, 0x63, 0x72, 0x61, 0x66, 0x74, 0x3a, 0x63, 0x72,
  0x61, 0x6d, 0x6d, 0x69, 0x6e, 0x67, 0x03, 0x00, 0x02, 0x69, 0x64, 0x00,
  0x00, 0x00, 0x03, 0x0a, 0x00, 0x07, 0x65, 0x6c, 0x65, 0x6d, 0x65, 0x6e,
  0x74, 0x08, 0x00, 0x07, 0x73, 0x63, 0x61, 0x6c, 0x69, 0x6e, 0x67, 0x00,
  0x20, 0x77, 0x68, 0x65, 0x6e, 0x5f, 0x63, 0x61, 0x75, 0x73, 0x65, 0x64,
  0x5f, 0x62, 0x79, 0x5f, 0x6c, 0x69, 0x76, 0x69, 0x6e, 0x67, 0x5f, 0x6e,
  0x6f, 0x6e, 0x5f, 0x70, 0x6c, 0x61, 0x79, 0x65, 0x72, 0x05, 0x00, 0x0a,
  0x65, 0x78, 0x68, 0x61, 0x75, 0x73, 0x74, 0x69, 0x6f, 0x6e, 0x00, 0x00,
  0x00, 0x00, 0x08, 0x00, 0x0a, 0x6d, 0x65, 0x73, 0x73, 0x61, 0x67, 0x65,
  0x5f, 0x69, 0x64, 0x00, 0x08, 0x63, 0x72, 0x61, 0x6d, 0x6d, 0x69, 0x6e,
  0x67, 0x00, 0x00, 0x08, 0x00, 0x04, 0x6e, 0x61, 0x6d, 0x65, 0x00, 0x17,
  0x6d, 0x69, 0x6e, 0x65, 0x63, 0x72, 0x61, 0x66, 0x74, 0x3a, 0x64, 0x72,
  0x61, 0x67, 0x6f, 0x6e, 0x5f, 0x62, 0x72, 0x65, 0x61, 0x74, 0x68, 0x03,
  0x00, 0x02, 0x69, 0x64, 0x00, 0x00, 0x00, 0x04, 0x0a, 0x00, 0x07, 0x65,
  0x6c, 0x65, 0x6d, 0x65, 0x6e, 0x74, 0x08, 0x00, 0x07, 0x73, 0x63, 0x61,
  0x6c, 0x69, 0x6e, 0x67, 0x00, 0x20, 0x77, 0x68, 0x65, 0x6e, 0x5f, 0x63,
  0x61, 0x75, 0x73, 0x65, 0x64, 0x5f, 0x62, 0x79, 0x5f, 0x6c, 0x69, 0x76,
  0x69, 0x6e, 0x67, 0x5f, 0x6e, 0x6f, 0x6e, 0x5f, 0x70, 0x6c, 0x61, 0x79,
  0x65, 0x72, 0x05, 0x00, 0x0a, 0x65, 0x78, 0x68, 0x61, 0x75, 0x73, 0x74,
  0x69, 0x6f, 0x6e, 0x00, 0x00, 0x00, 0x00, 0x08, 0x00, 0x0a, 0x6d, 0x65,
  0x73, 0x73, 0x61, 0x67, 0x65, 0x5f, 0x69, 0x64, 0x00, 0x0c, 0x64, 0x72,
  0x61, 0x67, 0x6f, 0x6e, 0x42, 0x72, 0x65, 0x61, 0x74, 0x68, 0x00, 0x00,
  0x08, 0x00, 0x04, 0x6e, 0x61, 0x6d, 0x65, 0x00, 0x0f, 0x6d, 0x69, 0x6e,
  0x65, 0x63, 0x72, 0x61, 0x66, 0x74, 0x3a, 0x64, 0x72, 0x6f, 0x77, 0x6e,
  0x03, 0x00, 0x02, 0x69, 0x64, 0x00, 0x00, 0x00, 0x05, 0x0a, 0x00, 0x07,
  0x65, 0x6c, 0x65, 0x6d, 0x65, 0x6e, 0x74, 0x08, 0x00, 0x07, 0x65, 0x66,
  0x66, 0x65, 0x63, 0x74, 0x73, 0x00, 0x08, 0x64, 0x72, 0x6f, 0x77, 0x6e,
  0x69, 0x6e, 0x67, 0x08, 0x00, 0x07, 0x73, 0x63, 0x61, 0x6c, 0x69, 0x6e,
  0x67, 0x00, 0x20, 0x77, 0x68, 0x65, 0x6e, 0x5f, 0x63, 0x61, 0x75, 0x73,
  0x65, 0x64, 0x5f, 0x62, 0x79, 0x5f, 0x6c, 0x69, 0x76, 0x69, 0x6e, 0x67,
  0x5f, 0x6e, 0x6f, 0x6e, 0x5f, 0x70, 0x6c, 0x61, 0x79, 0x65, 0x72, 0x05,
  0x00, 0x0a, 0x65, 0x78, 0x68, 0x61, 0x75, 0x73, 0x74, 0x69, 0x6f, 0x6e,
  0x00, 0x00, 0x00, 0x00, 0x08, 0x00, 0x0a, 0x6d, 0x65, 0x73, 0x73, 0x61,
  0x67, 0x65, 0x5f, 0x69, 0x64, 0x00, 0x05, 0x64, 0x72, 0x6f, 0x77, 0x6e,
  0x00, 0x00, 0x08, 0x00, 0x04, 0x6e, 0x61, 0x6d, 0x65, 0x00, 0x11, 0x6d,
  0x69, 0x6e, 0x65, 0x63, 0x72, 0x61, 0x66, 0x74, 0x3a, 0x64, 0x72, 0x79,
  0x5f, 0x6f, 0x75, 0x74, 0x03, 0x00, 0x02, 0x69, 0x64, 0x00, 0x00, 0x00,
  0x06, 0x0a, 0x00, 0x07, 0x65, 0x6c, 0x65, 0x6d, 0x65, 0x6e, 0x74, 0x08,
  0x00, 0x07, 0x73, 0x63, 0x61, 0x6c, 0x69, 0x6e, 0x67, 0x00, 0x20, 0x77,
  0x68, 0x65, 0x6e, 0x5f, 0x63, 0x61, 0x75, 0x73, 0x65, 0x64, 0x5f, 0x62,
  0x79, 0x5f, 0x6c, 0x69, 0x76, 0x69, 0x6e, 0x67, 0x5f, 0x6e, 0x6f, 0x6e,
  0x5f, 0x70, 0x6c, 0x61, 0x79, 0x65, 0x72, 0x05, 0x00, 0x0a, 0x65, 0x78,
  0x68, 0x61, 0x75, 0x73, 0x74, 0x69, 0x6f, 0x6e, 0x3d, 0xcc, 0xcc, 0xcd,
  0x08, 0x00, 0x0a, 0x6d, 0x65, 0x73, 0x73, 0x61, 0x67, 0x65, 0x5f, 0x69,
  0x64, 0x00, 0x06, 0x64, 0x72, 0x79, 0x6f, 0x75, 0x74, 0x00, 0x00, 0x08,
  0x00, 0x04, 0x6e, 0x61, 0x6d, 0x65, 0x00, 0x13, 0x6d, 0x69, 0x6e, 0x65,
  0x63, 0x72, 0x61, 0x66, 0x74, 0x3a, 0x65, 0x78, 0x70, 0x6c, 0x6f, 0x73,
  0x69, 0x6f, 0x6e, 0x03, 0x00, 0x02, 0x69, 0x64, 0x00, 0x00, 0x00, 0x07,
  0x0a, 0x00, 0x07, 0x65, 0x6c, 0x65, 0x6d, 0x65, 0x6e, 0x74, 0x08, 0x00,
  0x07, 0x73, 0x63, 0x61, 0x6c, 0x69, 0x6e, 0x67, 0x00, 0x06, 0x61, 0x6c,
  0x77, 0x61, 0x79, 0x73, 0x05, 0x00, 0x0a, 0x65, 0x78, 0x68, 0x61, 0x75,
  0x73, 0x74, 0x69, 0x6f, 0x6e, 0x3d, 0xcc, 0xcc, 0xcd, 0x08, 0x00, 0x0a,
  0x6d, 0x65, 0x73, 0x73, 0x61, 0x67, 0x65, 0x5f, 0x69, 0x64, 0x00, 0x09,
  0x65, 0x78, 0x70, 0x6c, 0x6f, 0x73, 0x69, 0x6f, 0x6e, 0x00, 0x00, 0x08,
  0x00, 0x04, 0x6e, 0x61, 0x6d, 0x65, 0x00, 0x0e, 0x6d, 0x69, 0x6e, 0x65,
  0x63, 0x72, 0x61, 0x66, 0x74, 0x3a, 0x66, 0x61, 0x6c, 0x6c, 0x03, 0x00,
  0x02, 0x69, 0x64, 0x00, 0x00, 0x00, 0x08, 0x0a, 0x00, 0x07, 0x65, 0x6c,
  0x65, 0x6d, 0x65, 0x6e, 0x74, 0x08, 0x00, 0x07, 0x73, 0x63, 0x61, 0x6c,
  0x69, 0x6e, 0x67, 0x00, 0x20, 0x77, 0x68, 0x65, 0x6e, 0x5f, 0x63, 0x61,
  0x75, 0x73, 0x65, 0x64, 0x5f, 0x62, 0x79, 0x5f, 0x6c, 0x69, 0x76, 0x69,
  0x6e, 0x67, 0x5f, 0x6e, 0x6f, 0x6e, 0x5f, 0x70, 0x6c, 0x61, 0x79, 0x65,
  0x72, 0x05, 0x00, 0x0a, 0x65, 0x78, 0x68, 0x61, 0x75, 0x73, 0x74, 0x69,
  0x6f, 0x6e, 0x00, 0x00, 0x00, 0x00, 0x08, 0x00, 0x0a, 0x6d, 0x65, 0x73,
  0x73, 0x61, 0x67, 0x65, 0x5f, 0x69, 0x64, 0x00, 0x04, 0x66, 0x61, 0x6c,
  0x6c, 0x08, 0x00, 0x12, 0x64, 0x65, 0x61, 0x74, 0x68, 0x5f, 0x6d, 0x65,
  0x73, 0x73, 0x61, 0x67, 0x65, 0x5f, 0x74, 0x79, 0x70, 0x65, 0x00, 0x0d,
  0x66, 0x61, 0x6c, 0x6c, 0x5f, 0x76, 0x61, 0x72, 0x69, 0x61, 0x6e, 0x74,
  0x73, 0x00, 0x00, 0x08, 0x00, 0x04, 0x6e, 0x61, 0x6d, 0x65, 0x00, 0x17,
  0x6d, 0x69, 0x6e, 0x65, 0x63, 0x72, 0x61, 0x66, 0x74, 0x3a, 0x66, 0x61,
  0x6c, 0x6c, 0x69, 0x6e, 0x67, 0x5f, 0x61, 0x6e, 0x76, 0x69, 0x6c, 0x03,
  0x00, 0x02, 0x69, 0x64, 0x00, 0x00, 0x00, 0x09, 0x0a, 0x00, 0x07, 0x65,
  0x6c, 0x65, 0x6d, 0x65, 0x6e, 0x74, 0x08, 0x00, 0x07, 0x73, 0x63, 0x61,
  0x6c, 0x69, 0x6e, 0x67, 0x00, 0x20, 0x77, 0x68, 0x65, 0x6e, 0x5f, 0x63,
  0x61, 0x75, 0x73, 0x65, 0x64, 0x5f, 0x62, 0x79, 0x5f, 0x6c, 0x69, 0x76,
  0x69, 0x6e, 0x67, 0x5f, 0x6e, 0x6f, 0x6e, 0x5f, 0x70, 0x6c, 0x61, 0x79,
  0x65, 0x72, 0x05, 0x00, 0x0a, 0x65, 0x78, 0x68, 0x61, 0x75, 0x73, 0x74,
  0x69, 0x6f, 0x6e, 0x3d, 0xcc, 0xcc, 0xcd, 0x08, 0x00, 0x0a, 0x6d, 0x65,
  0x73, 0x73, 0x61, 0x67, 0x65, 0x5f, 0x69, 0x64, 0x00, 0x05, 0x61, 0x6e,
  0x76, 0x69, 0x6c, 0x00, 0x00, 0x08, 0x00, 0x04, 0x6e, 0x61, 0x6d, 0x65,
  0x00, 0x17, 0x6d, 0x69, 0x6e, 0x65, 0x63, 0x72, 0x61, 0x66, 0x74, 0x3a,
  0x66, 0x61, 0x6c, 0x6c, 0x69, 0x6e, 0x67, 0x5f, 0x62, 0x6c, 0x6f, 0x63,
  0x6b, 0x03, 0x00, 0x02, 0x69, 0x64, 0x00, 0x00, 0x00, 0x0a, 0x0a, 0x00,
  0x07, 0x65, 0x6c, 0x65, 0x6d, 0x65, 0x6e, 0x74, 0x08, 0x00, 0x07, 0x73,
  0x63, 0x61, 0x6c, 0x69, 0x6e, 0x67, 0x00, 0x20, 0x77, 0x68, 0x65, 0x6e,
  0x5f, 0x63, 0x61, 0x75, 0x73, 0x65, 0x64, 0x5f, 0x62, 0x79, 0x5f, 0x6c,
  0x69, 0x76, 0x69, 0x6e, 0x67, 0x5f, 0x6e, 0x6f, 0x6e, 0x5f, 0x70, 0x6c,
  0x61, 0x79, 0x65, 0x72, 0x05, 0x00, 0x0a, 0x65, 0x78, 0x68, 0x61, 0x75,
  0x73, 0x74, 0x69, 0x6f, 0x6e, 0x3d, 0xcc, 0xcc, 0xcd, 0x08, 0x00, 0x0a,
  0x6d, 0x65, 0x73, 0x73, 0x61, 0x67, 0x65, 0x5f, 0x69, 0x64, 0x00, 0x0c,
  0x66, 0x61, 0x6c, 0x6c, 0x69, 0x6e, 0x67, 0x42, 0x6c, 0x6f, 0x63, 0x6b,
  0x00, 0x00, 0x08, 0x00, 0x04, 0x6e, 0x61, 0x6d, 0x65, 0x00, 0x1c, 0x6d,
  0x69, 0x6e, 0x65, 0x63, 0x72, 0x61, 0x66, 0x74, 0x3a, 0x66, 0x61, 0x6c,
  0x6c, 0x69, 0x6e, 0x67, 0x5f, 0x73, 0x74, 0x61, 0x6c, 0x61, 0x63, 0x74,
  0x69, 0x74, 0x65, 0x03, 0x00, 0x02, 0x69, 0x64, 0x00, 0x00, 0x00, 0x0b,
  0x0a, 0x00, 0x07, 0x65, 0x6c, 0x65, 0x6d, 0x65, 0x6e, 0x74, 0x08, 0x00,
  0x07, 0x73, 0x63, 0x61, 0x6c, 0x69, 0x6e, 0x67, 0x00, 0x20, 0x77, 0x68,
  0x65, 0x6e, 0x5f, 0x63, 0x61, 0x75, 0x73, 0x65, 0x64, 0x5f, 0x62, 0x79,
  0x5f, 0x6c, 0x69, 0x76, 0x69, 0x6e, 0x67, 0x5f, 0x6e, 0x6f, 0x6e, 0x5f,
  0x70, 0x6c, 0x61, 0x79, 0x65, 0x72, 0x05, 0x00, 0x0a, 0x65, 0x78, 0x68,
  0x61, 0x75, 0x73, 0x74, 0x69, 0x6f, 0x6e, 0x3d, 0xcc, 0xcc, 0xcd, 0x08,
  0x00, 0x0a, 0x6d, 0x65, 0x73, 0x73, 0x61, 0x67, 0x65, 0x5f, 0x69, 0x64,
  0x00, 0x11, 0x66, 0x61, 0x6c, 0x6c, 0x69, 0x6e, 0x67, 0x53, 0x74, 0x61,
  0x6c, 0x61, 0x63, 0x74, 0x69, 0x74, 0x65, 0x00, 0x00, 0x08, 0x00, 0x04,
  0x6e, 0x61, 0x6d, 0x65, 0x00, 0x12, 0x6d, 0x69, 0x6e, 0x65, 0x63, 0x72,
  0x61, 0x66, 0x74, 0x3a, 0x66, 0x69, 0x72, 0x65, 0x62, 0x61, 0x6c, 0x6c,
  0x03, 0x00, 0x02, 0x69, 0x64, 0x00, 0x00, 0x00, 0x0c, 0x0a, 0x00, 0x07,
  0x65, 0x6c, 0x65, 0x6d, 0x65, 0x6e, 0x74, 0x08, 0x00, 0x07, 0x65, 0x66,
  0x66, 0x65, 0x63, 0x74, 0x73, 0x00, 0x07, 0x62, 0x75, 0x72, 0x6e, 0x69,
  0x6e, 0x67, 0x08, 0x00, 0x07, 0x73, 0x63, 0x61, 0x6c, 0x69, 0x6e, 0x67,
  0x00, 0x20, 0x77, 0x68, 0x65, 0x6e, 0x5f, 0x63, 0x61, 0x75, 0x73, 0x65,
  0x64, 0x5f, 0x62, 0x79, 0x5f, 0x6c, 0x69, 0x76, 0x69, 0x6e, 0x67, 0x5f,
  0x6e, 0x6f, 0x6e, 0x5f, 0x70, 0x6c, 0x61, 0x79, 0x65, 0x72, 0x05, 0x00,
  0x0a, 0x65, 0x78, 0x68, 0x61, 0x75, 0x73, 0x74, 0x69, 0x6f, 0x6e, 0x3d,
  0xcc, 0xcc, 0xcd, 0x08, 0x00, 0x0a, 0x6d, 0x65, 0x73, 0x73, 0x61, 0x67,
  0x65, 0x5f, 0x69, 0x64, 0x00, 0x08, 0x66, 0x69, 0x72, 0x65, 0x62, 0x61,
  0x6c, 0x6c, 0x00, 0x00, 0x08, 0x00, 0x04, 0x6e, 0x61, 0x6d, 0x65, 0x00,
  0x13, 0x6d, 0x69, 0x6e, 0x65, 0x63, 0x72, 0x61, 0x66, 0x74, 0x3a, 0x66,
  0x69, 0x72, 0x65, 0x77, 0x6f, 0x72, 0x6b, 0x73, 0x03, 0x00, 0x02, 0x69,
  0x64, 0x00, 0x00, 0x00, 0x0d, 0x0a, 0x00, 0x07, 0x65, 0x6c, 0x65, 0x6d,
  0x65, 0x6e, 0x74, 0x08, 0x00, 0x07, 0x73, 0x63, 0x61, 0x6c, 0x69, 0x6e,
  0x67, 0x00, 0x20, 0x77, 0x68, 0x65, 0x6e, 0x5f, 0x63, 0x61, 0x75, 0x73,
  0x65, 0x64, 0x5f, 0x62, 0x79, 0x5f, 0x6c, 0x69, 0x76, 0x69, 0x6e, 0x67,
  0x5f, 0x6e, 0x6f, 0x6e, 0x5f, 0x70, 0x6c, 0x61, 0x79, 0x65, 0x72, 0x05,
  0x00, 0x0a, 0x65, 0x78, 0x68, 0x61, 0x75, 0x73, 0x74, 0x69, 0x6f, 0x6e,
  0x3d, 0xcc, 0xcc, 0xcd, 0x08, 0x00, 0x0a, 0x6d, 0x65, 0x73, 0x73, 0x61,
  0x67, 0x65, 0x5f, 0x69, 0x64, 0x00, 0x09, 0x66, 0x69, 0x72, 0x65, 0x77,
  0x6f, 0x72, 0x6b, 0x73, 0x00, 0x00, 0x08, 0x00, 0x04, 0x6e, 0x61, 0x6d,
  0x65, 0x00, 0x17, 0x6d, 0x69, 0x6e, 0x65, 0x63, 0x72, 0x61, 0x66, 0x74,
  0x3a, 0x66, 0x6c, 0x79, 0x5f, 0x69, 0x6e, 0x74, 0x6f, 0x5f, 0x77, 0x61,
  0x6c, 0x6c, 0x03, 0x00, 0x02, 0x69, 0x64, 0x00, 0x00, 0x00, 0x0e, 0x0a,
  0x00, 0x07, 0x65, 0x6c, 0x65, 0x6d, 0x65, 0x6e, 0x74, 0x08, 0x00, 0x07,
  0x73, 0x63, 0x61, 0x6c, 0x69, 0x6e, 0x67, 0x00, 0x20, 0x77, 0x68, 0x65,
  0x6e, 0x5f, 0x63, 0x61, 0x75, 0x73, 0x65, 0x64, 0x5f, 0x62, 0x79, 0x5f,
  0x6c, 0x69, 0x76, 0x69, 0x6e, 0x67, 0x5f, 0x6e, 0x6f, 0x6e, 0x5f, 0x70,
  0x6c, 0x61, 0x79, 0x65, 0x72, 0x05, 0x00, 0x0a, 0x65, 0x78, 0x68, 0x61,
  0x75, 0x73, 0x74, 0x69, 0x6f, 0x6e, 0x00, 0x00, 0x00, 0x00, 0x08, 0x00,
  0x0a, 0x6d, 0x65, 0x73, 0x73, 0x61, 0x67, 0x65, 0x5f, 0x69, 0x64, 0x00,
  0x0b, 0x66, 0x6c, 0x79, 0x49, 0x6e, 0x74, 0x6f, 0x57, 0x61, 0x6c, 0x6c,
  0x00, 0x00, 0x08, 0x00, 0x04, 0x6e, 0x61, 0x6d, 0x65, 0x00, 0x10, 0x6d,
  0x69, 0x6e, 0x65, 0x63, 0x72, 0x61, 0x66, 0x74, 0x3a, 0x66, 0x72, 0x65,
  0x65, 0x7a, 0x65, 0x03, 0x00, 0x02, 0x69, 0x64, 0x00, 0x00, 0x00, 0x0f,
  0x0a, 0x00, 0x07, 0x65, 0x6c, 0x65, 0x6d, 0x65, 0x6e, 0x74, 0x08, 0x00,
  0x07, 0x65, 0x66, 0x66, 0x65, 0x63, 0x74, 0x73, 0x00, 0x08, 0x66, 0x72,
  0x65, 0x65, 0x7a, 0x69, 0x6e, 0x67, 0x08, 0x00, 0x07, 0x73, 0x63, 0x61,
  0x6c, 0x69, 0x6e, 0x67, 0x00, 0x20, 0x77, 0x68, 0x65, 0x6e, 0x5f, 0x63,
  0x61, 0x75, 0x73, 0x65, 0x64, 0x5f, 0x62, 0x79, 0x5f, 0x6c, 0x69, 0x76,
  0x69, 0x6e, 0x67, 0x5f, 0x6e, 0x6f, 0x6e, 0x5f, 0x70, 0x6c, 0x61, 0x79,
  0x65, 0x72, 0x05, 0x00, 0x0a, 0x65, 0x78, 0x68, 0x61, 0x75, 0x73, 0x74,
  0x69, 0x6f, 0x6e, 0x00, 0x00, 0x00, 0x00, 0x08, 0x00, 0x0a, 0x6d, 0x65,
  0x73, 0x73, 0x61, 0x67, 0x65, 0x5f, 0x69, 0x64, 0x00, 0x06, 0x66, 0x72,
  0x65, 0x65, 0x7a, 0x65, 0x00, 0x00, 0x08, 0x00, 0x04, 0x6e, 0x61, 0x6d,
  0x65, 0x00, 0x11, 0x6d, 0x69, 0x6e, 0x65, 0x63, 0x72, 0x61, 0x66, 0x74,
  0x3a, 0x67, 0x65, 0x6e, 0x65, 0x72, 0x69, 0x63, 0x03, 0x00, 0x02, 0x69,
  0x64, 0x00, 0x00, 0x00, 0x10, 0x0a, 0x00, 0x07, 0x65, 0x6c, 0x65, 0x6d,
  0x65, 0x6e, 0x74, 0x08, 0x00, 0x07, 0x73, 0x63, 0x61, 0x6c, 0x69, 0x6e,
  0x67, 0x00, 0x20, 0x77, 0x68, 0x65, 0x6e, 0x5f, 0x63, 0x61, 0x75, 0x73,
  0x65, 0x64, 0x5f, 0x62, 0x79, 0x5f, 0x6c, 0x69, 0x76, 0x69, 0x6e, 0x67,
  0x5f, 0x6e, 0x6f, 0x6e, 0x5f, 0x70, 0x6c, 0x61, 0x79, 0x65, 0x72, 0x05,
  0x00, 0x0a, 0x65, 0x78, 0x68, 0x61, 0x75, 0x73, 0x74, 0x69, 0x6f, 0x6e,
  0x00, 0x00, 0x00, 0x00, 0x08, 0x00, 0x0a, 0x6d, 0x65, 0x73, 0x73, 0x61,
  0x67, 0x65, 0x5f, 0x69, 0x64, 0x00, 0x07, 0x67, 0x65, 0x6e, 0x65, 0x72,
  0x69, 0x63, 0x00, 0x00, 0x08, 0x00, 0x04, 0x6e, 0x61, 0x6d, 0x65, 0x00,
  0x16, 0x6d, 0x69, 0x6e, 0x65, 0x63, 0x72, 0x61, 0x66, 0x74, 0x3a, 0x67,
  0x65, 0x6e, 0x65, 0x72, 0x69, 0x63, 0x5f, 0x6b, 0x69, 0x6c, 0x6c, 0x03,
  0x00, 0x02, 0x69, 0x64, 0x00, 0x00, 0x00, 0x11, 0x0a, 0x00, 0x07, 0x65,
  0x6c, 0x65, 0x6d, 0x65, 0x6e, 0x74, 0x08, 0x00, 0x07, 0x73, 0x63, 0x61,
  0x6c, 0x69, 0x6e, 0x67, 0x00, 0x20, 0x77, 0x68, 0x65, 0x6e, 0x5f, 0x63,
  0x61, 0x75, 0x73, 0x65, 0x64, 0x5f, 0x62, 0x79, 0x5f, 0x6c, 0x69, 0x76,
  0x69, 0x6e, 0x67, 0x5f, 0x6e, 0x6f, 0x6e, 0x5f, 0x70, 0x6c, 0x61, 0x79,
  0x65, 0x72, 0x05, 0x00, 0x0a, 0x65, 0x78, 0x68, 0x61, 0x75, 0x73, 0x74,
  0x69, 0x6f, 0x6e, 0x00, 0x00, 0x00, 0x00, 0x08, 0x00, 0x0a, 0x6d, 0x65,
  0x73, 0x73, 0x61, 0x67, 0x65, 0x5f, 0x69, 0x64, 0x00, 0x0b, 0x67, 0x65,
  0x6e, 0x65, 0x72, 0x69, 0x63, 0x4b, 0x69, 0x6c, 0x6c, 0x00, 0x00, 0x08,
  0x00, 0x04, 0x6e, 0x61, 0x6d, 0x65, 0x00, 0x13, 0x6d, 0x69, 0x6e, 0x65,
  0x63, 0x72, 0x61, 0x66, 0x74, 0x3a, 0x68, 0x6f, 0x74, 0x5f, 0x66, 0x6c,
  0x6f, 0x6f, 0x72, 0x03, 0x00, 0x02, 0x69, 0x64, 0x00, 0x00, 0x00, 0x12,
  0x0a, 0x00, 0x07, 0x65, 0x6c, 0x65, 0x6d, 0x65, 0x6e, 0x74, 0x08, 0x00,
  0x07, 0x65, 0x66, 0x66, 0x65, 0x63, 0x74, 0x73, 0x00, 0x07, 0x62, 0x75,
  0x72, 0x6e, 0x69, 0x6e, 0x67, 0x08, 0x00, 0x07, 0x73, 0x63, 0x61, 0x6c,
  0x69, 0x6e, 0x67, 0x00, 0x20, 0x77, 0x68, 0x65, 0x6e, 0x5f, 0x63, 0x61,
  0x75, 0x73, 0x65, 0x64, 0x5f, 0x62, 0x79, 0x5f, 0x6c, 0x69, 0x76, 0x69,
  0x6e, 0x67, 0x5f, 0x6e, 0x6f, 0x6e, 0x5f, 0x70, 0x6c, 0x61, 0x79, 0x65,
  0x72, 0x05, 0x00, 0x0a, 0x65, 0x78, 0x68, 0x61, 0x75, 0x73, 0x74, 0x69,
  0x6f, 0x6e, 0x3d, 0xcc, 0xcc, 0xcd, 0x08, 0x00, 0x0a, 0x6d, 0x65, 0x73,
  0x73, 0x61, 0x67, 0x65, 0x5f, 0x69, 0x64, 0x00, 0x08, 0x68, 0x6f, 0x74,
  0x46, 0x6c, 0x6f, 0x6f, 0x72, 0x00, 0x00, 0x08, 0x00, 0x04, 0x6e, 0x61,
  0x6d, 0x65, 0x00, 0x11, 0x6d, 0x69, 0x6e, 0x65, 0x63, 0x72, 0x61, 0x66,
  0x74, 0x3a, 0x69, 0x6e, 0x5f, 0x66, 0x69, 0x72, 0x65, 0x03, 0x00, 0x02,
  0x69, 0x64, 0x00, 0x00, 0x00, 0x13, 0x0a, 0x00, 0x07, 0x65, 0x6c, 0x65,
  0x6d, 0x65, 0x6e, 0x74, 0x08, 0x00, 0x07, 0x65, 0x66, 0x66, 0x65, 0x63,
  0x74, 0x73, 0x00, 0x07, 0x62, 0x75, 0x72, 0x6e, 0x69, 0x6e, 0x67, 0x08,
  0x00, 0x07, 0x73, 0x63, 0x61, 0x6c, 0x69, 0x6e, 0x67, 0x00, 0x20, 0x77,
  0x68, 0x65, 0x6e, 0x5f, 0x63, 0x61, 0x75, 0x73, 0x65, 0x64, 0x5f, 0x62,
  0x79, 0x5f, 0x6c, 0x69, 0x76, 0x69, 0x6e, 0x67, 0x5f, 0x6e, 0x6f, 0x6e,
  0x5f, 0x70, 0x6c, 0x61, 0x79, 0x65, 0x72, 0x05, 0x00, 0x0a, 0x65, 0x78,
  0x68, 0x61, 0x75, 0x73, 0x74, 0x69, 0x6f, 0x6e, 0x3d, 0xcc, 0xcc, 0xcd,
  0x08, 0x00, 0x0a, 0x6d, 0x65, 0x73, 0x73, 0x61, 0x67, 0x65, 0x5f, 0x69,
  0x64, 0x00, 0x06, 0x69, 0x6e, 0x46, 0x69, 0x72, 0x65, 0x00, 0x00, 0x08,
  0x00, 0x04, 0x6e, 0x61, 0x6d, 0x65, 0x00, 0x11, 0x6d, 0x69, 0x6e, 0x65,
  0x63, 0x72, 0x61, 0x66, 0x74, 0x3a, 0x69, 0x6e, 0x5f, 0x77, 0x61, 0x6c,
  0x6c, 0x03, 0x00, 0x02, 0x69, 0x64, 0x00, 0x00, 0x00, 0x14, 0x0a, 0x00,
  0x07, 0x65, 0x6c, 0x65, 0x6d, 0x65, 0x6e, 0x74, 0x08, 0x00, 0x07, 0x73,
  0x63, 0x61, 0x6c, 0x69, 0x6e, 0x67, 0x00, 0x20, 0x77, 0x68, 0x65, 0x6e,
  0x5f, 0x63, 0x61, 0x75, 0x73, 0x65, 0x64, 0x5f, 0x62, 0x79, 0x5f, 0x6c,
  0x69, 0x76, 0x69, 0x6e, 0x67, 0x5f, 0x6e, 0x6f, 0x6e, 0x5f, 0x70, 0x6c,
  0x61, 0x79, 0x65, 0x72, 0x05, 0x00, 0x0a, 0x65, 0x78, 0x68, 0x61, 0x75,
  0x73, 0x74, 0x69, 0x6f, 0x6e, 0x00, 0x00, 0x00, 0x00, 0x08, 0x00, 0x0a,
  0x6d, 0x65, 0x73, 0x73, 0x61, 0x67, 0x65, 0x5f, 0x69, 0x64, 0x00, 0x06,
  0x69, 0x6e, 0x57, 0x61, 0x6c, 0x6c, 0x00, 0x00, 0x08, 0x00, 0x04, 0x6e,
  0x61, 0x6d, 0x65, 0x00, 0x18, 0x6d, 0x69, 0x6e, 0x65, 0x63, 0x72, 0x61,
  0x66, 0x74, 0x3a, 0x69, 0x6e, 0x64, 0x69, 0x72, 0x65, 0x63, 0x74, 0x5f,
  0x6d, 0x61, 0x67, 0x69, 0x63, 0x03, 0x00, 0x02, 0x69, 0x64, 0x00, 0x00,
  0x00, 0x15, 0x0a, 0x00, 0x07, 0x65, 0x6c, 0x65, 0x6d, 0x65, 0x6e, 0x74,
  0x08, 0x00, 0x07, 0x73, 0x63, 0x61, 0x6c, 0x69, 0x6e, 0x67, 0x00, 0x20,
  0x77, 0x68, 0x65, 0x6e, 0x5f, 0x63, 0x61, 0x75, 0x73, 0x65, 0x64, 0x5f,
  0x62, 0x79, 0x5f, 0x6c, 0x69, 0x76, 0x69, 0x6e, 0x67, 0x5f, 0x6e, 0x6f,
  0x6e, 0x5f, 0x70, 0x6c, 0x61, 0x79, 0x65, 0x72, 0x05, 0x00, 0x0a, 0x65,
  0x78, 0x68, 0x61, 0x75, 0x73, 0x74, 0x69, 0x6f, 0x6e, 0x00, 0x00, 0x00,
  0x00, 0x08, 0x00, 0x0a, 0x6d, 0x65, 0x73, 0x73, 0x61, 0x67, 0x65, 0x5f,
  0x69, 0x64, 0x00, 0x0d, 0x69, 0x6e, 0x64, 0x69, 0x72, 0x65, 0x63, 0x74,
  0x4d, 0x61, 0x67, 0x69, 0x63, 0x00, 0x00, 0x08, 0x00, 0x04, 0x6e, 0x61,
  0x6d, 0x65, 0x00, 0x0e, 0x6d, 0x69, 0x6e, 0x65, 0x63, 0x72, 0x61, 0x66,
  0x74, 0x3a, 0x6c, 0x61, 0x76, 0x61, 0x03, 0x00, 0x02, 0x69, 0x64, 0x00,
  0x00, 0x00, 0x16, 0x0a, 0x00, 0x07, 0x65, 0x6c, 0x65, 0x6d, 0x65, 0x6e,
  0x74, 0x08, 0x00, 0x07, 0x65, 0x66, 0x66, 0x65, 0x63, 0x74, 0x73, 0x00,
  0x07, 0x62, 0x75, 0x72, 0x6e, 0x69, 0x6e, 0x67, 0x08, 0x00, 0x07, 0x73,
  0x63, 0x61, 0x6c, 0x69, 0x6e, 0x67, 0x00, 0x20, 0x77, 0x68, 0x65, 0x6e,
  0x5f, 0x63, 0x61, 0x75, 0x73, 0x65, 0x64, 0x5f, 0x62, 0x79, 0x5f, 0x6c,
  0x69, 0x76, 0x69, 0x6e, 0x67, 0x5f, 0x6e, 0x6f, 0x6e, 0x5f, 0x70, 0x6c,
  0x61, 0x79, 0x65, 0x72, 0x05, 0x00, 0x0a, 0x65, 0x78, 0x68, 0x61, 0x75,
  0x73, 0x74, 0x69, 0x6f, 0x6e, 0x3d, 0xcc, 0xcc, 0xcd, 0x08, 0x00, 0x0a,
  0x6d, 0x65, 0x73, 0x73, 0x61, 0x67, 0x65, 0x5f, 0x69, 0x64, 0x00, 0x04,
  0x6c, 0x61, 0x76, 0x61, 0x00, 0x00, 0x08, 0x00, 0x04, 0x6e, 0x61, 0x6d,
  0x65, 0x00, 0x18, 0x6d, 0x69, 0x6e, 0x65, 0x63, 0x72, 0x61, 0x66, 0x74,
  0x3a, 0x6c, 0x69, 0x67, 0x68, 0x74, 0x6e, 0x69, 0x6e, 0x67, 0x5f, 0x62,
  0x6f, 0x6c, 0x74, 0x03, 0x00, 0x02, 0x69, 0x64, 0x00, 0x00, 0x00, 0x17,
  0x0a, 0x00, 0x07, 0x65, 0x6c, 0x65, 0x6d, 0x65, 0x6e, 0x74, 0x08, 0x00,
  0x07, 0x73, 0x63, 0x61, 0x6c, 0x69, 0x6e, 0x67, 0x00, 0x20, 0x77, 0x68,
  0x65, 0x6e, 0x5f, 0x63, 0x61, 0x75, 0x73, 0x65, 0x64, 0x5f, 0x62, 0x79,
  0x5f, 0x6c, 0x69, 0x76, 0x69, 0x6e, 0x67, 0x5f, 0x6e, 0x6f, 0x6e, 0x5f,
  0x70, 0x6c, 0x61, 0x79, 0x65, 0x72, 0x05, 0x00, 0x0a, 0x65, 0x78, 0x68,
  0x61, 0x75, 0x73, 0x74, 0x69, 0x6f, 0x6e, 0x3d, 0xcc, 0xcc, 0xcd, 0x08,
  0x00, 0x0a, 0x6d, 0x65, 0x73, 0x73, 0x61, 0x67, 0x65, 0x5f, 0x69, 0x64,
  0x00, 0x0d, 0x6c, 0x69, 0x67, 0x68, 0x74, 0x6e, 0x69, 0x6e, 0x67, 0x42,
  0x6f, 0x6c, 0x74, 0x00, 0x00, 0x08, 0x00, 0x04, 0x6e, 0x61, 0x6d, 0x65,
  0x00, 0x0f, 0x6d, 0x69, 0x6e, 0x65, 0x63, 0x72, 0x61, 0x66, 0x74, 0x3a,
  0x6d, 0x61, 0x67, 0x69, 0x63, 0x03, 0x00, 0x02, 0x69, 0x64, 0x00, 0x00,
  0x00, 0x18, 0x0a, 0x00, 0x07, 0x65, 0x6c, 0x65, 0x6d, 0x65, 0x6e, 0x74,
  0x08, 0x00, 0x07, 0x73, 0x63, 0x61, 0x6c, 0x69, 0x6e, 0x67, 0x00, 0x20,
  0x77, 0x68, 0x65, 0x6e, 0x5f, 0x63, 0x61, 0x75, 0x73, 0x65, 0x64, 0x5f,
  0x62, 0x79, 0x5f, 0x6c, 0x69, 0x76, 0x69, 0x6e, 0x67, 0x5f, 0x6e, 0x6f,
  0x6e, 0x5f, 0x70, 0x6c, 0x61, 0x79, 0x65, 0x72, 0x05, 0x00, 0x0a, 0x65,
  0x78, 0x68, 0x61, 0x75, 0x73, 0x74, 0x69, 0x6f, 0x6e, 0x00, 0x00, 0x00,
  0x00, 0x08, 0x00, 0x0a, 0x6d, 0x65, 0x73, 0x73, 0x61, 0x67, 0x65, 0x5f,
  0x69, 0x64, 0x00, 0x05, 0x6d, 0x61, 0x67, 0x69, 0x63, 0x00, 0x00, 0x08,
  0x00, 0x04, 0x6e, 0x61, 0x6d, 0x65, 0x00, 0x14, 0x6d, 0x69, 0x6e, 0x65,
  0x63, 0x72, 0x61, 0x66, 0x74, 0x3a, 0x6d, 0x6f, 0x62, 0x5f, 0x61, 0x74,
  0x74, 0x61, 0x63, 0x6b, 0x03, 0x00, 0x02, 0x69, 0x64, 0x00, 0x00, 0x00,
  0x19, 0x0a, 0x00, 0x07, 0x65, 0x6c, 0x65, 0x6d, 0x65, 0x6e, 0x74, 0x08,
  0x00, 0x07, 0x73, 0x63, 0x61, 0x6c, 0x69, 0x6e, 0x67, 0x00, 0x20, 0x77,
  0x68, 0x65, 0x6e, 0x5f, 0x63, 0x61, 0x75, 0x73, 0x65, 0x64, 0x5f, 0x62,
  0x79, 0x5f, 0x6c, 0x69, 0x76, 0x69, 0x6e, 0x67, 0x5f, 0x6e, 0x6f, 0x6e,
  0x5f, 0x70, 0x6c, 0x61, 0x79, 0x65, 0x72, 0x05, 0x00, 0x0a, 0x65, 0x78,
  0x68, 0x61, 0x75, 0x73, 0x74, 0x69, 0x6f, 0x6e, 0x3d, 0xcc, 0xcc, 0xcd,
  0x08, 0x00, 0x0a, 0x6d, 0x65, 0x73, 0x73, 0x61, 0x67, 0x65, 0x5f, 0x69,
  0x64, 0x00, 0x03, 0x6d, 0x6f, 0x62, 0x00, 0x00, 0x08, 0x00, 0x04, 0x6e,
  0x61, 0x6d, 0x65, 0x00, 0x1d, 0x6d, 0x69, 0x6e, 0x65, 0x63, 0x72, 0x61,
  0x66, 0x74, 0x3a, 0x6d, 0x6f, 0x62, 0x5f, 0x61, 0x74, 0x74, 0x61, 0x63,
  0x6b, 0x5f, 0x6e, 0x6f, 0x5f, 0x61, 0x67, 0x67, 0x72, 0x6f, 0x03, 0x00,
  0x02, 0x69, 0x64, 0x00, 0x00, 0x00, 0x1a, 0x0a, 0x00, 0x07, 0x65, 0x6c,
  0x65, 0x6d, 0x65, 0x6e, 0x74, 0x08, 0x00, 0x07, 0x73, 0x63, 0x61, 0x6c,
  0x69, 0x6e, 0x67, 0x00, 0x20, 0x77, 0x68, 0x65, 0x6e, 0x5f, 0x63, 0x61,
  0x75, 0x73, 0x65, 0x64, 0x5f, 0x62, 0x79, 0x5f, 0x6c, 0x69, 0x76, 0x69,
  0x6e, 0x67, 0x5f, 0x6e, 0x6f, 0x6e, 0x5f, 0x70, 0x6c, 0x61, 0x79, 0x65,
  0x72, 0x05, 0x00, 0x0a, 0x65, 0x78, 0x68, 0x61, 0x75, 0x73, 0x74, 0x69,
  0x6f, 0x6e, 0x3d, 0xcc, 0xcc, 0xcd, 0x08, 0x00, 0x0a, 0x6d, 0x65, 0x73,
  0x73, 0x61, 0x67, 0x65, 0x5f, 0x69, 0x64, 0x00, 0x03, 0x6d, 0x6f, 0x62,
  0x00, 0x00, 0x08, 0x00, 0x04, 0x6e, 0x61, 0x6d, 0x65, 0x00, 0x18, 0x6d,
  0x69, 0x6e, 0x65, 0x63, 0x72, 0x61, 0x66, 0x74, 0x3a, 0x6d, 0x6f, 0x62,
  0x5f, 0x70, 0x72, 0x6f, 0x6a, 0x65, 0x63, 0x74, 0x69, 0x6c, 0x65, 0x03,
  0x00, 0x02, 0x69, 0x64, 0x00, 0x00, 0x00, 0x1b, 0x0a, 0x00, 0x07, 0x65,
  0x6c, 0x65, 0x6d, 0x65, 0x6e, 0x74, 0x08, 0x00, 0x07, 0x73, 0x63, 0x61,
  0x6c, 0x69, 0x6e, 0x67, 0x00, 0x20, 0x77, 0x68, 0x65, 0x6e, 0x5f, 0x63,
  0x61, 0x75, 0x73, 0x65, 0x64, 0x5f, 0x62, 0x79, 0x5f, 0x6c, 0x69, 0x76,
  0x69, 0x6e, 0x67, 0x5f, 0x6e, 0x6f, 0x6e, 0x5f, 0x70, 0x6c, 0x61, 0x79,
  0x65, 0x72, 0x05, 0x00, 0x0a, 0x65, 0x78, 0x68, 0x61, 0x75, 0x73, 0x74,
  0x69, 0x6f, 0x6e, 0x3d, 0xcc, 0xcc, 0xcd, 0x08, 0x00, 0x0a, 0x6d, 0x65,
  0x73, 0x73, 0x61, 0x67, 0x65, 0x5f, 0x69, 0x64, 0x00, 0x03, 0x6d, 0x6f,
  0x62, 0x00, 0x00, 0x08, 0x00, 0x04, 0x6e, 0x61, 0x6d, 0x65, 0x00, 0x11,
  0x6d, 0x69, 0x6e, 0x65, 0x63, 0x72, 0x61, 0x66, 0x74, 0x3a, 0x6f, 0x6e,
  0x5f, 0x66, 0x69, 0x72, 0x65, 0x03, 0x00, 0x02, 0x69, 0x64, 0x00, 0x00,
  0x00, 0x1c, 0x0a, 0x00, 0x07, 0x65, 0x6c, 0x65, 0x6d, 0x65, 0x6e, 0x74,
  0x08, 0x00, 0x07, 0x65, 0x66, 0x66, 0x65, 0x63, 0x74, 0x73, 0x00, 0x07,
  0x62, 0x75, 0x72, 0x6e, 0x69, 0x6e, 0x67, 0x08, 0x00, 0x07, 0x73, 0x63,
  0x61, 0x6c, 0x69, 0x6e, 0x67, 0x00, 0x20, 0x77, 0x68, 0x65, 0x6e, 0x5f,
  0x63, 0x61, 0x75, 0x73, 0x65, 0x64, 0x5f, 0x62, 0x79, 0x5f, 0x6c, 0x69,
  0x76, 0x69, 0x6e, 0x67, 0x5f, 0x6e, 0x6f, 0x6e, 0x5f, 0x70, 0x6c, 0x61,
  0x79, 0x65, 0x72, 0x05, 0x00, 0x0a, 0x65, 0x78, 0x68, 0x61, 0x75, 0x73,
  0x74, 0x69, 0x6f, 0x6e, 0x00, 0x00, 0x00, 0x00, 0x08, 0x00, 0x0a, 0x6d,
  0x65, 0x73, 0x73, 0x61, 0x67, 0x65, 0x5f, 0x69, 0x64, 0x00, 0x06, 0x6f,
  0x6e, 0x46, 0x69, 0x72, 0x65, 0x00, 0x00, 0x08, 0x00, 0x04, 0x6e, 0x61,
  0x6d, 0x65, 0x00, 0x16, 0x6d, 0x69, 0x6e, 0x65, 0x63, 0x72, 0x61, 0x66,
  0x74, 0x3a, 0x6f, 0x75, 0x74, 0x5f, 0x6f, 0x66, 0x5f, 0x77, 0x6f, 0x72,
  0x6c, 0x64, 0x03, 0x00, 0x02, 0x69, 0x64, 0x00, 0x00, 0x00, 0x1d, 0x0a,
  0x00, 0x07, 0x65, 0x6c, 0x65, 0x6d, 0x65, 0x6e, 0x74, 0x08, 0x00, 0x07,
  0x73, 0x63, 0x61, 0x6c, 0x69, 0x6e, 0x67, 0x00, 0x20, 0x77, 0x68, 0x65,
  0x6e, 0x5f, 0x63, 0x61, 0x75, 0x73, 0x65, 0x64, 0x5f, 0x62, 0x79, 0x5f,
  0x6c, 0x69, 0x76, 0x69, 0x6e, 0x67, 0x5f, 0x6e, 0x6f, 0x6e, 0x5f, 0x70,
  0x6c, 0x61, 0x79, 0x65, 0x72, 0x05, 0x00, 0x0a, 0x65, 0x78, 0x68, 0x61,
  0x75, 0x73, 0x74, 0x69, 0x6f, 0x6e, 0x00, 0x00, 0x00, 0x00, 0x08, 0x00,
  0x0a, 0x6d, 0x65, 0x73, 0x73, 0x61, 0x67, 0x65, 0x5f, 0x69, 0x64, 0x00,
  0x0a, 0x6f, 0x75, 0x74, 0x4f, 0x66, 0x57, 0x6f, 0x72, 0x6c, 0x64, 0x00,
  0x00, 0x08, 0x00, 0x04, 0x6e, 0x61, 0x6d, 0x65, 0x00, 0x18, 0x6d, 0x69,
  0x6e, 0x65, 0x63, 0x72, 0x61, 0x66, 0x74, 0x3a, 0x6f, 0x75, 0x74, 0x73,
  0x69, 0x64, 0x65, 0x5f, 0x62, 0x6f, 0x72, 0x64, 0x65, 0x72, 0x03, 0x00,
  0x02, 0x69, 0x64, 0x00, 0x00, 0x00, 0x1e, 0x0a, 0x00, 0x07, 0x65, 0x6c,
  0x65, 0x6d, 0x65, 0x6e, 0x74, 0x08, 0x00, 0x07, 0x73, 0x63, 0x61, 0x6c,
  0x69, 0x6e, 0x67, 0x00, 0x20, 0x77, 0x68, 0x65, 0x6e, 0x5f, 0x63, 0x61,
  0x75, 0x73, 0x65, 0x64, 0x5f, 0x62, 0x79, 0x5f, 0x6c, 0x69, 0x76, 0x69,
  0x6e, 0x67, 0x5f, 0x6e, 0x6f, 0x6e, 0x5f, 0x70, 0x6c, 0x61, 0x79, 0x65,
  0x72, 0x05, 0x00, 0x0a, 0x65, 0x78, 0x68, 0x61, 0x75, 0x73, 0x74, 0x69,
  0x6f, 0x6e, 0x00, 0x00, 0x00, 0x00, 0x08, 0x00, 0x0a, 0x6d, 0x65, 0x73,
  0x73, 0x61, 0x67, 0x65, 0x5f, 0x69, 0x64, 0x00, 0x0d, 0x6f, 0x75, 0x74,
  0x73, 0x69, 0x64, 0x65, 0x42, 0x6f, 0x72, 0x64, 0x65, 0x72, 0x00, 0x00,
  0x08, 0x00, 0x04, 0x6e, 0x61, 0x6d, 0x65, 0x00, 0x17, 0x6d, 0x69, 0x6e,
  0x65, 0x63, 0x72, 0x61, 0x66, 0x74, 0x3a, 0x70, 0x6c, 0x61, 0x79, 0x65,
  0x72, 0x5f, 0x61, 0x74, 0x74, 0x61, 0x63, 0x6b, 0x03, 0x00, 0x02, 0x69,
  0x64, 0x00, 0x00, 0x00, 0x1f, 0x0a, 0x00, 0x07, 0x65, 0x6c, 0x65, 0x6d,
  0x65, 0x6e, 0x74, 0x08, 0x00, 0x07, 0x73, 0x63, 0x61, 0x6c, 0x69, 0x6e,
  0x67, 0x00, 0x20, 0x77, 0x68, 0x65, 0x6e, 0x5f, 0x63, 0x61, 0x75, 0x73,
  0x65, 0x64, 0x5f, 0x62, 0x79, 0x5f, 0x6c, 0x69, 0x76, 0x69, 0x6e, 0x67,
  0x5f, 0x6e, 0x6f, 0x6e, 0x5f, 0x70, 0x6c, 0x61, 0x79, 0x65, 0x72, 0x05,
  0x00, 0x0a, 0x65, 0x78, 0x68, 0x61, 0x75, 0x73, 0x74, 0x69, 0x6f, 0x6e,
  0x3d, 0xcc, 0xcc, 0xcd, 0x08, 0x00, 0x0a, 0x6d, 0x65, 0x73, 0x73, 0x61,
  0x67, 0x65, 0x5f, 0x69, 0x64, 0x00, 0x06, 0x70, 0x6c, 0x61, 0x79, 0x65,
  0x72, 0x00, 0x00, 0x08, 0x00, 0x04, 0x6e, 0x61, 0x6d, 0x65, 0x00, 0x1a,
  0x6d, 0x69, 0x6e, 0x65, 0x63, 0x72, 0x61, 0x66, 0x74, 0x3a, 0x70, 0x6c,
  0x61, 0x79, 0x65, 0x72, 0x5f, 0x65, 0x78, 0x70, 0x6c, 0x6f, 0x73, 0x69,
  0x6f, 0x6e, 0x03, 0x00, 0x02, 0x69, 0x64, 0x00, 0x00, 0x00, 0x20, 0x0a,
  0x00, 0x07, 0x65, 0x6c, 0x65, 0x6d, 0x65, 0x6e, 0x74, 0x08, 0x00, 0x07,
  0x73, 0x63, 0x61, 0x6c, 0x69, 0x6e, 0x67, 0x00, 0x06, 0x61, 0x6c, 0x77,
  0x61, 0x79, 0x73, 0x05, 0x00, 0x0a, 0x65, 0x78, 0x68, 0x61, 0x75, 0x73,
  0x74, 0x69, 0x6f, 0x6e, 0x3d, 0xcc, 0xcc, 0xcd, 0x08, 0x00, 0x0a, 0x6d,
  0x65, 0x73, 0x73, 0x61, 0x67, 0x65, 0x5f, 0x69, 0x64, 0x00, 0x10, 0x65,
  0x78, 0x70, 0x6c, 0x6f, 0x73, 0x69, 0x6f, 0x6e, 0x2e, 0x70, 0x6c, 0x61,
  0x79, 0x65, 0x72, 0x00, 0x00, 0x08, 0x00, 0x04, 0x6e, 0x61, 0x6d, 0x65,
  0x00, 0x14, 0x6d, 0x69, 0x6e, 0x65, 0x63, 0x72, 0x61, 0x66, 0x74, 0x3a,
  0x73, 0x6f, 0x6e, 0x69, 0x63, 0x5f, 0x62, 0x6f, 0x6f, 0x6d, 0x03, 0x00,
  0x02, 0x69, 0x64, 0x00, 0x00, 0x00, 0x21, 0x0a, 0x00, 0x07, 0x65, 0x6c,
  0x65, 0x6d, 0x65, 0x6e, 0x74, 0x08, 0x00, 0x07, 0x73, 0x63, 0x61, 0x6c,
  0x69, 0x6e, 0x67, 0x00, 0x06, 0x61, 0x6c, 0x77, 0x61, 0x79, 0x73, 0x05,
  0x00, 0x0a, 0x65, 0x78, 0x68, 0x61, 0x75, 0x73, 0x74, 0x69, 0x6f, 0x6e,
  0x00, 0x00, 0x00, 0x00, 0x08, 0x00, 0x0a, 0x6d, 0x65, 0x73, 0x73, 0x61,
  0x67, 0x65, 0x5f, 0x69, 0x64, 0x00, 0x0a, 0x73, 0x6f, 0x6e, 0x69, 0x63,
  0x5f, 0x62, 0x6f, 0x6f, 0x6d, 0x00, 0x00, 0x08, 0x00, 0x04, 0x6e, 0x61,
  0x6d, 0x65, 0x00, 0x14, 0x6d, 0x69, 0x6e, 0x65, 0x63, 0x72, 0x61, 0x66,
  0x74, 0x3a, 0x73, 0x74, 0x61, 0x6c, 0x61, 0x67, 0x6d, 0x69, 0x74, 0x65,
  0x03, 0x00, 0x02, 0x69, 0x64, 0x00, 0x00, 0x00, 0x22, 0x0a, 0x00, 0x07,
  0x65, 0x6c, 0x65, 0x6d, 0x65, 0x6e, 0x74, 0x08, 0x00, 0x07, 0x73, 0x63,
  0x61, 0x6c, 0x69, 0x6e, 0x67, 0x00, 0x20, 0x77, 0x68, 0x65, 0x6e, 0x5f,
  0x63, 0x61, 0x75, 0x73, 0x65, 0x64, 0x5f, 0x62, 0x79, 0x5f, 0x6c, 0x69,
  0x76, 0x69, 0x6e, 0x67, 0x5f, 0x6e, 0x6f, 0x6e, 0x5f, 0x70, 0x6c, 0x61,
  0x79, 0x65, 0x72, 0x05, 0x00, 0x0a, 0x65, 0x78, 0x68, 0x61, 0x75, 0x73,
  0x74, 0x69, 0x6f, 0x6e, 0x00, 0x00, 0x00, 0x00, 0x08, 0x00, 0x0a, 0x6d,
  0x65, 0x73, 0x73, 0x61, 0x67, 0x65, 0x5f, 0x69, 0x64, 0x00, 0x0a, 0x73,
  0x74, 0x61, 0x6c, 0x61, 0x67, 0x6d, 0x69, 0x74, 0x65, 0x00, 0x00, 0x08,
  0x00, 0x04, 0x6e, 0x61, 0x6d, 0x65, 0x00, 0x10, 0x6d, 0x69, 0x6e, 0x65,
  0x63, 0x72, 0x61, 0x66, 0x74, 0x3a, 0x73, 0x74, 0x61, 0x72, 0x76, 0x65,
  0x03, 0x00, 0x02, 0x69, 0x64, 0x00, 0x00, 0x00, 0x23, 0x0a, 0x00, 0x07,
  0x65, 0x6c, 0x65, 0x6d, 0x65, 0x6e, 0x74, 0x08, 0x00, 0x07, 0x73, 0x63,
  0x61, 0x6c, 0x69, 0x6e, 0x67, 0x00, 0x20, 0x77, 0x68, 0x65, 0x6e, 0x5f,
  0x63, 0x61, 0x75, 0x73, 0x65, 0x64, 0x5f, 0x62, 0x79, 0x5f, 0x6c, 0x69,
  0x76, 0x69, 0x6e, 0x67, 0x5f, 0x6e, 0x6f, 0x6e, 0x5f, 0x70, 0x6c, 0x61,
  0x79, 0x65, 0x72, 0x05, 0x00, 0x0a, 0x65, 0x78, 0x68, 0x61, 0x75, 0x73,
  0x74, 0x69, 0x6f, 0x6e, 0x00, 0x00, 0x00, 0x00, 0x08, 0x00, 0x0a, 0x6d,
  0x65, 0x73, 0x73, 0x61, 0x67, 0x65, 0x5f, 0x69, 0x64, 0x00, 0x06, 0x73,
  0x74, 0x61, 0x72, 0x76, 0x65, 0x00, 0x00, 0x08, 0x00, 0x04, 0x6e, 0x61,
  0x6d, 0x65, 0x00, 0x0f, 0x6d, 0x69, 0x6e, 0x65, 0x63, 0x72, 0x61, 0x66,
  0x74, 0x3a, 0x73, 0x74, 0x69, 0x6e, 0x67, 0x03, 0x00, 0x02, 0x69, 0x64,
  0x00, 0x00, 0x00, 0x24, 0x0a, 0x00, 0x07, 0x65, 0x6c, 0x65, 0x6d, 0x65,
  0x6e, 0x74, 0x08, 0x00, 0x07, 0x73, 0x63, 0x61, 0x6c, 0x69, 0x6e, 0x67,
  0x00, 0x20, 0x77, 0x68, 0x65, 0x6e, 0x5f, 0x63, 0x61, 0x75, 0x73, 0x65,
  0x64, 0x5f, 0x62, 0x79, 0x5f, 0x6c, 0x69, 0x76, 0x69, 0x6e, 0x67, 0x5f,
  0x6e, 0x6f, 0x6e, 0x5f, 0x70, 0x6c, 0x61, 0x79, 0x65, 0x72, 0x05, 0x00,
  0x0a, 0x65, 0x78, 0x68, 0x61, 0x75, 0x73, 0x74, 0x69, 0x6f, 0x6e, 0x3d,
  0xcc, 0xcc, 0xcd, 0x08, 0x00, 0x0a, 0x6d, 0x65, 0x73, 0x73, 0x61, 0x67,
  0x65, 0x5f, 0x69, 0x64, 0x00, 0x05, 0x73, 0x74, 0x69, 0x6e, 0x67, 0x00,
  0x00, 0x08, 0x00, 0x04, 0x6e, 0x61, 0x6d, 0x65, 0x00, 0x1a, 0x6d, 0x69,
  0x6e, 0x65, 0x63, 0x72, 0x61, 0x66, 0x74, 0x3a, 0x73, 0x77, 0x65, 0x65,
  0x74, 0x5f, 0x62, 0x65, 0x72, 0x72, 0x79, 0x5f, 0x62, 0x75, 0x73, 0x68,
  0x03, 0x00, 0x02, 0x69, 0x64, 0x00, 0x00, 0x00, 0x25, 0x0a, 0x00, 0x07,
  0x65, 0x6c, 0x65, 0x6d, 0x65, 0x6e, 0x74, 0x08, 0x00, 0x07, 0x65, 0x66,
  0x66, 0x65, 0x63, 0x74, 0x73, 0x00, 0x06, 0x70, 0x6f, 0x6b, 0x69, 0x6e,
  0x67, 0x08, 0x00, 0x07, 0x73, 0x63, 0x61, 0x6c, 0x69, 0x6e, 0x67, 0x00,
  0x20, 0x77, 0x68, 0x65, 0x6e, 0x5f, 0x63, 0x61, 0x75, 0x73, 0x65, 0x64,
  0x5f, 0x62, 0x79, 0x5f, 0x6c, 0x69, 0x76, 0x69, 0x6e, 0x67, 0x5f, 0x6e,
  0x6f, 0x6e, 0x5f, 0x70, 0x6c, 0x61, 0x79, 0x65, 0x72, 0x05, 0x00, 0x0a,
  0x65, 0x78, 0x68, 0x61, 0x75, 0x73, 0x74, 0x69, 0x6f, 0x6e, 0x3d, 0xcc,
  0xcc, 0xcd, 0x08, 0x00, 0x0a, 0x6d, 0x65, 0x73, 0x73, 0x61, 0x67, 0x65,
  0x5f, 0x69, 0x64, 0x00, 0x0e, 0x73, 0x77, 0x65, 0x65, 0x74, 0x42, 0x65,
  0x72, 0x72, 0x79, 0x42, 0x75, 0x73, 0x68, 0x00, 0x00, 0x08, 0x00, 0x04,
  0x6e, 0x61, 0x6d, 0x65, 0x00, 0x10, 0x6d, 0x69, 0x6e, 0x65, 0x63, 0x72,
  0x61, 0x66, 0x74, 0x3a, 0x74, 0x68, 0x6f, 0x72, 0x6e, 0x73, 0x03, 0x00,
  0x02, 0x69, 0x64, 0x00, 0x00, 0x00, 0x26, 0x0a, 0x00, 0x07, 0x65, 0x6c,
  0x65, 0x6d, 0x65, 0x6e, 0x74, 0x08, 0x00, 0x07, 0x65, 0x66, 0x66, 0x65,
  0x63, 0x74, 0x73, 0x00, 0x06, 0x74, 0x68, 0x6f, 0x72, 0x6e, 0x73, 0x08,
  0x00, 0x07, 0x73, 0x63, 0x61, 0x6c, 0x69, 0x6e, 0x67, 0x00, 0x20, 0x77,
  0x68, 0x65, 0x6e, 0x5f, 0x63, 0x61, 0x75, 0x73, 0x65, 0x64, 0x5f, 0x62,
  0x79, 0x5f, 0x6c, 0x69, 0x76, 0x69, 0x6e, 0x67, 0x5f, 0x6e, 0x6f, 0x6e,
  0x5f, 0x70, 0x6c, 0x61, 0x79, 0x65, 0x72, 0x05, 0x00, 0x0a, 0x65, 0x78,
  0x68, 0x61, 0x75, 0x73, 0x74, 0x69, 0x6f, 0x6e, 0x3d, 0xcc, 0xcc, 0xcd,
  0x08, 0x00, 0x0a, 0x6d, 0x65, 0x73, 0x73, 0x61, 0x67, 0x65, 0x5f, 0x69,
  0x64, 0x00, 0x06, 0x74, 0x68, 0x6f, 0x72, 0x6e, 0x73, 0x00, 0x00, 0x08,
  0x00, 0x04, 0x6e, 0x61, 0x6d, 0x65, 0x00, 0x10, 0x6d, 0x69, 0x6e, 0x65,
  0x63, 0x72, 0x61, 0x66, 0x74, 0x3a, 0x74, 0x68, 0x72, 0x6f, 0x77, 0x6e,
  0x03, 0x00, 0x02, 0x69, 0x64, 0x00, 0x00, 0x00, 0x27, 0x0a, 0x00, 0x07,
  0x65, 0x6c, 0x65, 0x6d, 0x65, 0x6e, 0x74, 0x08, 0x00, 0x07, 0x73, 0x63,
  0x61, 0x6c, 0x69, 0x6e, 0x67, 0x00, 0x20, 0x77, 0x68, 0x65, 0x6e, 0x5f,
  0x63, 0x61, 0x75, 0x73, 0x65, 0x64, 0x5f, 0x62, 0x79, 0x5f, 0x6c, 0x69,
  0x76, 0x69, 0x6e, 0x67, 0x5f, 0x6e, 0x6f, 0x6e, 0x5f, 0x70, 0x6c, 0x61,
  0x79, 0x65, 0x72, 0x05, 0x00, 0x0a, 0x65, 0x78, 0x68, 0x61, 0x75, 0x73,
  0x74, 0x69, 0x6f, 0x6e, 0x3d, 0xcc, 0xcc, 0xcd, 0x08, 0x00, 0x0a, 0x6d,
  0x65, 0x73, 0x73, 0x61, 0x67, 0x65, 0x5f, 0x69, 0x64, 0x00, 0x06, 0x74,
  0x68, 0x72, 0x6f, 0x77, 0x6e, 0x00, 0x00, 0x08, 0x00, 0x04, 0x6e, 0x61,
  0x6d, 0x65, 0x00, 0x11, 0x6d, 0x69, 0x6e, 0x65, 0x63, 0x72, 0x61, 0x66,
  0x74, 0x3a, 0x74, 0x72, 0x69, 0x64, 0x65, 0x6e, 0x74, 0x03, 0x00, 0x02,
  0x69, 0x64, 0x00, 0x00, 0x00, 0x28, 0x0a, 0x00, 0x07, 0x65, 0x6c, 0x65,
  0x6d, 0x65, 0x6e, 0x74, 0x08, 0x00, 0x07, 0x73, 0x63, 0x61, 0x6c, 0x69,
  0x6e, 0x67, 0x00, 0x20, 0x77, 0x68, 0x65, 0x6e, 0x5f, 0x63, 0x61, 0x75,
  0x73, 0x65, 0x64, 0x5f, 0x62, 0x79, 0x5f, 0x6c, 0x69, 0x76, 0x69, 0x6e,
  0x67, 0x5f, 0x6e, 0x6f, 0x6e, 0x5f, 0x70, 0x6c, 0x61, 0x79, 0x65, 0x72,
  0x05, 0x00, 0x0a, 0x65, 0x78, 0x68, 0x61, 0x75, 0x73, 0x74, 0x69, 0x6f,
  0x6e, 0x3d, 0xcc, 0xcc, 0xcd, 0x08, 0x00, 0x0a, 0x6d, 0x65, 0x73, 0x73,
  0x61, 0x67, 0x65, 0x5f, 0x69, 0x64, 0x00, 0x07, 0x74, 0x72, 0x69, 0x64,
  0x65, 0x6e, 0x74, 0x00, 0x00, 0x08, 0x00, 0x04, 0x6e, 0x61, 0x6d, 0x65,
  0x00, 0x1f, 0x6d, 0x69, 0x6e, 0x65, 0x63, 0x72, 0x61, 0x66, 0x74, 0x3a,
  0x75, 0x6e, 0x61, 0x74, 0x74, 0x72, 0x69, 0x62, 0x75, 0x74, 0x65, 0x64,
  0x5f, 0x66, 0x69, 0x72, 0x65, 0x62, 0x61, 0x6c, 0x6c, 0x03, 0x00, 0x02,
  0x69, 0x64, 0x00, 0x00, 0x00, 0x29, 0x0a, 0x00, 0x07, 0x65, 0x6c, 0x65,
  0x6d, 0x65, 0x6e, 0x74, 0x08, 0x00, 0x07, 0x65, 0x66, 0x66, 0x65, 0x63,
  0x74, 0x73, 0x00, 0x07, 0x62, 0x75, 0x72, 0x6e, 0x69, 0x6e, 0x67, 0x08,
  0x00, 0x07, 0x73, 0x63, 0x61, 0x6c, 0x69, 0x6e, 0x67, 0x00, 0x20, 0x77,
  0x68, 0x65, 0x6e, 0x5f, 0x63, 0x61, 0x75, 0x73, 0x65, 0x64, 0x5f, 0x62,
  0x79, 0x5f, 0x6c, 0x69, 0x76, 0x69, 0x6e, 0x67, 0x5f, 0x6e, 0x6f, 0x6e,
  0x5f, 0x70, 0x6c, 0x61, 0x79, 0x65, 0x72, 0x05, 0x00, 0x0a, 0x65, 0x78,
  0x68, 0x61, 0x75, 0x73, 0x74, 0x69, 0x6f, 0x6e, 0x3d, 0xcc, 0xcc, 0xcd,
  0x08, 0x00, 0x0a, 0x6d, 0x65, 0x73, 0x73, 0x61, 0x67, 0x65, 0x5f, 0x69,
  0x64, 0x00, 0x06, 0x6f, 0x6e, 0x46, 0x69, 0x72, 0x65, 0x00, 0x00, 0x08,
  0x00, 0x04, 0x6e, 0x61, 0x6d, 0x65, 0x00, 0x10, 0x6d, 0x69, 0x6e, 0x65,
  0x63, 0x72, 0x61, 0x66, 0x74, 0x3a, 0x77, 0x69, 0x74, 0x68, 0x65, 0x72,
  0x03, 0x00, 0x02, 0x69, 0x64, 0x00, 0x00, 0x00, 0x2a, 0x0a, 0x00, 0x07,
  0x65, 0x6c, 0x65, 0x6d, 0x65, 0x6e, 0x74, 0x08, 0x00, 0x07, 0x73, 0x63,
  0x61, 0x6c, 0x69, 0x6e, 0x67, 0x00, 0x20, 0x77, 0x68, 0x65, 0x6e, 0x5f,
  0x63, 0x61, 0x75, 0x73, 0x65, 0x64, 0x5f, 0x62, 0x79, 0x5f, 0x6c, 0x69,
  0x76, 0x69, 0x6e, 0x67, 0x5f, 0x6e, 0x6f, 0x6e, 0x5f, 0x70, 0x6c, 0x61,
  0x79, 0x65, 0x72, 0x05, 0x00, 0x0a, 0x65, 0x78, 0x68, 0x61, 0x75, 0x73,
  0x74, 0x69, 0x6f, 0x6e, 0x00, 0x00, 0x00, 0x00, 0x08, 0x00, 0x0a, 0x6d,
  0x65, 0x73, 0x73, 0x61, 0x67, 0x65, 0x5f, 0x69, 0x64, 0x00, 0x06, 0x77,
  0x69, 0x74, 0x68, 0x65, 0x72, 0x00, 0x00, 0x08, 0x00, 0x04, 0x6e, 0x61,
  0x6d, 0x65, 0x00, 0x16, 0x6d, 0x69, 0x6e, 0x65, 0x63, 0x72, 0x61, 0x66,
  0x74, 0x3a, 0x77, 0x69, 0x74, 0x68, 0x65, 0x72, 0x5f, 0x73, 0x6b, 0x75,
  0x6c, 0x6c, 0x03, 0x00, 0x02, 0x69, 0x64, 0x00, 0x00, 0x00, 0x2b, 0x0a,
  0x00, 0x07, 0x65, 0x6c, 0x65, 0x6d, 0x65, 0x6e, 0x74, 0x08, 0x00, 0x07,
  0x73, 0x63, 0x61, 0x6c, 0x69, 0x6e, 0x67, 0x00, 0x20, 0x77, 0x68, 0x65,
  0x6e, 0x5f, 0x63, 0x61, 0x75, 0x73, 0x65, 0x64, 0x5f, 0x62, 0x79, 0x5f,
  0x6c, 0x69, 0x76, 0x69, 0x6e, 0x67, 0x5f, 0x6e, 0x6f, 0x6e, 0x5f, 0x70,
  0x6c, 0x61, 0x79, 0x65, 0x72, 0x05, 0x00, 0x0a, 0x65, 0x78, 0x68, 0x61,
  0x75, 0x73, 0x74, 0x69, 0x6f, 0x6e, 0x3d, 0xcc, 0xcc, 0xcd, 0x08, 0x00,
  0x0a, 0x6d, 0x65, 0x73, 0x73, 0x61, 0x67, 0x65, 0x5f, 0x69, 0x64, 0x00,
  0x0b, 0x77, 0x69, 0x74, 0x68, 0x65, 0x72, 0x53, 0x6b, 0x75, 0x6c, 0x6c,
  0x00, 0x00, 0x00, 0x00,
};
Blob c764() { return {k_c764, sizeof(k_c764)}; }

static const uint8_t k_c765[] = {
  0x0a, 0x0a, 0x00, 0x18, 0x6d, 0x69, 0x6e, 0x65, 0x63, 0x72, 0x61, 0x66,
  0x74, 0x3a, 0x64, 0x69, 0x6d, 0x65, 0x6e, 0x73, 0x69, 0x6f, 0x6e, 0x5f,
  0x74, 0x79, 0x70, 0x65, 0x08, 0x00, 0x04, 0x74, 0x79, 0x70, 0x65, 0x00,
  0x18, 0x6d, 0x69, 0x6e, 0x65, 0x63, 0x72, 0x61, 0x66, 0x74, 0x3a, 0x64,
  0x69, 0x6d, 0x65, 0x6e, 0x73, 0x69, 0x6f, 0x6e, 0x5f, 0x74, 0x79, 0x70,
  0x65, 0x09, 0x00, 0x05, 0x76, 0x61, 0x6c, 0x75, 0x65, 0x0a, 0x00, 0x00,
  0x00, 0x01, 0x08, 0x00, 0x04, 0x6e, 0x61, 0x6d, 0x65, 0x00, 0x13, 0x6d,
  0x69, 0x6e, 0x65, 0x63, 0x72, 0x61, 0x66, 0x74, 0x3a, 0x6f, 0x76, 0x65,
  0x72, 0x77, 0x6f, 0x72, 0x6c, 0x64, 0x03, 0x00, 0x02, 0x69, 0x64, 0x00,
  0x00, 0x00, 0x00, 0x0a, 0x00, 0x07, 0x65, 0x6c, 0x65, 0x6d, 0x65, 0x6e,
  0x74, 0x01, 0x00, 0x0b, 0x70, 0x69, 0x67, 0x6c, 0x69, 0x6e, 0x5f, 0x73,
  0x61, 0x66, 0x65, 0x00, 0x01, 0x00, 0x07, 0x6e, 0x61, 0x74, 0x75, 0x72,
  0x61, 0x6c, 0x01, 0x05, 0x00, 0x0d, 0x61, 0x6d, 0x62, 0x69, 0x65, 0x6e,
  0x74, 0x5f, 0x6c, 0x69, 0x67, 0x68, 0x74, 0x00, 0x00, 0x00, 0x00, 0x03,
  0x00, 0x1f, 0x6d, 0x6f, 0x6e, 0x73, 0x74, 0x65, 0x72, 0x5f, 0x73, 0x70,
  0x61, 0x77, 0x6e, 0x5f, 0x62, 0x6c, 0x6f, 0x63, 0x6b, 0x5f, 0x6c, 0x69,
  0x67, 0x68, 0x74, 0x5f, 0x6c, 0x69, 0x6d, 0x69, 0x74, 0x00, 0x00, 0x00,
  0x00, 0x08, 0x00, 0x0a, 0x69, 0x6e, 0x66, 0x69, 0x6e, 0x69, 0x62, 0x75,
  0x72, 0x6e, 0x00, 0x1f, 0x23, 0x6d, 0x69, 0x6e, 0x65, 0x63, 0x72, 0x61,
  0x66, 0x74, 0x3a, 0x69, 0x6e, 0x66, 0x69, 0x6e, 0x69, 0x62, 0x75, 0x72,
  0x6e, 0x5f, 0x6f, 0x76, 0x65, 0x72, 0x77, 0x6f, 0x72, 0x6c, 0x64, 0x01,
  0x00, 0x14, 0x72, 0x65, 0x73, 0x70, 0x61, 0x77, 0x6e, 0x5f, 0x61, 0x6e,
  0x63, 0x68, 0x6f, 0x72, 0x5f, 0x77, 0x6f, 0x72, 0x6b, 0x73, 0x00, 0x01,
  0x00, 0x0c, 0x68, 0x61, 0x73, 0x5f, 0x73, 0x6b, 0x79, 0x6c, 0x69, 0x67,
  0x68, 0x74, 0x01, 0x01, 0x00, 0x09, 0x62, 0x65, 0x64, 0x5f, 0x77, 0x6f,
  0x72, 0x6b, 0x73, 0x01, 0x08, 0x00, 0x07, 0x65, 0x66, 0x66, 0x65, 0x63,
  0x74, 0x73, 0x00, 0x13, 0x6d, 0x69, 0x6e, 0x65, 0x63, 0x72, 0x61, 0x66,
  0x74, 0x3a, 0x6f, 0x76, 0x65, 0x72, 0x77, 0x6f, 0x72, 0x6c, 0x64, 0x01,
  0x00, 0x09, 0x68, 0x61, 0x73, 0x5f, 0x72, 0x61, 0x69, 0x64, 0x73, 0x01,
  0x03, 0x00, 0x0e, 0x6c, 0x6f, 0x67, 0x69, 0x63, 0x61, 0x6c, 0x5f, 0x68,
  0x65, 0x69, 0x67, 0x68, 0x74, 0x00, 0x00, 0x01, 0x80, 0x06, 0x00, 0x10,
  0x63, 0x6f, 0x6f, 0x72, 0x64, 0x69, 0x6e, 0x61, 0x74, 0x65, 0x5f, 0x73,
  0x63, 0x61, 0x6c, 0x65, 0x3f, 0xf0, 0x00, 0x00, 0x00, 0x00, 0x00, 0x00,
  0x0a, 0x00, 0x19, 0x6d, 0x6f, 0x6e, 0x73, 0x74, 0x65, 0x72, 0x5f, 0x73,
  0x70, 0x61, 0x77, 0x6e, 0x5f, 0x6c, 0x69, 0x67, 0x68, 0x74, 0x5f, 0x6c,
  0x65, 0x76, 0x65, 0x6c, 0x08, 0x00, 0x04, 0x74, 0x79, 0x70, 0x65, 0x00,
  0x11, 0x6d, 0x69, 0x6e, 0x65, 0x63, 0x72, 0x61, 0x66, 0x74, 0x3a, 0x75,
  0x6e, 0x69, 0x66, 0x6f, 0x72, 0x6d, 0x0a, 0x00, 0x05, 0x76, 0x61, 0x6c,
  0x75, 0x65, 0x03, 0x00, 0x0d, 0x6d, 0x69, 0x6e, 0x5f, 0x69, 0x6e, 0x63,
  0x6c, 0x75, 0x73, 0x69, 0x76, 0x65, 0x00, 0x00, 0x00, 0x00, 0x03, 0x00,
  0x0d, 0x6d, 0x61, 0x78, 0x5f, 0x69, 0x6e, 0x63, 0x6c, 0x75, 0x73, 0x69,
  0x76, 0x65, 0x00, 0x00, 0x00, 0x07, 0x00, 0x00, 0x03, 0x00, 0x05, 0x6d,
  0x69, 0x6e, 0x5f, 0x79, 0xff, 0xff, 0xff, 0xc0, 0x01, 0x00, 0x09, 0x75,
  0x6c, 0x74, 0x72, 0x61, 0x77, 0x61, 0x72, 0x6d, 0x00, 0x01, 0x00, 0x0b,
  0x68, 0x61, 0x73, 0x5f, 0x63, 0x65, 0x69, 0x6c, 0x69, 0x6e, 0x67, 0x00,
  0x03, 0x00, 0x06, 0x68, 0x65, 0x69, 0x67, 0x68, 0x74, 0x00, 0x00, 0x01,
  0x80, 0x00, 0x00, 0x00, 0x0a, 0x00, 0x18, 0x6d, 0x69, 0x6e, 0x65, 0x63,
  0x72, 0x61, 0x66, 0x74, 0x3a, 0x77, 0x6f, 0x72, 0x6c, 0x64, 0x67, 0x65,
  0x6e, 0x2f, 0x62, 0x69, 0x6f, 0x6d, 0x65, 0x08, 0x00, 0x04, 0x74, 0x79,
  0x70, 0x65, 0x00, 0x18, 0x6d, 0x69, 0x6e, 0x65, 0x63, 0x72, 0x61, 0x66,
  0x74, 0x3a, 0x77, 0x6f, 0x72, 0x6c, 0x64, 0x67, 0x65, 0x6e, 0x2f, 0x62,
  0x69, 0x6f, 0x6d, 0x65, 0x09, 0x00, 0x05, 0x76, 0x61, 0x6c, 0x75, 0x65,
  0x0a, 0x00, 0x00, 0x00, 0x01, 0x08, 0x00, 0x04, 0x6e, 0x61, 0x6d, 0x65,
  0x00, 0x10, 0x6d, 0x69, 0x6e, 0x65, 0x63, 0x72, 0x61, 0x66, 0x74, 0x3a,
  0x70, 0x6c, 0x61, 0x69, 0x6e, 0x73, 0x03, 0x00, 0x02, 0x69, 0x64, 0x00,
  0x00, 0x00, 0x27, 0x0a, 0x00, 0x07, 0x65, 0x6c, 0x65, 0x6d, 0x65, 0x6e,
  0x74, 0x0a, 0x00, 0x07, 0x65, 0x66, 0x66, 0x65, 0x63, 0x74, 0x73, 0x03,
  0x00, 0x09, 0x73, 0x6b, 0x79, 0x5f, 0x63, 0x6f, 0x6c, 0x6f, 0x72, 0x00,
  0x78, 0xa7, 0xff, 0x03, 0x00, 0x0f, 0x77, 0x61, 0x74, 0x65, 0x72, 0x5f,
  0x66, 0x6f, 0x67, 0x5f, 0x63, 0x6f, 0x6c, 0x6f, 0x72, 0x00, 0x05, 0x05,
  0x33, 0x03, 0x00, 0x09, 0x66, 0x6f, 0x67, 0x5f, 0x63, 0x6f, 0x6c, 0x6f,
  0x72, 0x00, 0xc0, 0xd8, 0xff, 0x03, 0x00, 0x0b, 0x77, 0x61, 0x74, 0x65,
  0x72, 0x5f, 0x63, 0x6f, 0x6c, 0x6f, 0x72, 0x00, 0x3f, 0x76, 0xe4, 0x0a,
  0x00, 0x0a, 0x6d, 0x6f, 0x6f, 0x64, 0x5f, 0x73, 0x6f, 0x75, 0x6e, 0x64,
  0x03, 0x00, 0x0a, 0x74, 0x69, 0x63, 0x6b, 0x5f, 0x64, 0x65, 0x6c, 0x61,
  0x79, 0x00, 0x00, 0x17, 0x70, 0x06, 0x00, 0x06, 0x6f, 0x66, 0x66, 0x73,
  0x65, 0x74, 0x40, 0x00, 0x00, 0x00, 0x00, 0x00, 0x00, 0x00, 0x08, 0x00,
  0x05, 0x73, 0x6f, 0x75, 0x6e, 0x64, 0x00, 0x16, 0x6d, 0x69, 0x6e, 0x65,
  0x63, 0x72, 0x61, 0x66, 0x74, 0x3a, 0x61, 0x6d, 0x62, 0x69, 0x65, 0x6e,
  0x74, 0x2e, 0x63, 0x61, 0x76, 0x65, 0x03, 0x00, 0x13, 0x62, 0x6c, 0x6f,
  0x63, 0x6b, 0x5f, 0x73, 0x65, 0x61, 0x72, 0x63, 0x68, 0x5f, 0x65, 0x78,
  0x74, 0x65, 0x6e, 0x74, 0x00, 0x00, 0x00, 0x08, 0x00, 0x00, 0x01, 0x00,
  0x11, 0x68, 0x61, 0x73, 0x5f, 0x70, 0x72, 0x65, 0x63, 0x69, 0x70, 0x69,
  0x74, 0x61, 0x74, 0x69, 0x6f, 0x6e, 0x01, 0x05, 0x00, 0x0b, 0x74, 0x65,
  0x6d, 0x70, 0x65, 0x72, 0x61, 0x74, 0x75, 0x72, 0x65, 0x3f, 0x4c, 0xcc,
  0xcd, 0x05, 0x00, 0x08, 0x64, 0x6f, 0x77, 0x6e, 0x66, 0x61, 0x6c, 0x6c,
  0x3e, 0xcc, 0xcc, 0xcd, 0x00, 0x00, 0x00, 0x0a, 0x00, 0x13, 0x6d, 0x69,
  0x6e, 0x65, 0x63, 0x72, 0x61, 0x66, 0x74, 0x3a, 0x63, 0x68, 0x61, 0x74,
  0x5f, 0x74, 0x79, 0x70, 0x65, 0x08, 0x00, 0x04, 0x74, 0x79, 0x70, 0x65,
  0x00, 0x13, 0x6d, 0x69, 0x6e, 0x65, 0x63, 0x72, 0x61, 0x66, 0x74, 0x3a,
  0x63, 0x68, 0x61, 0x74, 0x5f, 0x74, 0x79, 0x70, 0x65, 0x09, 0x00, 0x05,
  0x76, 0x61, 0x6c, 0x75, 0x65, 0x0a, 0x00, 0x00, 0x00, 0x07, 0x08, 0x00,
  0x04, 0x6e, 0x61, 0x6d, 0x65, 0x00, 0x0e, 0x6d, 0x69, 0x6e, 0x65, 0x63,
  0x72, 0x61, 0x66, 0x74, 0x3a, 0x63, 0x68, 0x61, 0x74, 0x03, 0x00, 0x02,
  0x69, 0x64, 0x00, 0x00, 0x00, 0x00, 0x0a, 0x00, 0x07, 0x65, 0x6c, 0x65,
  0x6d, 0x65, 0x6e, 0x74, 0x0a, 0x00, 0x04, 0x63, 0x68, 0x61, 0x74, 0x08,
  0x00, 0x0f, 0x74, 0x72, 0x61, 0x6e, 0x73, 0x6c, 0x61, 0x74, 0x69, 0x6f,
  0x6e, 0x5f, 0x6b, 0x65, 0x79, 0x00, 0x0e, 0x63, 0x68, 0x61, 0x74, 0x2e,
  0x74, 0x79, 0x70, 0x65, 0x2e, 0x74, 0x65, 0x78, 0x74, 0x09, 0x00, 0x0a,
  0x70, 0x61, 0x72, 0x61, 0x6d, 0x65, 0x74, 0x65, 0x72, 0x73, 0x08, 0x00,
  0x00, 0x00, 0x02, 0x00, 0x06, 0x73, 0x65, 0x6e, 0x64, 0x65, 0x72, 0x00,
  0x07, 0x63, 0x6f, 0x6e, 0x74, 0x65, 0x6e, 0x74, 0x00, 0x0a, 0x00, 0x09,
  0x6e, 0x61, 0x72, 0x72, 0x61, 0x74, 0x69, 0x6f, 0x6e, 0x08, 0x00, 0x0f,
  0x74, 0x72, 0x61, 0x6e, 0x73, 0x6c, 0x61, 0x74, 0x69, 0x6f, 0x6e, 0x5f,
  0x6b, 0x65, 0x79, 0x00, 0x16, 0x63, 0x68, 0x61, 0x74, 0x2e, 0x74, 0x79,
  0x70, 0x65, 0x2e, 0x74, 0x65, 0x78, 0x74, 0x2e, 0x6e, 0x61, 0x72, 0x72,
  0x61, 0x74, 0x65, 0x09, 0x00, 0x0a, 0x70, 0x61, 0x72, 0x61, 0x6d, 0x65,
  0x74, 0x65, 0x72, 0x73, 0x08, 0x00, 0x00, 0x00, 0x02, 0x00, 0x06, 0x73,
  0x65, 0x6e, 0x64, 0x65, 0x72, 0x00, 0x07, 0x63, 0x6f, 0x6e, 0x74, 0x65,
  0x6e, 0x74, 0x00, 0x00, 0x00, 0x08, 0x00, 0x04, 0x6e, 0x61, 0x6d, 0x65,
  0x00, 0x17, 0x6d, 0x69, 0x6e, 0x65, 0x63, 0x72, 0x61, 0x66, 0x74, 0x3a,
  0x65, 0x6d, 0x6f, 0x74, 0x65, 0x5f, 0x63, 0x6f, 0x6d, 0x6d, 0x61, 0x6e,
  0x64, 0x03, 0x00, 0x02, 0x69, 0x64, 0x00, 0x00, 0x00, 0x01, 0x0a, 0x00,
  0x07, 0x65, 0x6c, 0x65, 0x6d, 0x65, 0x6e, 0x74, 0x0a, 0x00, 0x04, 0x63,
  0x68, 0x61, 0x74, 0x08, 0x00, 0x0f, 0x74, 0x72, 0x61, 0x6e, 0x73, 0x6c,
  0x61, 0x74, 0x69, 0x6f, 0x6e, 0x5f, 0x6b, 0x65, 0x79, 0x00, 0x0f, 0x63,
  0x68, 0x61, 0x74, 0x2e, 0x74, 0x79, 0x70, 0x65, 0x2e, 0x65, 0x6d, 0x6f,
  0x74, 0x65, 0x09, 0x00, 0x0a, 0x70, 0x61, 0x72, 0x61, 0x6d, 0x65, 0x74,
  0x65, 0x72, 0x73, 0x08, 0x00, 0x00, 0x00, 0x02, 0x00, 0x06, 0x73, 0x65,
  0x6e, 0x64, 0x65, 0x72, 0x00, 0x07, 0x63, 0x6f, 0x6e, 0x74, 0x65, 0x6e,
  0x74, 0x00, 0x0a, 0x00, 0x09, 0x6e, 0x61, 0x72, 0x72, 0x61, 0x74, 0x69,
  0x6f, 0x6e, 0x08, 0x00, 0x0f, 0x74, 0x72, 0x61, 0x6e, 0x73, 0x6c, 0x61,
  0x74, 0x69, 0x6f, 0x6e, 0x5f, 0x6b, 0x65, 0x79, 0x00, 0x0f, 0x63, 0x68,
  0x61, 0x74, 0x2e, 0x74, 0x79, 0x70, 0x65, 0x2e, 0x65, 0x6d, 0x6f, 0x74,
  0x65, 0x09, 0x00, 0x0a, 0x70, 0x61, 0x72, 0x61, 0x6d, 0x65, 0x74, 0x65,
  0x72, 0x73, 0x08, 0x00, 0x00, 0x00, 0x02, 0x00, 0x06, 0x73, 0x65, 0x6e,
  0x64, 0x65, 0x72, 0x00, 0x07, 0x63, 0x6f, 0x6e, 0x74, 0x65, 0x6e, 0x74,
  0x00, 0x00, 0x00, 0x08, 0x00, 0x04, 0x6e, 0x61, 0x6d, 0x65, 0x00, 0x1e,
  0x6d, 0x69, 0x6e, 0x65, 0x63, 0x72, 0x61, 0x66, 0x74, 0x3a, 0x6d, 0x73,
  0x67, 0x5f, 0x63, 0x6f, 0x6d, 0x6d, 0x61, 0x6e, 0x64, 0x5f, 0x69, 0x6e,
  0x63, 0x6f, 0x6d, 0x69, 0x6e, 0x67, 0x03, 0x00, 0x02, 0x69, 0x64, 0x00,
  0x00, 0x00, 0x02, 0x0a, 0x00, 0x07, 0x65, 0x6c, 0x65, 0x6d, 0x65, 0x6e,
  0x74, 0x0a, 0x00, 0x04, 0x63, 0x68, 0x61, 0x74, 0x08, 0x00, 0x0f, 0x74,
  0x72, 0x61, 0x6e, 0x73, 0x6c, 0x61, 0x74, 0x69, 0x6f, 0x6e, 0x5f, 0x6b,
  0x65, 0x79, 0x00, 0x21, 0x63, 0x6f, 0x6d, 0x6d, 0x61, 0x6e, 0x64, 0x73,
  0x2e, 0x6d, 0x65, 0x73, 0x73, 0x61, 0x67, 0x65, 0x2e, 0x64, 0x69, 0x73,
  0x70, 0x6c, 0x61, 0x79, 0x2e, 0x69, 0x6e, 0x63, 0x6f, 0x6d, 0x69, 0x6e,
  0x67, 0x0a, 0x00, 0x05, 0x73, 0x74, 0x79, 0x6c, 0x65, 0x08, 0x00, 0x05,
  0x63, 0x6f, 0x6c, 0x6f, 0x72, 0x00, 0x04, 0x67, 0x72, 0x61, 0x79, 0x01,
  0x00, 0x06, 0x69, 0x74, 0x61, 0x6c, 0x69, 0x63, 0x01, 0x00, 0x09, 0x00,
  0x0a, 0x70, 0x61, 0x72, 0x61, 0x6d, 0x65, 0x74, 0x65, 0x72, 0x73, 0x08,
  0x00, 0x00, 0x00, 0x02, 0x00, 0x06, 0x73, 0x65, 0x6e, 0x64, 0x65, 0x72,
  0x00, 0x07, 0x63, 0x6f, 0x6e, 0x74, 0x65, 0x6e, 0x74, 0x00, 0x0a, 0x00,
  0x09, 0x6e, 0x61, 0x72, 0x72, 0x61, 0x74, 0x69, 0x6f, 0x6e, 0x08, 0x00,
  0x0f, 0x74, 0x72, 0x61, 0x6e, 0x73, 0x6c, 0x61, 0x74, 0x69, 0x6f, 0x6e,
  0x5f, 0x6b, 0x65, 0x79, 0x00, 0x16, 0x63, 0x68, 0x61, 0x74, 0x2e, 0x74,
  0x79, 0x70, 0x65, 0x2e, 0x74, 0x65, 0x78, 0x74, 0x2e, 0x6e, 0x61, 0x72,
  0x72, 0x61, 0x74, 0x65, 0x09, 0x00, 0x0a, 0x70, 0x61, 0x72, 0x61, 0x6d,
  0x65, 0x74, 0x65, 0x72, 0x73, 0x08, 0x00, 0x00, 0x00, 0x02, 0x00, 0x06,
  0x73, 0x65, 0x6e, 0x64, 0x65, 0x72, 0x00, 0x07, 0x63, 0x6f, 0x6e, 0x74,
  0x65, 0x6e, 0x74, 0x00, 0x00, 0x00, 0x08, 0x00, 0x04, 0x6e, 0x61, 0x6d,
  0x65, 0x00, 0x1e, 0x6d, 0x69, 0x6e, 0x65, 0x63, 0x72, 0x61, 0x66, 0x74,
  0x3a, 0x6d, 0x73, 0x67, 0x5f, 0x63, 0x6f, 0x6d, 0x6d, 0x61, 0x6e, 0x64,
  0x5f, 0x6f, 0x75, 0x74, 0x67, 0x6f, 0x69, 0x6e, 0x67, 0x03, 0x00, 0x02,
  0x69, 0x64, 0x00, 0x00, 0x00, 0x03, 0x0a, 0x00, 0x07, 0x65, 0x6c, 0x65,
  0x6d, 0x65, 0x6e, 0x74, 0x0a, 0x00, 0x04, 0x63, 0x68, 0x61, 0x74, 0x08,
  0x00, 0x0f, 0x74, 0x72, 0x61, 0x6e, 0x73, 0x6c, 0x61, 0x74, 0x69, 0x6f,
  0x6e, 0x5f, 0x6b, 0x65, 0x79, 0x00, 0x21, 0x63, 0x6f, 0x6d, 0x6d, 0x61,
  0x6e, 0x64, 0x73, 0x2e, 0x6d, 0x65, 0x73, 0x73, 0x61, 0x67, 0x65, 0x2e,
  0x64, 0x69, 0x73, 0x70, 0x6c, 0x61, 0x79, 0x2e, 0x6f, 0x75, 0x74, 0x67,
  0x6f, 0x69, 0x6e, 0x67, 0x0a, 0x00, 0x05, 0x73, 0x74, 0x79, 0x6c, 0x65,
  0x08, 0x00, 0x05, 0x63, 0x6f, 0x6c, 0x6f, 0x72, 0x00, 0x04, 0x67, 0x72,
  0x61, 0x79, 0x01, 0x00, 0x06, 0x69, 0x74, 0x61, 0x6c, 0x69, 0x63, 0x01,
  0x00, 0x09, 0x00, 0x0a, 0x70, 0x61, 0x72, 0x61, 0x6d, 0x65, 0x74, 0x65,
  0x72, 0x73, 0x08, 0x00, 0x00, 0x00, 0x02, 0x00, 0x06, 0x74, 0x61, 0x72,
  0x67, 0x65, 0x74, 0x00, 0x07, 0x63, 0x6f, 0x6e, 0x74, 0x65, 0x6e, 0x74,
  0x00, 0x0a, 0x00, 0x09, 0x6e, 0x61, 0x72, 0x72, 0x61, 0x74, 0x69, 0x6f,
  0x6e, 0x08, 0x00, 0x0f, 0x74, 0x72, 0x61, 0x6e, 0x73, 0x6c, 0x61, 0x74,
  0x69, 0x6f, 0x6e, 0x5f, 0x6b, 0x65, 0x79, 0x00, 0x16, 0x63, 0x68, 0x61,
  0x74, 0x2e, 0x74, 0x79, 0x70, 0x65, 0x2e, 0x74, 0x65, 0x78, 0x74, 0x2e,
  0x6e, 0x61, 0x72, 0x72, 0x61, 0x74, 0x65, 0x09, 0x00, 0x0a, 0x70, 0x61,
  0x72, 0x61, 0x6d, 0x65, 0x74, 0x65, 0x72, 0x73, 0x08, 0x00, 0x00, 0x00,
  0x02, 0x00, 0x06, 0x73, 0x65, 0x6e, 0x64, 0x65, 0x72, 0x00, 0x07, 0x63,
  0x6f, 0x6e, 0x74, 0x65, 0x6e, 0x74, 0x00, 0x00, 0x00, 0x08, 0x00, 0x04,
  0x6e, 0x61, 0x6d, 0x65, 0x00, 0x15, 0x6d, 0x69, 0x6e, 0x65, 0x63, 0x72,
  0x61, 0x66, 0x74, 0x3a, 0x73, 0x61, 0x79, 0x5f, 0x63, 0x6f, 0x6d, 0x6d,
  0x61, 0x6e, 0x64, 0x03, 0x00, 0x02, 0x69, 0x64, 0x00, 0x00, 0x00, 0x04,
  0x0a, 0x00, 0x07, 0x65, 0x6c, 0x65, 0x6d, 0x65, 0x6e, 0x74, 0x0a, 0x00,
  0x04, 0x63, 0x68, 0x61, 0x74, 0x08, 0x00, 0x0f, 0x74, 0x72, 0x61, 0x6e,
  0x73, 0x6c, 0x61, 0x74, 0x69, 0x6f, 0x6e, 0x5f, 0x6b, 0x65, 0x79, 0x00,
  0x16, 0x63, 0x68, 0x61, 0x74, 0x2e, 0x74, 0x79, 0x70, 0x65, 0x2e, 0x61,
  0x6e, 0x6e, 0x6f, 0x75, 0x6e, 0x63, 0x65, 0x6d, 0x65, 0x6e, 0x74, 0x09,
  0x00, 0x0a, 0x70, 0x61, 0x72, 0x61, 0x6d, 0x65, 0x74, 0x65, 0x72, 0x73,
  0x08, 0x00, 0x00, 0x00, 0x02, 0x00, 0x06, 0x73, 0x65, 0x6e, 0x64, 0x65,
  0x72, 0x00, 0x07, 0x63, 0x6f, 0x6e, 0x74, 0x65, 0x6e, 0x74, 0x00, 0x0a,
  0x00, 0x09, 0x6e, 0x61, 0x72, 0x72, 0x61, 0x74, 0x69, 0x6f, 0x6e, 0x08,
  0x00, 0x0f, 0x74, 0x72, 0x61, 0x6e, 0x73, 0x6c, 0x61, 0x74, 0x69, 0x6f,
  0x6e, 0x5f, 0x6b, 0x65, 0x79, 0x00, 0x16, 0x63, 0x68, 0x61, 0x74, 0x2e,
  0x74, 0x79, 0x70, 0x65, 0x2e, 0x74, 0x65, 0x78, 0x74, 0x2e, 0x6e, 0x61,
  0x72, 0x72, 0x61, 0x74, 0x65, 0x09, 0x00, 0x0a, 0x70, 0x61, 0x72, 0x61,
  0x6d, 0x65, 0x74, 0x65, 0x72, 0x73, 0x08, 0x00, 0x00, 0x00, 0x02, 0x00,
  0x06, 0x73, 0x65, 0x6e, 0x64, 0x65, 0x72, 0x00, 0x07, 0x63, 0x6f, 0x6e,
  0x74, 0x65, 0x6e, 0x74, 0x00, 0x00, 0x00, 0x08, 0x00, 0x04, 0x6e, 0x61,
  0x6d, 0x65, 0x00, 0x23, 0x6d, 0x69, 0x6e, 0x65, 0x63, 0x72, 0x61, 0x66,
  0x74, 0x3a, 0x74, 0x65, 0x61, 0x6d, 0x5f, 0x6d, 0x73, 0x67, 0x5f, 0x63,
  0x6f, 0x6d, 0x6d, 0x61, 0x6e, 0x64, 0x5f, 0x69, 0x6e, 0x63, 0x6f, 0x6d,
  0x69, 0x6e, 0x67, 0x03, 0x00, 0x02, 0x69, 0x64, 0x00, 0x00, 0x00, 0x05,
  0x0a, 0x00, 0x07, 0x65, 0x6c, 0x65, 0x6d, 0x65, 0x6e, 0x74, 0x0a, 0x00,
  0x04, 0x63, 0x68, 0x61, 0x74, 0x08, 0x00, 0x0f, 0x74, 0x72, 0x61, 0x6e,
  0x73, 0x6c, 0x61, 0x74, 0x69, 0x6f, 0x6e, 0x5f, 0x6b, 0x65, 0x79, 0x00,
  0x13, 0x63, 0x68, 0x61, 0x74, 0x2e, 0x74, 0x79, 0x70, 0x65, 0x2e, 0x74,
  0x65, 0x61, 0x6d, 0x2e, 0x74, 0x65, 0x78, 0x74, 0x09, 0x00, 0x0a, 0x70,
  0x61, 0x72, 0x61, 0x6d, 0x65, 0x74, 0x65, 0x72, 0x73, 0x08, 0x00, 0x00,
  0x00, 0x03, 0x00, 0x06, 0x74, 0x61, 0x72, 0x67, 0x65, 0x74, 0x00, 0x06,
  0x73, 0x65, 0x6e, 0x64, 0x65, 0x72, 0x00, 0x07, 0x63, 0x6f, 0x6e, 0x74,
  0x65, 0x6e, 0x74, 0x00, 0x0a, 0x00, 0x09, 0x6e, 0x61, 0x72, 0x72, 0x61,
  0x74, 0x69, 0x6f, 0x6e, 0x08, 0x00, 0x0f, 0x74, 0x72, 0x61, 0x6e, 0x73,
  0x6c, 0x61, 0x74, 0x69, 0x6f, 0x6e, 0x5f, 0x6b, 0x65, 0x79, 0x00, 0x16,
  0x63, 0x68, 0x61, 0x74, 0x2e, 0x74, 0x79, 0x70, 0x65, 0x2e, 0x74, 0x65,
  0x78, 0x74, 0x2e, 0x6e, 0x61, 0x72, 0x72, 0x61, 0x74, 0x65, 0x09, 0x00,
  0x0a, 0x70, 0x61, 0x72, 0x61, 0x6d, 0x65, 0x74, 0x65, 0x72, 0x73, 0x08,
  0x00, 0x00, 0x00, 0x02, 0x00, 0x06, 0x73, 0x65, 0x6e, 0x64, 0x65, 0x72,
  0x00, 0x07, 0x63, 0x6f, 0x6e, 0x74, 0x65, 0x6e, 0x74, 0x00, 0x00, 0x00,
  0x08, 0x00, 0x04, 0x6e, 0x61, 0x6d, 0x65, 0x00, 0x23, 0x6d, 0x69, 0x6e,
  0x65, 0x63, 0x72, 0x61, 0x66, 0x74, 0x3a, 0x74, 0x65, 0x61, 0x6d, 0x5f,
  0x6d, 0x73, 0x67, 0x5f, 0x63, 0x6f, 0x6d, 0x6d, 0x61, 0x6e, 0x64, 0x5f,
  0x6f, 0x75, 0x74, 0x67, 0x6f, 0x69, 0x6e, 0x67, 0x03, 0x00, 0x02, 0x69,
  0x64, 0x00, 0x00, 0x00, 0x06, 0x0a, 0x00, 0x07, 0x65, 0x6c, 0x65, 0x6d,
  0x65, 0x6e, 0x74, 0x0a, 0x00, 0x04, 0x63, 0x68, 0x61, 0x74, 0x08, 0x00,
  0x0f, 0x74, 0x72, 0x61, 0x6e, 0x73, 0x6c, 0x61, 0x74, 0x69, 0x6f, 0x6e,
  0x5f, 0x6b, 0x65, 0x79, 0x00, 0x13, 0x63, 0x68, 0x61, 0x74, 0x2e, 0x74,
  0x79, 0x70, 0x65, 0x2e, 0x74, 0x65, 0x61, 0x6d, 0x2e, 0x73, 0x65, 0x6e,
  0x74, 0x09, 0x00, 0x0a, 0x70, 0x61, 0x72, 0x61, 0x6d, 0x65, 0x74, 0x65,
  0x72, 0x73, 0x08, 0x00, 0x00, 0x00, 0x03, 0x00, 0x06, 0x74, 0x61, 0x72,
  0x67, 0x65, 0x74, 0x00, 0x06, 0x73, 0x65, 0x6e, 0x64, 0x65, 0x72, 0x00,
  0x07, 0x63, 0x6f, 0x6e, 0x74, 0x65, 0x6e, 0x74, 0x00, 0x0a, 0x00, 0x09,
  0x6e, 0x61, 0x72, 0x72, 0x61, 0x74, 0x69, 0x6f, 0x6e, 0x08, 0x00, 0x0f,
  0x74, 0x72, 0x61, 0x6e, 0x73, 0x6c, 0x61, 0x74, 0x69, 0x6f, 0x6e, 0x5f,
  0x6b, 0x65, 0x79, 0x00, 0x16, 0x63, 0x68, 0x61, 0x74, 0x2e, 0x74, 0x79,
  0x70, 0x65, 0x2e, 0x74, 0x65, 0x78, 0x74, 0x2e, 0x6e, 0x61, 0x72, 0x72,
  0x61, 0x74, 0x65, 0x09, 0x00, 0x0a, 0x70, 0x61, 0x72, 0x61, 0x6d, 0x65,
  0x74, 0x65, 0x72, 0x73, 0x08, 0x00, 0x00, 0x00, 0x02, 0x00, 0x06, 0x73,
  0x65, 0x6e, 0x64, 0x65, 0x72, 0x00, 0x07, 0x63, 0x6f, 0x6e, 0x74, 0x65,
  0x6e, 0x74, 0x00, 0x00, 0x00, 0x00, 0x0a, 0x00, 0x15, 0x6d, 0x69, 0x6e,
  0x65, 0x63, 0x72, 0x61, 0x66, 0x74, 0x3a, 0x64, 0x61, 0x6d, 0x61, 0x67,
  0x65, 0x5f, 0x74, 0x79, 0x70, 0x65, 0x08, 0x00, 0x04, 0x74, 0x79, 0x70,
  0x65, 0x00, 0x15, 0x6d, 0x69, 0x6e, 0x65, 0x63, 0x72, 0x61, 0x66, 0x74,
  0x3a, 0x64, 0x61, 0x6d, 0x61, 0x67, 0x65, 0x5f, 0x74, 0x79, 0x70, 0x65,
  0x09, 0x00, 0x05, 0x76, 0x61, 0x6c, 0x75, 0x65, 0x0a, 0x00, 0x00, 0x00,
  0x2c, 0x08, 0x00, 0x04, 0x6e, 0x61, 0x6d, 0x65, 0x00, 0x0f, 0x6d, 0x69,
  0x6e, 0x65, 0x63, 0x72, 0x61, 0x66, 0x74, 0x3a, 0x61, 0x72, 0x72, 0x6f,
  0x77, 0x03, 0x00, 0x02, 0x69, 0x64, 0x00, 0x00, 0x00, 0x00, 0x0a, 0x00,
  0x07, 0x65, 0x6c, 0x65, 0x6d, 0x65, 0x6e, 0x74, 0x08, 0x00, 0x07, 0x73,
  0x63, 0x61, 0x6c, 0x69, 0x6e, 0x67, 0x00, 0x20, 0x77, 0x68, 0x65, 0x6e,
  0x5f, 0x63, 0x61, 0x75, 0x73, 0x65, 0x64, 0x5f, 0x62, 0x79, 0x5f, 0x6c,
  0x69, 0x76, 0x69, 0x6e, 0x67, 0x5f, 0x6e, 0x6f, 0x6e, 0x5f, 0x70, 0x6c,
  0x61, 0x79, 0x65, 0x72, 0x05, 0x00, 0x0a, 0x65, 0x78, 0x68, 0x61, 0x75,
  0x73, 0x74, 0x69, 0x6f, 0x6e, 0x3d, 0xcc, 0xcc, 0xcd, 0x08, 0x00, 0x0a,
  0x6d, 0x65, 0x73, 0x73, 0x61, 0x67, 0x65, 0x5f, 0x69, 0x64, 0x00, 0x05,
  0x61, 0x72, 0x72, 0x6f, 0x77, 0x00, 0x00, 0x08, 0x00, 0x04, 0x6e, 0x61,
  0x6d, 0x65, 0x00, 0x1b, 0x6d, 0x69, 0x6e, 0x65, 0x63, 0x72, 0x61, 0x66,
  0x74, 0x3a, 0x62, 0x61, 0x64, 0x5f, 0x72, 0x65, 0x73, 0x70, 0x61, 0x77,
  0x6e, 0x5f, 0x70, 0x6f, 0x69, 0x6e, 0x74, 0x03, 0x00, 0x02, 0x69, 0x64,
  0x00, 0x00, 0x00, 0x01, 0x0a, 0x00, 0x07, 0x65, 0x6c, 0x65, 0x6d, 0x65,
  0x6e, 0x74, 0x08, 0x00, 0x07, 0x73, 0x63, 0x61, 0x6c, 0x69, 0x6e, 0x67,
  0x00, 0x06, 0x61, 0x6c, 0x77, 0x61, 0x79, 0x73, 0x05, 0x00, 0x0a, 0x65,
  0x78, 0x68, 0x61, 0x75, 0x73, 0x74, 0x69, 0x6f, 0x6e, 0x3d, 0xcc, 0xcc,
  0xcd, 0x08, 0x00, 0x0a, 0x6d, 0x65, 0x73, 0x73, 0x61, 0x67, 0x65, 0x5f,
  0x69, 0x64, 0x00, 0x0f, 0x62, 0x61, 0x64, 0x52, 0x65, 0x73, 0x70, 0x61,
  0x77, 0x6e, 0x50, 0x6f, 0x69, 0x6e, 0x74, 0x08, 0x00, 0x12, 0x64, 0x65,
  0x61, 0x74, 0x68, 0x5f, 0x6d, 0x65, 0x73, 0x73, 0x61, 0x67, 0x65, 0x5f,
  0x74, 0x79, 0x70, 0x65, 0x00, 0x17, 0x69, 0x6e, 0x74, 0x65, 0x6e, 0x74,
  0x69, 0x6f, 0x6e, 0x61, 0x6c, 0x5f, 0x67, 0x61, 0x6d, 0x65, 0x5f, 0x64,
  0x65, 0x73, 0x69, 0x67, 0x6e, 0x00, 0x00, 0x08, 0x00, 0x04, 0x6e, 0x61,
  0x6d, 0x65, 0x00, 0x10, 0x6d, 0x69, 0x6e, 0x65, 0x63, 0x72, 0x61, 0x66,
  0x74, 0x3a, 0x63, 0x61, 0x63, 0x74, 0x75, 0x73, 0x03, 0x00, 0x02, 0x69,
  0x64, 0x00, 0x00, 0x00, 0x02, 0x0a, 0x00, 0x07, 0x65, 0x6c, 0x65, 0x6d,
  0x65, 0x6e, 0x74, 0x08, 0x00, 0x07, 0x73, 0x63, 0x61, 0x6c, 0x69, 0x6e,
  0x67, 0x00, 0x20, 0x77, 0x68, 0x65, 0x6e, 0x5f, 0x63, 0x61, 0x75, 0x73,
  0x65, 0x64, 0x5f, 0x62, 0x79, 0x5f, 0x6c, 0x69, 0x76, 0x69, 0x6e, 0x67,
  0x5f, 0x6e, 0x6f, 0x6e, 0x5f, 0x70, 0x6c, 0x61, 0x79, 0x65, 0x72, 0x05,
  0x00, 0x0a, 0x65, 0x78, 0x68, 0x61, 0x75, 0x73, 0x74, 0x69, 0x6f, 0x6e,
  0x3d, 0xcc, 0xcc, 0xcd, 0x08, 0x00, 0x0a, 0x6d, 0x65, 0x73, 0x73, 0x61,
  0x67, 0x65, 0x5f, 0x69, 0x64, 0x00, 0x06, 0x63, 0x61, 0x63, 0x74, 0x75,
  0x73, 0x00, 0x00, 0x08, 0x00, 0x04, 0x6e, 0x61, 0x6d, 0x65, 0x00, 0x12,
  0x6d, 0x69, 0x6e, 0x65, 0x63, 0x72, 0x61, 0x66, 0x74, 0x3a, 0x63, 0x72,
  0x61, 0x6d, 0x6d, 0x69, 0x6e, 0x67, 0x03, 0x00, 0x02, 0x69, 0x64, 0x00,
  0x00, 0x00, 0x03, 0x0a, 0x00, 0x07, 0x65, 0x6c, 0x65, 0x6d, 0x65, 0x6e,
  0x74, 0x08, 0x00, 0x07, 0x73, 0x63, 0x61, 0x6c, 0x69, 0x6e, 0x67, 0x00,
  0x20, 0x77, 0x68, 0x65, 0x6e, 0x5f, 0x63, 0x61, 0x75, 0x73, 0x65, 0x64,
  0x5f, 0x62, 0x79, 0x5f, 0x6c, 0x69, 0x76, 0x69, 0x6e, 0x67, 0x5f, 0x6e,
  0x6f, 0x6e, 0x5f, 0x70, 0x6c, 0x61, 0x79, 0x65, 0x72, 0x05, 0x00, 0x0a,
  0x65, 0x78, 0x68, 0x61, 0x75, 0x73, 0x74, 0x69, 0x6f, 0x6e, 0x00, 0x00,
  0x00, 0x00, 0x08, 0x00, 0x0a, 0x6d, 0x65, 0x73, 0x73, 0x61, 0x67, 0x65,
  0x5f, 0x69, 0x64, 0x00, 0x08, 0x63, 0x72, 0x61, 0x6d, 0x6d, 0x69, 0x6e,
  0x67, 0x00, 0x00, 0x08, 0x00, 0x04, 0x6e, 0x61, 0x6d, 0x65, 0x00, 0x17,
  0x6d, 0x69, 0x6e, 0x65, 0x63, 0x72, 0x61, 0x66, 0x74, 0x3a, 0x64, 0x72,
  0x61, 0x67, 0x6f, 0x6e, 0x5f, 0x62, 0x72, 0x65, 0x61, 0x74, 0x68, 0x03,
  0x00, 0x02, 0x69, 0x64, 0x00, 0x00, 0x00, 0x04, 0x0a, 0x00, 0x07, 0x65,
  0x6c, 0x65, 0x6d, 0x65, 0x6e, 0x74, 0x08, 0x00, 0x07, 0x73, 0x63, 0x61,
  0x6c, 0x69, 0x6e, 0x67, 0x00, 0x20, 0x77, 0x68, 0x65, 0x6e, 0x5f, 0x63,
  0x61, 0x75, 0x73, 0x65, 0x64, 0x5f, 0x62, 0x79, 0x5f, 0x6c, 0x69, 0x76,
  0x69, 0x6e, 0x67, 0x5f, 0x6e, 0x6f, 0x6e, 0x5f, 0x70, 0x6c, 0x61, 0x79,
  0x65, 0x72, 0x05, 0x00, 0x0a, 0x65, 0x78, 0x68, 0x61, 0x75, 0x73, 0x74,
  0x69, 0x6f, 0x6e, 0x00, 0x00, 0x00, 0x00, 0x08, 0x00, 0x0a, 0x6d, 0x65,
  0x73, 0x73, 0x61, 0x67, 0x65, 0x5f, 0x69, 0x64, 0x00, 0x0c, 0x64, 0x72,
  0x61, 0x67, 0x6f, 0x6e, 0x42, 0x72, 0x65, 0x61, 0x74, 0x68, 0x00, 0x00,
  0x08, 0x00, 0x04, 0x6e, 0x61, 0x6d, 0x65, 0x00, 0x0f, 0x6d, 0x69, 0x6e,
  0x65, 0x63, 0x72, 0x61, 0x66, 0x74, 0x3a, 0x64, 0x72, 0x6f, 0x77, 0x6e,
  0x03, 0x00, 0x02, 0x69, 0x64, 0x00, 0x00, 0x00, 0x05, 0x0a, 0x00, 0x07,
  0x65, 0x6c, 0x65, 0x6d, 0x65, 0x6e, 0x74, 0x08, 0x00, 0x07, 0x65, 0x66,
  0x66, 0x65, 0x63, 0x74, 0x73, 0x00, 0x08, 0x64, 0x72, 0x6f, 0x77, 0x6e,
  0x69, 0x6e, 0x67, 0x08, 0x00, 0x07, 0x73, 0x63, 0x61, 0x6c, 0x69, 0x6e,
  0x67, 0x00, 0x20, 0x77, 0x68, 0x65, 0x6e, 0x5f, 0x63, 0x61, 0x75, 0x73,
  0x65, 0x64, 0x5f, 0x62, 0x79, 0x5f, 0x6c, 0x69, 0x76, 0x69, 0x6e, 0x67,
  0x5f, 0x6e, 0x6f, 0x6e, 0x5f, 0x70, 0x6c, 0x61, 0x79, 0x65, 0x72, 0x05,
  0x00, 0x0a, 0x65, 0x78, 0x68, 0x61, 0x75, 0x73, 0x74, 0x69, 0x6f, 0x6e,
  0x00, 0x00, 0x00, 0x00, 0x08, 0x00, 0x0a, 0x6d, 0x65, 0x73, 0x73, 0x61,
  0x67, 0x65, 0x5f, 0x69, 0x64, 0x00, 0x05, 0x64, 0x72, 0x6f, 0x77, 0x6e,
  0x00, 0x00, 0x08, 0x00, 0x04, 0x6e, 0x61, 0x6d, 0x65, 0x00, 0x11, 0x6d,
  0x69, 0x6e, 0x65, 0x63, 0x72, 0x61, 0x66, 0x74, 0x3a, 0x64, 0x72, 0x79,
  0x5f, 0x6f, 0x75, 0x74, 0x03, 0x00, 0x02, 0x69, 0x64, 0x00, 0x00, 0x00,
  0x06, 0x0a, 0x00, 0x07, 0x65, 0x6c, 0x65, 0x6d, 0x65, 0x6e, 0x74, 0x08,
  0x00, 0x07, 0x73, 0x63, 0x61, 0x6c, 0x69, 0x6e, 0x67, 0x00, 0x20, 0x77,
  0x68, 0x65, 0x6e, 0x5f, 0x63, 0x61, 0x75, 0x73, 0x65, 0x64, 0x5f, 0x62,
  0x79, 0x5f, 0x6c, 0x69, 0x76, 0x69, 0x6e, 0x67, 0x5f, 0x6e, 0x6f, 0x6e,
  0x5f, 0x70, 0x6c, 0x61, 0x79, 0x65, 0x72, 0x05, 0x00, 0x0a, 0x65, 0x78,
  0x68, 0x61, 0x75, 0x73, 0x74, 0x69, 0x6f, 0x6e, 0x3d, 0xcc, 0xcc, 0xcd,
  0x08, 0x00, 0x0a, 0x6d, 0x65, 0x73, 0x73, 0x61, 0x67, 0x65, 0x5f, 0x69,
  0x64, 0x00, 0x06, 0x64, 0x72, 0x79, 0x6f, 0x75, 0x74, 0x00, 0x00, 0x08,
  0x00, 0x04, 0x6e, 0x61, 0x6d, 0x65, 0x00, 0x13, 0x6d, 0x69, 0x6e, 0x65,
  0x63, 0x72, 0x61, 0x66, 0x74, 0x3a, 0x65, 0x78, 0x70, 0x6c, 0x6f, 0x73,
  0x69, 0x6f, 0x6e, 0x03, 0x00, 0x02, 0x69, 0x64, 0x00, 0x00, 0x00, 0x07,
  0x0a, 0x00, 0x07, 0x65, 0x6c, 0x65, 0x6d, 0x65, 0x6e, 0x74, 0x08, 0x00,
  0x07, 0x73, 0x63, 0x61, 0x6c, 0x69, 0x6e, 0x67, 0x00, 0x06, 0x61, 0x6c,
  0x77, 0x61, 0x79, 0x73, 0x05, 0x00, 0x0a, 0x65, 0x78, 0x68, 0x61, 0x75,
  0x73, 0x74, 0x69, 0x6f, 0x6e, 0x3d, 0xcc, 0xcc, 0xcd, 0x08, 0x00, 0x0a,
  0x6d, 0x65, 0x73, 0x73, 0x61, 0x67, 0x65, 0x5f, 0x69, 0x64, 0x00, 0x09,
  0x65, 0x78, 0x70, 0x6c, 0x6f, 0x73, 0x69, 0x6f, 0x6e, 0x00, 0x00, 0x08,
  0x00, 0x04, 0x6e, 0x61, 0x6d, 0x65, 0x00, 0x0e, 0x6d, 0x69, 0x6e, 0x65,
  0x63, 0x72, 0x61, 0x66, 0x74, 0x3a, 0x66, 0x61, 0x6c, 0x6c, 0x03, 0x00,
  0x02, 0x69, 0x64, 0x00, 0x00, 0x00, 0x08, 0x0a, 0x00, 0x07, 0x65, 0x6c,
  0x65, 0x6d, 0x65, 0x6e, 0x74, 0x08, 0x00, 0x07, 0x73, 0x63, 0x61, 0x6c,
  0x69, 0x6e, 0x67, 0x00, 0x20, 0x77, 0x68, 0x65, 0x6e, 0x5f, 0x63, 0x61,
  0x75, 0x73, 0x65, 0x64, 0x5f, 0x62, 0x79, 0x5f, 0x6c, 0x69, 0x76, 0x69,
  0x6e, 0x67, 0x5f, 0x6e, 0x6f, 0x6e, 0x5f, 0x70, 0x6c, 0x61, 0x79, 0x65,
  0x72, 0x05, 0x00, 0x0a, 0x65, 0x78, 0x68, 0x61, 0x75, 0x73, 0x74, 0x69,
  0x6f, 0x6e, 0x00, 0x00, 0x00, 0x00, 0x08, 0x00, 0x0a, 0x6d, 0x65, 0x73,
  0x73, 0x61, 0x67, 0x65, 0x5f, 0x69, 0x64, 0x00, 0x04, 0x66, 0x61, 0x6c,
  0x6c, 0x08, 0x00, 0x12, 0x64, 0x65, 0x61, 0x74, 0x68, 0x5f, 0x6d, 0x65,
  0x73, 0x73, 0x61, 0x67, 0x65, 0x5f, 0x74, 0x79, 0x70, 0x65, 0x00, 0x0d,
  0x66, 0x61, 0x6c, 0x6c, 0x5f, 0x76, 0x61, 0x72, 0x69, 0x61, 0x6e, 0x74,
  0x73, 0x00, 0x00, 0x08, 0x00, 0x04, 0x6e, 0x61, 0x6d, 0x65, 0x00, 0x17,
  0x6d, 0x69, 0x6e, 0x65, 0x63, 0x72, 0x61, 0x66, 0x74, 0x3a, 0x66, 0x61,
  0x6c, 0x6c, 0x69, 0x6e, 0x67, 0x5f, 0x61, 0x6e, 0x76, 0x69, 0x6c, 0x03,
  0x00, 0x02, 0x69, 0x64, 0x00, 0x00, 0x00, 0x09, 0x0a, 0x00, 0x07, 0x65,
  0x6c, 0x65, 0x6d, 0x65, 0x6e, 0x74, 0x08, 0x00, 0x07, 0x73, 0x63, 0x61,
  0x6c, 0x69, 0x6e, 0x67, 0x00, 0x20, 0x77, 0x68, 0x65, 0x6e, 0x5f, 0x63,
  0x61, 0x75, 0x73, 0x65, 0x64, 0x5f, 0x62, 0x79, 0x5f, 0x6c, 0x69, 0x76,
  0x69, 0x6e, 0x67, 0x5f, 0x6e, 0x6f, 0x6e, 0x5f, 0x70, 0x6c, 0x61, 0x79,
  0x65, 0x72, 0x05, 0x00, 0x0a, 0x65, 0x78, 0x68, 0x61, 0x75, 0x73, 0x74,
  0x69, 0x6f, 0x6e, 0x3d, 0xcc, 0xcc, 0xcd, 0x08, 0x00, 0x0a, 0x6d, 0x65,
  0x73, 0x73, 0x61, 0x67, 0x65, 0x5f, 0x69, 0x64, 0x00, 0x05, 0x61, 0x6e,
  0x76, 0x69, 0x6c, 0x00, 0x00, 0x08, 0x00, 0x04, 0x6e, 0x61, 0x6d, 0x65,
  0x00, 0x17, 0x6d, 0x69, 0x6e, 0x65, 0x63, 0x72, 0x61, 0x66, 0x74, 0x3a,
  0x66, 0x61, 0x6c, 0x6c, 0x69, 0x6e, 0x67, 0x5f, 0x62, 0x6c, 0x6f, 0x63,
  0x6b, 0x03, 0x00, 0x02, 0x69, 0x64, 0x00, 0x00, 0x00, 0x0a, 0x0a, 0x00,
  0x07, 0x65, 0x6c, 0x65, 0x6d, 0x65, 0x6e, 0x74, 0x08, 0x00, 0x07, 0x73,
  0x63, 0x61, 0x6c, 0x69, 0x6e, 0x67, 0x00, 0x20, 0x77, 0x68, 0x65, 0x6e,
  0x5f, 0x63, 0x61, 0x75, 0x73, 0x65, 0x64, 0x5f, 0x62, 0x79, 0x5f, 0x6c,
  0x69, 0x76, 0x69, 0x6e, 0x67, 0x5f, 0x6e, 0x6f, 0x6e, 0x5f, 0x70, 0x6c,
  0x61, 0x79, 0x65, 0x72, 0x05, 0x00, 0x0a, 0x65, 0x78, 0x68, 0x61, 0x75,
  0x73, 0x74, 0x69, 0x6f, 0x6e, 0x3d, 0xcc, 0xcc, 0xcd, 0x08, 0x00, 0x0a,
  0x6d, 0x65, 0x73, 0x73, 0x61, 0x67, 0x65, 0x5f, 0x69, 0x64, 0x00, 0x0c,
  0x66, 0x61, 0x6c, 0x6c, 0x69, 0x6e, 0x67, 0x42, 0x6c, 0x6f, 0x63, 0x6b,
  0x00, 0x00, 0x08, 0x00, 0x04, 0x6e, 0x61, 0x6d, 0x65, 0x00, 0x1c, 0x6d,
  0x69, 0x6e, 0x65, 0x63, 0x72, 0x61, 0x66, 0x74, 0x3a, 0x66, 0x61, 0x6c,
  0x6c, 0x69, 0x6e, 0x67, 0x5f, 0x73, 0x74, 0x61, 0x6c, 0x61, 0x63, 0x74,
  0x69, 0x74, 0x65, 0x03, 0x00, 0x02, 0x69, 0x64, 0x00, 0x00, 0x00, 0x0b,
  0x0a, 0x00, 0x07, 0x65, 0x6c, 0x65, 0x6d, 0x65, 0x6e, 0x74, 0x08, 0x00,
  0x07, 0x73, 0x63, 0x61, 0x6c, 0x69, 0x6e, 0x67, 0x00, 0x20, 0x77, 0x68,
  0x65, 0x6e, 0x5f, 0x63, 0x61, 0x75, 0x73, 0x65, 0x64, 0x5f, 0x62, 0x79,
  0x5f, 0x6c, 0x69, 0x76, 0x69, 0x6e, 0x67, 0x5f, 0x6e, 0x6f, 0x6e, 0x5f,
  0x70, 0x6c, 0x61, 0x79, 0x65, 0x72, 0x05, 0x00, 0x0a, 0x65, 0x78, 0x68,
  0x61, 0x75, 0x73, 0x74, 0x69, 0x6f, 0x6e, 0x3d, 0xcc, 0xcc, 0xcd, 0x08,
  0x00, 0x0a, 0x6d, 0x65, 0x73, 0x73, 0x61, 0x67, 0x65, 0x5f, 0x69, 0x64,
  0x00, 0x11, 0x66, 0x61, 0x6c, 0x6c, 0x69, 0x6e, 0x67, 0x53, 0x74, 0x61,
  0x6c, 0x61, 0x63, 0x74, 0x69, 0x74, 0x65, 0x00, 0x00, 0x08, 0x00, 0x04,
  0x6e, 0x61, 0x6d, 0x65, 0x00, 0x12, 0x6d, 0x69, 0x6e, 0x65, 0x63, 0x72,
  0x61, 0x66, 0x74, 0x3a, 0x66, 0x69, 0x72, 0x65, 0x62, 0x61, 0x6c, 0x6c,
  0x03, 0x00, 0x02, 0x69, 0x64, 0x00, 0x00, 0x00, 0x0c, 0x0a, 0x00, 0x07,
  0x65, 0x6c, 0x65, 0x6d, 0x65, 0x6e, 0x74, 0x08, 0x00, 0x07, 0x65, 0x66,
  0x66, 0x65, 0x63, 0x74, 0x73, 0x00, 0x07, 0x62, 0x75, 0x72, 0x6e, 0x69,
  0x6e, 0x67, 0x08, 0x00, 0x07, 0x73, 0x63, 0x61, 0x6c, 0x69, 0x6e, 0x67,
  0x00, 0x20, 0x77, 0x68, 0x65, 0x6e, 0x5f, 0x63, 0x61, 0x75, 0x73, 0x65,
  0x64, 0x5f, 0x62, 0x79, 0x5f, 0x6c, 0x69, 0x76, 0x69, 0x6e, 0x67, 0x5f,
  0x6e, 0x6f, 0x6e, 0x5f, 0x70, 0x6c, 0x61, 0x79, 0x65, 0x72, 0x05, 0x00,
  0x0a, 0x65, 0x78, 0x68, 0x61, 0x75, 0x73, 0x74, 0x69, 0x6f, 0x6e, 0x3d,
  0xcc, 0xcc, 0xcd, 0x08, 0x00, 0x0a, 0x6d, 0x65, 0x73, 0x73, 0x61, 0x67,
  0x65, 0x5f, 0x69, 0x64, 0x00, 0x08, 0x66, 0x69, 0x72, 0x65, 0x62, 0x61,
  0x6c, 0x6c, 0x00, 0x00, 0x08, 0x00, 0x04, 0x6e, 0x61, 0x6d, 0x65, 0x00,
  0x13, 0x6d, 0x69, 0x6e, 0x65, 0x63, 0x72, 0x61, 0x66, 0x74, 0x3a, 0x66,
  0x69, 0x72, 0x65, 0x77, 0x6f, 0x72, 0x6b, 0x73, 0x03, 0x00, 0x02, 0x69,
  0x64, 0x00, 0x00, 0x00, 0x0d, 0x0a, 0x00, 0x07, 0x65, 0x6c, 0x65, 0x6d,
  0x65, 0x6e, 0x74, 0x08, 0x00, 0x07, 0x73, 0x63, 0x61, 0x6c, 0x69, 0x6e,
  0x67, 0x00, 0x20, 0x77, 0x68, 0x65, 0x6e, 0x5f, 0x63, 0x61, 0x75, 0x73,
  0x65, 0x64, 0x5f, 0x62, 0x79, 0x5f, 0x6c, 0x69, 0x76, 0x69, 0x6e, 0x67,
  0x5f, 0x6e, 0x6f, 0x6e, 0x5f, 0x70, 0x6c, 0x61, 0x79, 0x65, 0x72, 0x05,
  0x00, 0x0a, 0x65, 0x78, 0x68, 0x61, 0x75, 0x73, 0x74, 0x69, 0x6f, 0x6e,
  0x3d, 0xcc, 0xcc, 0xcd, 0x08, 0x00, 0x0a, 0x6d, 0x65, 0x73, 0x73, 0x61,
  0x67, 0x65, 0x5f, 0x69, 0x64, 0x00, 0x09, 0x66, 0x69, 0x72, 0x65, 0x77,
  0x6f, 0x72, 0x6b, 0x73, 0x00, 0x00, 0x08, 0x00, 0x04, 0x6e, 0x61, 0x6d,
  0x65, 0x00, 0x17, 0x6d, 0x69, 0x6e, 0x65, 0x63, 0x72, 0x61, 0x66, 0x74,
  0x3a, 0x66, 0x6c, 0x79, 0x5f, 0x69, 0x6e, 0x74, 0x6f, 0x5f, 0x77, 0x61,
  0x6c, 0x6c, 0x03, 0x00, 0x02, 0x69, 0x64, 0x00, 0x00, 0x00, 0x0e, 0x0a,
  0x00, 0x07, 0x65, 0x6c, 0x65, 0x6d, 0x65, 0x6e, 0x74, 0x08, 0x00, 0x07,
  0x73, 0x63, 0x61, 0x6c, 0x69, 0x6e, 0x67, 0x00, 0x20, 0x77, 0x68, 0x65,
  0x6e, 0x5f, 0x63, 0x61, 0x75, 0x73, 0x65, 0x64, 0x5f, 0x62, 0x79, 0x5f,
  0x6c, 0x69, 0x76, 0x69, 0x6e, 0x67, 0x5f, 0x6e, 0x6f, 0x6e, 0x5f, 0x70,
  0x6c, 0x61, 0x79, 0x65, 0x72, 0x05, 0x00, 0x0a, 0x65, 0x78, 0x68, 0x61,
  0x75, 0x73, 0x74, 0x69, 0x6f, 0x6e, 0x00, 0x00, 0x00, 0x00, 0x08, 0x00,
  0x0a, 0x6d, 0x65, 0x73, 0x73, 0x61, 0x67, 0x65, 0x5f, 0x69, 0x64, 0x00,
  0x0b, 0x66, 0x6c, 0x79, 0x49, 0x6e, 0x74, 0x6f, 0x57, 0x61, 0x6c, 0x6c,
  0x00, 0x00, 0x08, 0x00, 0x04, 0x6e, 0x61, 0x6d, 0x65, 0x00, 0x10, 0x6d,
  0x69, 0x6e, 0x65, 0x63, 0x72, 0x61, 0x66, 0x74, 0x3a, 0x66, 0x72, 0x65,
  0x65, 0x7a, 0x65, 0x03, 0x00, 0x02, 0x69, 0x64, 0x00, 0x00, 0x00, 0x0f,
  0x0a, 0x00, 0x07, 0x65, 0x6c, 0x65, 0x6d, 0x65, 0x6e, 0x74, 0x08, 0x00,
  0x07, 0x65, 0x66, 0x66, 0x65, 0x63, 0x74, 0x73, 0x00, 0x08, 0x66, 0x72,
  0x65, 0x65, 0x7a, 0x69, 0x6e, 0x67, 0x08, 0x00, 0x07, 0x73, 0x63, 0x61,
  0x6c, 0x69, 0x6e, 0x67, 0x00, 0x20, 0x77, 0x68, 0x65, 0x6e, 0x5f, 0x63,
  0x61, 0x75, 0x73, 0x65, 0x64, 0x5f, 0x62, 0x79, 0x5f, 0x6c, 0x69, 0x76,
  0x69, 0x6e, 0x67, 0x5f, 0x6e, 0x6f, 0x6e, 0x5f, 0x70, 0x6c, 0x61, 0x79,
  0x65, 0x72, 0x05, 0x00, 0x0a, 0x65, 0x78, 0x68, 0x61, 0x75, 0x73, 0x74,
  0x69, 0x6f, 0x6e, 0x00, 0x00, 0x00, 0x00, 0x08, 0x00, 0x0a, 0x6d, 0x65,
  0x73, 0x73, 0x61, 0x67, 0x65, 0x5f, 0x69, 0x64, 0x00, 0x06, 0x66, 0x72,
  0x65, 0x65, 0x7a, 0x65, 0x00, 0x00, 0x08, 0x00, 0x04, 0x6e, 0x61, 0x6d,
  0x65, 0x00, 0x11, 0x6d, 0x69, 0x6e, 0x65, 0x63, 0x72, 0x61, 0x66, 0x74,
  0x3a, 0x67, 0x65, 0x6e, 0x65, 0x72, 0x69, 0x63, 0x03, 0x00, 0x02, 0x69,
  0x64, 0x00, 0x00, 0x00, 0x10, 0x0a, 0x00, 0x07, 0x65, 0x6c, 0x65, 0x6d,
  0x65, 0x6e, 0x74, 0x08, 0x00, 0x07, 0x73, 0x63, 0x61, 0x6c, 0x69, 0x6e,
  0x67, 0x00, 0x20, 0x77, 0x68, 0x65, 0x6e, 0x5f, 0x63, 0x61, 0x75, 0x73,
  0x65, 0x64, 0x5f, 0x62, 0x79, 0x5f, 0x6c, 0x69, 0x76, 0x69, 0x6e, 0x67,
  0x5f, 0x6e, 0x6f, 0x6e, 0x5f, 0x70, 0x6c, 0x61, 0x79, 0x65, 0x72, 0x05,
  0x00, 0x0a, 0x65, 0x78, 0x68, 0x61, 0x75, 0x73, 0x74, 0x69, 0x6f, 0x6e,
  0x00, 0x00, 0x00, 0x00, 0x08, 0x00, 0x0a, 0x6d, 0x65, 0x73, 0x73, 0x61,
  0x67, 0x65, 0x5f, 0x69, 0x64, 0x00, 0x07, 0x67, 0x65, 0x6e, 0x65, 0x72,
  0x69, 0x63, 0x00, 0x00, 0x08, 0x00, 0x04, 0x6e, 0x61, 0x6d, 0x65, 0x00,
  0x16, 0x6d, 0x69, 0x6e, 0x65, 0x63, 0x72, 0x61, 0x66, 0x74, 0x3a, 0x67,
  0x65, 0x6e, 0x65, 0x72, 0x69, 0x63, 0x5f, 0x6b, 0x69, 0x6c, 0x6c, 0x03,
  0x00, 0x02, 0x69, 0x64, 0x00, 0x00, 0x00, 0x11, 0x0a, 0x00, 0x07, 0x65,
  0x6c, 0x65, 0x6d, 0x65, 0x6e, 0x74, 0x08, 0x00, 0x07, 0x73, 0x63, 0x61,
  0x6c, 0x69, 0x6e, 0x67, 0x00, 0x20, 0x77, 0x68, 0x65, 0x6e, 0x5f, 0x63,
  0x61, 0x75, 0x73, 0x65, 0x64, 0x5f, 0x62, 0x79, 0x5f, 0x6c, 0x69, 0x76,
  0x69, 0x6e, 0x67, 0x5f, 0x6e, 0x6f, 0x6e, 0x5f, 0x70, 0x6c, 0x61, 0x79,
  0x65, 0x72, 0x05, 0x00, 0x0a, 0x65, 0x78, 0x68, 0x61, 0x75, 0x73, 0x74,
  0x69, 0x6f, 0x6e, 0x00, 0x00, 0x00, 0x00, 0x08, 0x00, 0x0a, 0x6d, 0x65,
  0x73, 0x73, 0x61, 0x67, 0x65, 0x5f, 0x69, 0x64, 0x00, 0x0b, 0x67, 0x65,
  0x6e, 0x65, 0x72, 0x69, 0x63, 0x4b, 0x69, 0x6c, 0x6c, 0x00, 0x00, 0x08,
  0x00, 0x04, 0x6e, 0x61, 0x6d, 0x65, 0x00, 0x13, 0x6d, 0x69, 0x6e, 0x65,
  0x63, 0x72, 0x61, 0x66, 0x74, 0x3a, 0x68, 0x6f, 0x74, 0x5f, 0x66, 0x6c,
  0x6f, 0x6f, 0x72, 0x03, 0x00, 0x02, 0x69, 0x64, 0x00, 0x00, 0x00, 0x12,
  0x0a, 0x00, 0x07, 0x65, 0x6c, 0x65, 0x6d, 0x65, 0x6e, 0x74, 0x08, 0x00,
  0x07, 0x65, 0x66, 0x66, 0x65, 0x63, 0x74, 0x73, 0x00, 0x07, 0x62, 0x75,
  0x72, 0x6e, 0x69, 0x6e, 0x67, 0x08, 0x00, 0x07, 0x73, 0x63, 0x61, 0x6c,
  0x69, 0x6e, 0x67, 0x00, 0x20, 0x77, 0x68, 0x65, 0x6e, 0x5f, 0x63, 0x61,
  0x75, 0x73, 0x65, 0x64, 0x5f, 0x62, 0x79, 0x5f, 0x6c, 0x69, 0x76, 0x69,
  0x6e, 0x67, 0x5f, 0x6e, 0x6f, 0x6e, 0x5f, 0x70, 0x6c, 0x61, 0x79, 0x65,
  0x72, 0x05, 0x00, 0x0a, 0x65, 0x78, 0x68, 0x61, 0x75, 0x73, 0x74, 0x69,
  0x6f, 0x6e, 0x3d, 0xcc, 0xcc, 0xcd, 0x08, 0x00, 0x0a, 0x6d, 0x65, 0x73,
  0x73, 0x61, 0x67, 0x65, 0x5f, 0x69, 0x64, 0x00, 0x08, 0x68, 0x6f, 0x74,
  0x46, 0x6c, 0x6f, 0x6f, 0x72, 0x00, 0x00, 0x08, 0x00, 0x04, 0x6e, 0x61,
  0x6d, 0x65, 0x00, 0x11, 0x6d, 0x69, 0x6e, 0x65, 0x63, 0x72, 0x61, 0x66,
  0x74, 0x3a, 0x69, 0x6e, 0x5f, 0x66, 0x69, 0x72, 0x65, 0x03, 0x00, 0x02,
  0x69, 0x64, 0x00, 0x00, 0x00, 0x13, 0x0a, 0x00, 0x07, 0x65, 0x6c, 0x65,
  0x6d, 0x65, 0x6e, 0x74, 0x08, 0x00, 0x07, 0x65, 0x66, 0x66, 0x65, 0x63,
  0x74, 0x73, 0x00, 0x07, 0x62, 0x75, 0x72, 0x6e, 0x69, 0x6e, 0x67, 0x08,
  0x00, 0x07, 0x73, 0x63, 0x61, 0x6c, 0x69, 0x6e, 0x67, 0x00, 0x20, 0x77,
  0x68, 0x65, 0x6e, 0x5f, 0x63, 0x61, 0x75, 0x73, 0x65, 0x64, 0x5f, 0x62,
  0x79, 0x5f, 0x6c, 0x69, 0x76, 0x69, 0x6e, 0x67, 0x5f, 0x6e, 0x6f, 0x6e,
  0x5f, 0x70, 0x6c, 0x61, 0x79, 0x65, 0x72, 0x05, 0x00, 0x0a, 0x65, 0x78,
  0x68, 0x61, 0x75, 0x73, 0x74, 0x69, 0x6f, 0x6e, 0x3d, 0xcc, 0xcc, 0xcd,
  0x08, 0x00, 0x0a, 0x6d, 0x65, 0x73, 0x73, 0x61, 0x67, 0x65, 0x5f, 0x69,
  0x64, 0x00, 0x06, 0x69, 0x6e, 0x46, 0x69, 0x72, 0x65, 0x00, 0x00, 0x08,
  0x00, 0x04, 0x6e, 0x61, 0x6d, 0x65, 0x00, 0x11, 0x6d, 0x69, 0x6e, 0x65,
  0x63, 0x72, 0x61, 0x66, 0x74, 0x3a, 0x69, 0x6e, 0x5f, 0x77, 0x61, 0x6c,
  0x6c, 0x03, 0x00, 0x02, 0x69, 0x64, 0x00, 0x00, 0x00, 0x14, 0x0a, 0x00,
  0x07, 0x65, 0x6c, 0x65, 0x6d, 0x65, 0x6e, 0x74, 0x08, 0x00, 0x07, 0x73,
  0x63, 0x61, 0x6c, 0x69, 0x6e, 0x67, 0x00, 0x20, 0x77, 0x68, 0x65, 0x6e,
  0x5f, 0x63, 0x61, 0x75, 0x73, 0x65, 0x64, 0x5f, 0x62, 0x79, 0x5f, 0x6c,
  0x69, 0x76, 0x69, 0x6e, 0x67, 0x5f, 0x6e, 0x6f, 0x6e, 0x5f, 0x70, 0x6c,
  0x61, 0x79, 0x65, 0x72, 0x05, 0x00, 0x0a, 0x65, 0x78, 0x68, 0x61, 0x75,
  0x73, 0x74, 0x69, 0x6f, 0x6e, 0x00, 0x00, 0x00, 0x00, 0x08, 0x00, 0x0a,
  0x6d, 0x65, 0x73, 0x73, 0x61, 0x67, 0x65, 0x5f, 0x69, 0x64, 0x00, 0x06,
  0x69, 0x6e, 0x57, 0x61, 0x6c, 0x6c, 0x00, 0x00, 0x08, 0x00, 0x04, 0x6e,
  0x61, 0x6d, 0x65, 0x00, 0x18, 0x6d, 0x69, 0x6e, 0x65, 0x63, 0x72, 0x61,
  0x66, 0x74, 0x3a, 0x69, 0x6e, 0x64, 0x69, 0x72, 0x65, 0x63, 0x74, 0x5f,
  0x6d, 0x61, 0x67, 0x69, 0x63, 0x03, 0x00, 0x02, 0x69, 0x64, 0x00, 0x00,
  0x00, 0x15, 0x0a, 0x00, 0x07, 0x65, 0x6c, 0x65, 0x6d, 0x65, 0x6e, 0x74,
  0x08, 0x00, 0x07, 0x73, 0x63, 0x61, 0x6c, 0x69, 0x6e, 0x67, 0x00, 0x20,
  0x77, 0x68, 0x65, 0x6e, 0x5f, 0x63, 0x61, 0x75, 0x73, 0x65, 0x64, 0x5f,
  0x62, 0x79, 0x5f, 0x6c, 0x69, 0x76, 0x69, 0x6e, 0x67, 0x5f, 0x6e, 0x6f,
  0x6e, 0x5f, 0x70, 0x6c, 0x61, 0x79, 0x65, 0x72, 0x05, 0x00, 0x0a, 0x65,
  0x78, 0x68, 0x61, 0x75, 0x73, 0x74, 0x69, 0x6f, 0x6e, 0x00, 0x00, 0x00,
  0x00, 0x08, 0x00, 0x0a, 0x6d, 0x65, 0x73, 0x73, 0x61, 0x67, 0x65, 0x5f,
  0x69, 0x64, 0x00, 0x0d, 0x69, 0x6e, 0x64, 0x69, 0x72, 0x65, 0x63, 0x74,
  0x4d, 0x61, 0x67, 0x69, 0x63, 0x00, 0x00, 0x08, 0x00, 0x04, 0x6e, 0x61,
  0x6d, 0x65, 0x00, 0x0e, 0x6d, 0x69, 0x6e, 0x65, 0x63, 0x72, 0x61, 0x66,
  0x74, 0x3a, 0x6c, 0x61, 0x76, 0x61, 0x03, 0x00, 0x02, 0x69, 0x64, 0x00,
  0x00, 0x00, 0x16, 0x0a, 0x00, 0x07, 0x65, 0x6c, 0x65, 0x6d, 0x65, 0x6e,
  0x74, 0x08, 0x00, 0x07, 0x65, 0x66, 0x66, 0x65, 0x63, 0x74, 0x73, 0x00,
  0x07, 0x62, 0x75, 0x72, 0x6e, 0x69, 0x6e, 0x67, 0x08, 0x00, 0x07, 0x73,
  0x63, 0x61, 0x6c, 0x69, 0x6e, 0x67, 0x00, 0x20, 0x77, 0x68, 0x65, 0x6e,
  0x5f, 0x63, 0x61, 0x75, 0x73, 0x65, 0x64, 0x5f, 0x62, 0x79, 0x5f, 0x6c,
  0x69, 0x76, 0x69, 0x6e, 0x67, 0x5f, 0x6e, 0x6f, 0x6e, 0x5f, 0x70, 0x6c,
  0x61, 0x79, 0x65, 0x72, 0x05, 0x00, 0x0a, 0x65, 0x78, 0x68, 0x61, 0x75,
  0x73, 0x74, 0x69, 0x6f, 0x6e, 0x3d, 0xcc, 0xcc, 0xcd, 0x08, 0x00, 0x0a,
  0x6d, 0x65, 0x73, 0x73, 0x61, 0x67, 0x65, 0x5f, 0x69, 0x64, 0x00, 0x04,
  0x6c, 0x61, 0x76, 0x61, 0x00, 0x00, 0x08, 0x00, 0x04, 0x6e, 0x61, 0x6d,
  0x65, 0x00, 0x18, 0x6d, 0x69, 0x6e, 0x65, 0x63, 0x72, 0x61, 0x66, 0x74,
  0x3a, 0x6c, 0x69, 0x67, 0x68, 0x74, 0x6e, 0x69, 0x6e, 0x67, 0x5f, 0x62,
  0x6f, 0x6c, 0x74, 0x03, 0x00, 0x02, 0x69, 0x64, 0x00, 0x00, 0x00, 0x17,
  0x0a, 0x00, 0x07, 0x65, 0x6c, 0x65, 0x6d, 0x65, 0x6e, 0x74, 0x08, 0x00,
  0x07, 0x73, 0x63, 0x61, 0x6c, 0x69, 0x6e, 0x67, 0x00, 0x20, 0x77, 0x68,
  0x65, 0x6e, 0x5f, 0x63, 0x61, 0x75, 0x73, 0x65, 0x64, 0x5f, 0x62, 0x79,
  0x5f, 0x6c, 0x69, 0x76, 0x69, 0x6e, 0x67, 0x5f, 0x6e, 0x6f, 0x6e, 0x5f,
  0x70, 0x6c, 0x61, 0x79, 0x65, 0x72, 0x05, 0x00, 0x0a, 0x65, 0x78, 0x68,
  0x61, 0x75, 0x73, 0x74, 0x69, 0x6f, 0x6e, 0x3d, 0xcc, 0xcc, 0xcd, 0x08,
  0x00, 0x0a, 0x6d, 0x65, 0x73, 0x73, 0x61, 0x67, 0x65, 0x5f, 0x69, 0x64,
  0x00, 0x0d, 0x6c, 0x69, 0x67, 0x68, 0x74, 0x6e, 0x69, 0x6e, 0x67, 0x42,
  0x6f, 0x6c, 0x74, 0x00, 0x00, 0x08, 0x00, 0x04, 0x6e, 0x61, 0x6d, 0x65,
  0x00, 0x0f, 0x6d, 0x69, 0x6e, 0x65, 0x63, 0x72, 0x61, 0x66, 0x74, 0x3a,
  0x6d, 0x61, 0x67, 0x69, 0x63, 0x03, 0x00, 0x02, 0x69, 0x64, 0x00, 0x00,
  0x00, 0x18, 0x0a, 0x00, 0x07, 0x65, 0x6c, 0x65, 0x6d, 0x65, 0x6e, 0x74,
  0x08, 0x00, 0x07, 0x73, 0x63, 0x61, 0x6c, 0x69, 0x6e, 0x67, 0x00, 0x20,
  0x77, 0x68, 0x65, 0x6e, 0x5f, 0x63, 0x61, 0x75, 0x73, 0x65, 0x64, 0x5f,
  0x62, 0x79, 0x5f, 0x6c, 0x69, 0x76, 0x69, 0x6e, 0x67, 0x5f, 0x6e, 0x6f,
  0x6e, 0x5f, 0x70, 0x6c, 0x61, 0x79, 0x65, 0x72, 0x05, 0x00, 0x0a, 0x65,
  0x78, 0x68, 0x61, 0x75, 0x73, 0x74, 0x69, 0x6f, 0x6e, 0x00, 0x00, 0x00,
  0x00, 0x08, 0x00, 0x0a, 0x6d, 0x65, 0x73, 0x73, 0x61, 0x67, 0x65, 0x5f,
  0x69, 0x64, 0x00, 0x05, 0x6d, 0x61, 0x67, 0x69, 0x63, 0x00, 0x00, 0x08,
  0x00, 0x04, 0x6e, 0x61, 0x6d, 0x65, 0x00, 0x14, 0x6d, 0x69, 0x6e, 0x65,
  0x63, 0x72, 0x61, 0x66, 0x74, 0x3a, 0x6d, 0x6f, 0x62, 0x5f, 0x61, 0x74,
  0x74, 0x61, 0x63, 0x6b, 0x03, 0x00, 0x02, 0x69, 0x64, 0x00, 0x00, 0x00,
  0x19, 0x0a, 0x00, 0x07, 0x65, 0x6c, 0x65, 0x6d, 0x65, 0x6e, 0x74, 0x08,
  0x00, 0x07, 0x73, 0x63, 0x61, 0x6c, 0x69, 0x6e, 0x67, 0x00, 0x20, 0x77,
  0x68, 0x65, 0x6e, 0x5f, 0x63, 0x61, 0x75, 0x73, 0x65, 0x64, 0x5f, 0x62,
  0x79, 0x5f, 0x6c, 0x69, 0x76, 0x69, 0x6e, 0x67, 0x5f, 0x6e, 0x6f, 0x6e,
  0x5f, 0x70, 0x6c, 0x61, 0x79, 0x65, 0x72, 0x05, 0x00, 0x0a, 0x65, 0x78,
  0x68, 0x61, 0x75, 0x73, 0x74, 0x69, 0x6f, 0x6e, 0x3d, 0xcc, 0xcc, 0xcd,
  0x08, 0x00, 0x0a, 0x6d, 0x65, 0x73, 0x73, 0x61, 0x67, 0x65, 0x5f, 0x69,
  0x64, 0x00, 0x03, 0x6d, 0x6f, 0x62, 0x00, 0x00, 0x08, 0x00, 0x04, 0x6e,
  0x61, 0x6d, 0x65, 0x00, 0x1d, 0x6d, 0x69, 0x6e, 0x65, 0x63, 0x72, 0x61,
  0x66, 0x74, 0x3a, 0x6d, 0x6f, 0x62, 0x5f, 0x61, 0x74, 0x74, 0x61, 0x63,
  0x6b, 0x5f, 0x6e, 0x6f, 0x5f, 0x61, 0x67, 0x67, 0x72, 0x6f, 0x03, 0x00,
  0x02, 0x69, 0x64, 0x00, 0x00, 0x00, 0x1a, 0x0a, 0x00, 0x07, 0x65, 0x6c,
  0x65, 0x6d, 0x65, 0x6e, 0x74, 0x08, 0x00, 0x07, 0x73, 0x63, 0x61, 0x6c,
  0x69, 0x6e, 0x67, 0x00, 0x20, 0x77, 0x68, 0x65, 0x6e, 0x5f, 0x63, 0x61,
  0x75, 0x73, 0x65, 0x64, 0x5f, 0x62, 0x79, 0x5f, 0x6c, 0x69, 0x76, 0x69,
  0x6e, 0x67, 0x5f, 0x6e, 0x6f, 0x6e, 0x5f, 0x70, 0x6c, 0x61, 0x79, 0x65,
  0x72, 0x05, 0x00, 0x0a, 0x65, 0x78, 0x68, 0x61, 0x75, 0x73, 0x74, 0x69,
  0x6f, 0x6e, 0x3d, 0xcc, 0xcc, 0xcd, 0x08, 0x00, 0x0a, 0x6d, 0x65, 0x73,
  0x73, 0x61, 0x67, 0x65, 0x5f, 0x69, 0x64, 0x00, 0x03, 0x6d, 0x6f, 0x62,
  0x00, 0x00, 0x08, 0x00, 0x04, 0x6e, 0x61, 0x6d, 0x65, 0x00, 0x18, 0x6d,
  0x69, 0x6e, 0x65, 0x63, 0x72, 0x61, 0x66, 0x74, 0x3a, 0x6d, 0x6f, 0x62,
  0x5f, 0x70, 0x72, 0x6f, 0x6a, 0x65, 0x63, 0x74, 0x69, 0x6c, 0x65, 0x03,
  0x00, 0x02, 0x69, 0x64, 0x00, 0x00, 0x00, 0x1b, 0x0a, 0x00, 0x07, 0x65,
  0x6c, 0x65, 0x6d, 0x65, 0x6e, 0x74, 0x08, 0x00, 0x07, 0x73, 0x63, 0x61,
  0x6c, 0x69, 0x6e, 0x67, 0x00, 0x20, 0x77, 0x68, 0x65, 0x6e, 0x5f, 0x63,
  0x61, 0x75, 0x73, 0x65, 0x64, 0x5f, 0x62, 0x79, 0x5f, 0x6c, 0x69, 0x76,
  0x69, 0x6e, 0x67, 0x5f, 0x6e, 0x6f, 0x6e, 0x5f, 0x70, 0x6c, 0x61, 0x79,
  0x65, 0x72, 0x05, 0x00, 0x0a, 0x65, 0x78, 0x68, 0x61, 0x75, 0x73, 0x74,
  0x69, 0x6f, 0x6e, 0x3d, 0xcc, 0xcc, 0xcd, 0x08, 0x00, 0x0a, 0x6d, 0x65,
  0x73, 0x73, 0x61, 0x67, 0x65, 0x5f, 0x69, 0x64, 0x00, 0x03, 0x6d, 0x6f,
  0x62, 0x00, 0x00, 0x08, 0x00, 0x04, 0x6e, 0x61, 0x6d, 0x65, 0x00, 0x11,
  0x6d, 0x69, 0x6e, 0x65, 0x63, 0x72, 0x61, 0x66, 0x74, 0x3a, 0x6f, 0x6e,
  0x5f, 0x66, 0x69, 0x72, 0x65, 0x03, 0x00, 0x02, 0x69, 0x64, 0x00, 0x00,
  0x00, 0x1c, 0x0a, 0x00, 0x07, 0x65, 0x6c, 0x65, 0x6d, 0x65, 0x6e, 0x74,
  0x08, 0x00, 0x07, 0x65, 0x66, 0x66, 0x65, 0x63, 0x74, 0x73, 0x00, 0x07,
  0x62, 0x75, 0x72, 0x6e, 0x69, 0x6e, 0x67, 0x08, 0x00, 0x07, 0x73, 0x63,
  0x61, 0x6c, 0x69, 0x6e, 0x67, 0x00, 0x20, 0x77, 0x68, 0x65, 0x6e, 0x5f,
  0x63, 0x61, 0x75, 0x73, 0x65, 0x64, 0x5f, 0x62, 0x79, 0x5f, 0x6c, 0x69,
  0x76, 0x69, 0x6e, 0x67, 0x5f, 0x6e, 0x6f, 0x6e, 0x5f, 0x70, 0x6c, 0x61,
  0x79, 0x65, 0x72, 0x05, 0x00, 0x0a, 0x65, 0x78, 0x68, 0x61, 0x75, 0x73,
  0x74, 0x69, 0x6f, 0x6e, 0x00, 0x00, 0x00, 0x00, 0x08, 0x00, 0x0a, 0x6d,
  0x65, 0x73, 0x73, 0x61, 0x67, 0x65, 0x5f, 0x69, 0x64, 0x00, 0x06, 0x6f,
  0x6e, 0x46, 0x69, 0x72, 0x65, 0x00, 0x00, 0x08, 0x00, 0x04, 0x6e, 0x61,
  0x6d, 0x65, 0x00, 0x16, 0x6d, 0x69, 0x6e, 0x65, 0x63, 0x72, 0x61, 0x66,
  0x74, 0x3a, 0x6f, 0x75, 0x74, 0x5f, 0x6f, 0x66, 0x5f, 0x77, 0x6f, 0x72,
  0x6c, 0x64, 0x03, 0x00, 0x02, 0x69, 0x64, 0x00, 0x00, 0x00, 0x1d, 0x0a,
  0x00, 0x07, 0x65, 0x6c, 0x65, 0x6d, 0x65, 0x6e, 0x74, 0x08, 0x00, 0x07,
  0x73, 0x63, 0x61, 0x6c, 0x69, 0x6e, 0x67, 0x00, 0x20, 0x77, 0x68, 0x65,
  0x6e, 0x5f, 0x63, 0x61, 0x75, 0x73, 0x65, 0x64, 0x5f, 0x62, 0x79, 0x5f,
  0x6c, 0x69, 0x76, 0x69, 0x6e, 0x67, 0x5f, 0x6e, 0x6f, 0x6e, 0x5f, 0x70,
  0x6c, 0x61, 0x79, 0x65, 0x72, 0x05, 0x00, 0x0a, 0x65, 0x78, 0x68, 0x61,
  0x75, 0x73, 0x74, 0x69, 0x6f, 0x6e, 0x00, 0x00, 0x00, 0x00, 0x08, 0x00,
  0x0a, 0x6d, 0x65, 0x73, 0x73, 0x61, 0x67, 0x65, 0x5f, 0x69, 0x64, 0x00,
  0x0a, 0x6f, 0x75, 0x74, 0x4f, 0x66, 0x57, 0x6f, 0x72, 0x6c, 0x64, 0x00,
  0x00, 0x08, 0x00, 0x04, 0x6e, 0x61, 0x6d, 0x65, 0x00, 0x18, 0x6d, 0x69,
  0x6e, 0x65, 0x63, 0x72, 0x61, 0x66, 0x74, 0x3a, 0x6f, 0x75, 0x74, 0x73,
  0x69, 0x64, 0x65, 0x5f, 0x62, 0x6f, 0x72, 0x64, 0x65, 0x72, 0x03, 0x00,
  0x02, 0x69, 0x64, 0x00, 0x00, 0x00, 0x1e, 0x0a, 0x00, 0x07, 0x65, 0x6c,
  0x65, 0x6d, 0x65, 0x6e, 0x74, 0x08, 0x00, 0x07, 0x73, 0x63, 0x61, 0x6c,
  0x69, 0x6e, 0x67, 0x00, 0x20, 0x77, 0x68, 0x65, 0x6e, 0x5f, 0x63, 0x61,
  0x75, 0x73, 0x65, 0x64, 0x5f, 0x62, 0x79, 0x5f, 0x6c, 0x69, 0x76, 0x69,
  0x6e, 0x67, 0x5f, 0x6e, 0x6f, 0x6e, 0x5f, 0x70, 0x6c, 0x61, 0x79, 0x65,
  0x72, 0x05, 0x00, 0x0a, 0x65, 0x78, 0x68, 0x61, 0x75, 0x73, 0x74, 0x69,
  0x6f, 0x6e, 0x00, 0x00, 0x00, 0x00, 0x08, 0x00, 0x0a, 0x6d, 0x65, 0x73,
  0x73, 0x61, 0x67, 0x65, 0x5f, 0x69, 0x64, 0x00, 0x0d, 0x6f, 0x75, 0x74,
  0x73, 0x69, 0x64, 0x65, 0x42, 0x6f, 0x72, 0x64, 0x65, 0x72, 0x00, 0x00,
  0x08, 0x00, 0x04, 0x6e, 0x61, 0x6d, 0x65, 0x00, 0x17, 0x6d, 0x69, 0x6e,
  0x65, 0x63, 0x72, 0x61, 0x66, 0x74, 0x3a, 0x70, 0x6c, 0x61, 0x79, 0x65,
  0x72, 0x5f, 0x61, 0x74, 0x74, 0x61, 0x63, 0x6b, 0x03, 0x00, 0x02, 0x69,
  0x64, 0x00, 0x00, 0x00, 0x1f, 0x0a, 0x00, 0x07, 0x65, 0x6c, 0x65, 0x6d,
  0x65, 0x6e, 0x74, 0x08, 0x00, 0x07, 0x73, 0x63, 0x61, 0x6c, 0x69, 0x6e,
  0x67, 0x00, 0x20, 0x77, 0x68, 0x65, 0x6e, 0x5f, 0x63, 0x61, 0x75, 0x73,
  0x65, 0x64, 0x5f, 0x62, 0x79, 0x5f, 0x6c, 0x69, 0x76, 0x69, 0x6e, 0x67,
  0x5f, 0x6e, 0x6f, 0x6e, 0x5f, 0x70, 0x6c, 0x61, 0x79, 0x65, 0x72, 0x05,
  0x00, 0x0a, 0x65, 0x78, 0x68, 0x61, 0x75, 0x73, 0x74, 0x69, 0x6f, 0x6e,
  0x3d, 0xcc, 0xcc, 0xcd, 0x08, 0x00, 0x0a, 0x6d, 0x65, 0x73, 0x73, 0x61,
  0x67, 0x65, 0x5f, 0x69, 0x64, 0x00, 0x06, 0x70, 0x6c, 0x61, 0x79, 0x65,
  0x72, 0x00, 0x00, 0x08, 0x00, 0x04, 0x6e, 0x61, 0x6d, 0x65, 0x00, 0x1a,
  0x6d, 0x69, 0x6e, 0x65, 0x63, 0x72, 0x61, 0x66, 0x74, 0x3a, 0x70, 0x6c,
  0x61, 0x79, 0x65, 0x72, 0x5f, 0x65, 0x78, 0x70, 0x6c, 0x6f, 0x73, 0x69,
  0x6f, 0x6e, 0x03, 0x00, 0x02, 0x69, 0x64, 0x00, 0x00, 0x00, 0x20, 0x0a,
  0x00, 0x07, 0x65, 0x6c, 0x65, 0x6d, 0x65, 0x6e, 0x74, 0x08, 0x00, 0x07,
  0x73, 0x63, 0x61, 0x6c, 0x69, 0x6e, 0x67, 0x00, 0x06, 0x61, 0x6c, 0x77,
  0x61, 0x79, 0x73, 0x05, 0x00, 0x0a, 0x65, 0x78, 0x68, 0x61, 0x75, 0x73,
  0x74, 0x69, 0x6f, 0x6e, 0x3d, 0xcc, 0xcc, 0xcd, 0x08, 0x00, 0x0a, 0x6d,
  0x65, 0x73, 0x73, 0x61, 0x67, 0x65, 0x5f, 0x69, 0x64, 0x00, 0x10, 0x65,
  0x78, 0x70, 0x6c, 0x6f, 0x73, 0x69, 0x6f, 0x6e, 0x2e, 0x70, 0x6c, 0x61,
  0x79, 0x65, 0x72, 0x00, 0x00, 0x08, 0x00, 0x04, 0x6e, 0x61, 0x6d, 0x65,
  0x00, 0x14, 0x6d, 0x69, 0x6e, 0x65, 0x63, 0x72, 0x61, 0x66, 0x74, 0x3a,
  0x73, 0x6f, 0x6e, 0x69, 0x63, 0x5f, 0x62, 0x6f, 0x6f, 0x6d, 0x03, 0x00,
  0x02, 0x69, 0x64, 0x00, 0x00, 0x00, 0x21, 0x0a, 0x00, 0x07, 0x65, 0x6c,
  0x65, 0x6d, 0x65, 0x6e, 0x74, 0x08, 0x00, 0x07, 0x73, 0x63, 0x61, 0x6c,
  0x69, 0x6e, 0x67, 0x00, 0x06, 0x61, 0x6c, 0x77, 0x61, 0x79, 0x73, 0x05,
  0x00, 0x0a, 0x65, 0x78, 0x68, 0x61, 0x75, 0x73, 0x74, 0x69, 0x6f, 0x6e,
  0x00, 0x00, 0x00, 0x00, 0x08, 0x00, 0x0a, 0x6d, 0x65, 0x73, 0x73, 0x61,
  0x67, 0x65, 0x5f, 0x69, 0x64, 0x00, 0x0a, 0x73, 0x6f, 0x6e, 0x69, 0x63,
  0x5f, 0x62, 0x6f, 0x6f, 0x6d, 0x00, 0x00, 0x08, 0x00, 0x04, 0x6e, 0x61,
  0x6d, 0x65, 0x00, 0x14, 0x6d, 0x69, 0x6e, 0x65, 0x63, 0x72, 0x61, 0x66,
  0x74, 0x3a, 0x73, 0x74, 0x61, 0x6c, 0x61, 0x67, 0x6d, 0x69, 0x74, 0x65,
  0x03, 0x00, 0x02, 0x69, 0x64, 0x00, 0x00, 0x00, 0x22, 0x0a, 0x00, 0x07,
  0x65, 0x6c, 0x65, 0x6d, 0x65, 0x6e, 0x74, 0x08, 0x00, 0x07, 0x73, 0x63,
  0x61, 0x6c, 0x69, 0x6e, 0x67, 0x00, 0x20, 0x77, 0x68, 0x65, 0x6e, 0x5f,
  0x63, 0x61, 0x75, 0x73, 0x65, 0x64, 0x5f, 0x62, 0x79, 0x5f, 0x6c, 0x69,
  0x76, 0x69, 0x6e, 0x67, 0x5f, 0x6e, 0x6f, 0x6e, 0x5f, 0x70, 0x6c, 0x61,
  0x79, 0x65, 0x72, 0x05, 0x00, 0x0a, 0x65, 0x78, 0x68, 0x61, 0x75, 0x73,
  0x74, 0x69, 0x6f, 0x6e, 0x00, 0x00, 0x00, 0x00, 0x08, 0x00, 0x0a, 0x6d,
  0x65, 0x73, 0x73, 0x61, 0x67, 0x65, 0x5f, 0x69, 0x64, 0x00, 0x0a, 0x73,
  0x74, 0x61, 0x6c, 0x61, 0x67, 0x6d, 0x69, 0x74, 0x65, 0x00, 0x00, 0x08,
  0x00, 0x04, 0x6e, 0x61, 0x6d, 0x65, 0x00, 0x10, 0x6d, 0x69, 0x6e, 0x65,
  0x63, 0x72, 0x61, 0x66, 0x74, 0x3a, 0x73, 0x74, 0x61, 0x72, 0x76, 0x65,
  0x03, 0x00, 0x02, 0x69, 0x64, 0x00, 0x00, 0x00, 0x23, 0x0a, 0x00, 0x07,
  0x65, 0x6c, 0x65, 0x6d, 0x65, 0x6e, 0x74, 0x08, 0x00, 0x07, 0x73, 0x63,
  0x61, 0x6c, 0x69, 0x6e, 0x67, 0x00, 0x20, 0x77, 0x68, 0x65, 0x6e, 0x5f,
  0x63, 0x61, 0x75, 0x73, 0x65, 0x64, 0x5f, 0x62, 0x79, 0x5f, 0x6c, 0x69,
  0x76, 0x69, 0x6e, 0x67, 0x5f, 0x6e, 0x6f, 0x6e, 0x5f, 0x70, 0x6c, 0x61,
  0x79, 0x65, 0x72, 0x05, 0x00, 0x0a, 0x65, 0x78, 0x68, 0x61, 0x75, 0x73,
  0x74, 0x69, 0x6f, 0x6e, 0x00, 0x00, 0x00, 0x00, 0x08, 0x00, 0x0a, 0x6d,
  0x65, 0x73, 0x73, 0x61, 0x67, 0x65, 0x5f, 0x69, 0x64, 0x00, 0x06, 0x73,
  0x74, 0x61, 0x72, 0x76, 0x65, 0x00, 0x00, 0x08, 0x00, 0x04, 0x6e, 0x61,
  0x6d, 0x65, 0x00, 0x0f, 0x6d, 0x69, 0x6e, 0x65, 0x63, 0x72, 0x61, 0x66,
  0x74, 0x3a, 0x73, 0x74, 0x69, 0x6e, 0x67, 0x03, 0x00, 0x02, 0x69, 0x64,
  0x00, 0x00, 0x00, 0x24, 0x0a, 0x00, 0x07, 0x65, 0x6c, 0x65, 0x6d, 0x65,
  0x6e, 0x74, 0x08, 0x00, 0x07, 0x73, 0x63, 0x61, 0x6c, 0x69, 0x6e, 0x67,
  0x00, 0x20, 0x77, 0x68, 0x65, 0x6e, 0x5f, 0x63, 0x61, 0x75, 0x73, 0x65,
  0x64, 0x5f, 0x62, 0x79, 0x5f, 0x6c, 0x69, 0x76, 0x69, 0x6e, 0x67, 0x5f,
  0x6e, 0x6f, 0x6e, 0x5f, 0x70, 0x6c, 0x61, 0x79, 0x65, 0x72, 0x05, 0x00,
  0x0a, 0x65, 0x78, 0x68, 0x61, 0x75, 0x73, 0x74, 0x69, 0x6f, 0x6e, 0x3d,
  0xcc, 0xcc, 0xcd, 0x08, 0x00, 0x0a, 0x6d, 0x65, 0x73, 0x73, 0x61, 0x67,
  0x65, 0x5f, 0x69, 0x64, 0x00, 0x05, 0x73, 0x74, 0x69, 0x6e, 0x67, 0x00,
  0x00, 0x08, 0x00, 0x04, 0x6e, 0x61, 0x6d, 0x65, 0x00, 0x1a, 0x6d, 0x69,
  0x6e, 0x65, 0x63, 0x72, 0x61, 0x66, 0x74, 0x3a, 0x73, 0x77, 0x65, 0x65,
  0x74, 0x5f, 0x62, 0x65, 0x72, 0x72, 0x79, 0x5f, 0x62, 0x75, 0x73, 0x68,
  0x03, 0x00, 0x02, 0x69, 0x64, 0x00, 0x00, 0x00, 0x25, 0x0a, 0x00, 0x07,
  0x65, 0x6c, 0x65, 0x6d, 0x65, 0x6e, 0x74, 0x08, 0x00, 0x07, 0x65, 0x66,
  0x66, 0x65, 0x63, 0x74, 0x73, 0x00, 0x06, 0x70, 0x6f, 0x6b, 0x69, 0x6e,
  0x67, 0x08, 0x00, 0x07, 0x73, 0x63, 0x61, 0x6c, 0x69, 0x6e, 0x67, 0x00,
  0x20, 0x77, 0x68, 0x65, 0x6e, 0x5f, 0x63, 0x61, 0x75, 0x73, 0x65, 0x64,
  0x5f, 0x62, 0x79, 0x5f, 0x6c, 0x69, 0x76, 0x69, 0x6e, 0x67, 0x5f, 0x6e,
  0x6f, 0x6e, 0x5f, 0x70, 0x6c, 0x61, 0x79, 0x65, 0x72, 0x05, 0x00, 0x0a,
  0x65, 0x78, 0x68, 0x61, 0x75, 0x73, 0x74, 0x69, 0x6f, 0x6e, 0x3d, 0xcc,
  0xcc, 0xcd, 0x08, 0x00, 0x0a, 0x6d, 0x65, 0x73, 0x73, 0x61, 0x67, 0x65,
  0x5f, 0x69, 0x64, 0x00, 0x0e, 0x73, 0x77, 0x65, 0x65, 0x74, 0x42, 0x65,
  0x72, 0x72, 0x79, 0x42, 0x75, 0x73, 0x68, 0x00, 0x00, 0x08, 0x00, 0x04,
  0x6e, 0x61, 0x6d, 0x65, 0x00, 0x10, 0x6d, 0x69, 0x6e, 0x65, 0x63, 0x72,
  0x61, 0x66, 0x74, 0x3a, 0x74, 0x68, 0x6f, 0x72, 0x6e, 0x73, 0x03, 0x00,
  0x02, 0x69, 0x64, 0x00, 0x00, 0x00, 0x26, 0x0a, 0x00, 0x07, 0x65, 0x6c,
  0x65, 0x6d, 0x65, 0x6e, 0x74, 0x08, 0x00, 0x07, 0x65, 0x66, 0x66, 0x65,
  0x63, 0x74, 0x73, 0x00, 0x06, 0x74, 0x68, 0x6f, 0x72, 0x6e, 0x73, 0x08,
  0x00, 0x07, 0x73, 0x63, 0x61, 0x6c, 0x69, 0x6e, 0x67, 0x00, 0x20, 0x77,
  0x68, 0x65, 0x6e, 0x5f, 0x63, 0x61, 0x75, 0x73, 0x65, 0x64, 0x5f, 0x62,
  0x79, 0x5f, 0x6c, 0x69, 0x76, 0x69, 0x6e, 0x67, 0x5f, 0x6e, 0x6f, 0x6e,
  0x5f, 0x70, 0x6c, 0x61, 0x79, 0x65, 0x72, 0x05, 0x00, 0x0a, 0x65, 0x78,
  0x68, 0x61, 0x75, 0x73, 0x74, 0x69, 0x6f, 0x6e, 0x3d, 0xcc, 0xcc, 0xcd,
  0x08, 0x00, 0x0a, 0x6d, 0x65, 0x73, 0x73, 0x61, 0x67, 0x65, 0x5f, 0x69,
  0x64, 0x00, 0x06, 0x74, 0x68, 0x6f, 0x72, 0x6e, 0x73, 0x00, 0x00, 0x08,
  0x00, 0x04, 0x6e, 0x61, 0x6d, 0x65, 0x00, 0x10, 0x6d, 0x69, 0x6e, 0x65,
  0x63, 0x72, 0x61, 0x66, 0x74, 0x3a, 0x74, 0x68, 0x72, 0x6f, 0x77, 0x6e,
  0x03, 0x00, 0x02, 0x69, 0x64, 0x00, 0x00, 0x00, 0x27, 0x0a, 0x00, 0x07,
  0x65, 0x6c, 0x65, 0x6d, 0x65, 0x6e, 0x74, 0x08, 0x00, 0x07, 0x73, 0x63,
  0x61, 0x6c, 0x69, 0x6e, 0x67, 0x00, 0x20, 0x77, 0x68, 0x65, 0x6e, 0x5f,
  0x63, 0x61, 0x75, 0x73, 0x65, 0x64, 0x5f, 0x62, 0x79, 0x5f, 0x6c, 0x69,
  0x76, 0x69, 0x6e, 0x67, 0x5f, 0x6e, 0x6f, 0x6e, 0x5f, 0x70, 0x6c, 0x61,
  0x79, 0x65, 0x72, 0x05, 0x00, 0x0a, 0x65, 0x78, 0x68, 0x61, 0x75, 0x73,
  0x74, 0x69, 0x6f, 0x6e, 0x3d, 0xcc, 0xcc, 0xcd, 0x08, 0x00, 0x0a, 0x6d,
  0x65, 0x73, 0x73, 0x61, 0x67, 0x65, 0x5f, 0x69, 0x64, 0x00, 0x06, 0x74,
  0x68, 0x72, 0x6f, 0x77, 0x6e, 0x00, 0x00, 0x08, 0x00, 0x04, 0x6e, 0x61,
  0x6d, 0x65, 0x00, 0x11, 0x6d, 0x69, 0x6e, 0x65, 0x63, 0x72, 0x61, 0x66,
  0x74, 0x3a, 0x74, 0x72, 0x69, 0x64, 0x65, 0x6e, 0x74, 0x03, 0x00, 0x02,
  0x69, 0x64, 0x00, 0x00, 0x00, 0x28, 0x0a, 0x00, 0x07, 0x65, 0x6c, 0x65,
  0x6d, 0x65, 0x6e, 0x74, 0x08, 0x00, 0x07, 0x73, 0x63, 0x61, 0x6c, 0x69,
  0x6e, 0x67, 0x00, 0x20, 0x77, 0x68, 0x65, 0x6e, 0x5f, 0x63, 0x61, 0x75,
  0x73, 0x65, 0x64, 0x5f, 0x62, 0x79, 0x5f, 0x6c, 0x69, 0x76, 0x69, 0x6e,
  0x67, 0x5f, 0x6e, 0x6f, 0x6e, 0x5f, 0x70, 0x6c, 0x61, 0x79, 0x65, 0x72,
  0x05, 0x00, 0x0a, 0x65, 0x78, 0x68, 0x61, 0x75, 0x73, 0x74, 0x69, 0x6f,
  0x6e, 0x3d, 0xcc, 0xcc, 0xcd, 0x08, 0x00, 0x0a, 0x6d, 0x65, 0x73, 0x73,
  0x61, 0x67, 0x65, 0x5f, 0x69, 0x64, 0x00, 0x07, 0x74, 0x72, 0x69, 0x64,
  0x65, 0x6e, 0x74, 0x00, 0x00, 0x08, 0x00, 0x04, 0x6e, 0x61, 0x6d, 0x65,
  0x00, 0x1f, 0x6d, 0x69, 0x6e, 0x65, 0x63, 0x72, 0x61, 0x66, 0x74, 0x3a,
  0x75, 0x6e, 0x61, 0x74, 0x74, 0x72, 0x69, 0x62, 0x75, 0x74, 0x65, 0x64,
  0x5f, 0x66, 0x69, 0x72, 0x65, 0x62, 0x61, 0x6c, 0x6c, 0x03, 0x00, 0x02,
  0x69, 0x64, 0x00, 0x00, 0x00, 0x29, 0x0a, 0x00, 0x07, 0x65, 0x6c, 0x65,
  0x6d, 0x65, 0x6e, 0x74, 0x08, 0x00, 0x07, 0x65, 0x66, 0x66, 0x65, 0x63,
  0x74, 0x73, 0x00, 0x07, 0x62, 0x75, 0x72, 0x6e, 0x69, 0x6e, 0x67, 0x08,
  0x00, 0x07, 0x73, 0x63, 0x61, 0x6c, 0x69, 0x6e, 0x67, 0x00, 0x20, 0x77,
  0x68, 0x65, 0x6e, 0x5f, 0x63, 0x61, 0x75, 0x73, 0x65, 0x64, 0x5f, 0x62,
  0x79, 0x5f, 0x6c, 0x69, 0x76, 0x69, 0x6e, 0x67, 0x5f, 0x6e, 0x6f, 0x6e,
  0x5f, 0x70, 0x6c, 0x61, 0x79, 0x65, 0x72, 0x05, 0x00, 0x0a, 0x65, 0x78,
  0x68, 0x61, 0x75, 0x73, 0x74, 0x69, 0x6f, 0x6e, 0x3d, 0xcc, 0xcc, 0xcd,
  0x08, 0x00, 0x0a, 0x6d, 0x65, 0x73, 0x73, 0x61, 0x67, 0x65, 0x5f, 0x69,
  0x64, 0x00, 0x06, 0x6f, 0x6e, 0x46, 0x69, 0x72, 0x65, 0x00, 0x00, 0x08,
  0x00, 0x04, 0x6e, 0x61, 0x6d, 0x65, 0x00, 0x10, 0x6d, 0x69, 0x6e, 0x65,
  0x63, 0x72, 0x61, 0x66, 0x74, 0x3a, 0x77, 0x69, 0x74, 0x68, 0x65, 0x72,
  0x03, 0x00, 0x02, 0x69, 0x64, 0x00, 0x00, 0x00, 0x2a, 0x0a, 0x00, 0x07,
  0x65, 0x6c, 0x65, 0x6d, 0x65, 0x6e, 0x74, 0x08, 0x00, 0x07, 0x73, 0x63,
  0x61, 0x6c, 0x69, 0x6e, 0x67, 0x00, 0x20, 0x77, 0x68, 0x65, 0x6e, 0x5f,
  0x63, 0x61, 0x75, 0x73, 0x65, 0x64, 0x5f, 0x62, 0x79, 0x5f, 0x6c, 0x69,
  0x76, 0x69, 0x6e, 0x67, 0x5f, 0x6e, 0x6f, 0x6e, 0x5f, 0x70, 0x6c, 0x61,
  0x79, 0x65, 0x72, 0x05, 0x00, 0x0a, 0x65, 0x78, 0x68, 0x61, 0x75, 0x73,
  0x74, 0x69, 0x6f, 0x6e, 0x00, 0x00, 0x00, 0x00, 0x08, 0x00, 0x0a, 0x6d,
  0x65, 0x73, 0x73, 0x61, 0x67, 0x65, 0x5f, 0x69, 0x64, 0x00, 0x06, 0x77,
  0x69, 0x74, 0x68, 0x65, 0x72, 0x00, 0x00, 0x08, 0x00, 0x04, 0x6e, 0x61,
  0x6d, 0x65, 0x00, 0x16, 0x6d, 0x69, 0x6e, 0x65, 0x63, 0x72, 0x61, 0x66,
  0x74, 0x3a, 0x77, 0x69, 0x74, 0x68, 0x65, 0x72, 0x5f, 0x73, 0x6b, 0x75,
  0x6c, 0x6c, 0x03, 0x00, 0x02, 0x69, 0x64, 0x00, 0x00, 0x00, 0x2b, 0x0a,
  0x00, 0x07, 0x65, 0x6c, 0x65, 0x6d, 0x65, 0x6e, 0x74, 0x08, 0x00, 0x07,
  0x73, 0x63, 0x61, 0x6c, 0x69, 0x6e, 0x67, 0x00, 0x20, 0x77, 0x68, 0x65,
  0x6e, 0x5f, 0x63, 0x61, 0x75, 0x73, 0x65, 0x64, 0x5f, 0x62, 0x79, 0x5f,
  0x6c, 0x69, 0x76, 0x69, 0x6e, 0x67, 0x5f, 0x6e, 0x6f, 0x6e, 0x5f, 0x70,
  0x6c, 0x61, 0x79, 0x65, 0x72, 0x05, 0x00, 0x0a, 0x65, 0x78, 0x68, 0x61,
  0x75, 0x73, 0x74, 0x69, 0x6f, 0x6e, 0x3d, 0xcc, 0xcc, 0xcd, 0x08, 0x00,
  0x0a, 0x6d, 0x65, 0x73, 0x73, 0x61, 0x67, 0x65, 0x5f, 0x69, 0x64, 0x00,
  0x0b, 0x77, 0x69, 0x74, 0x68, 0x65, 0x72, 0x53, 0x6b, 0x75, 0x6c, 0x6c,
  0x00, 0x00, 0x00, 0x00,
};
Blob c765() { return {k_c765, sizeof(k_c765)}; }

static const uint8_t k_e766_dimension_type[] = {
  0x18, 0x6d, 0x69, 0x6e, 0x65, 0x63, 0x72, 0x61, 0x66, 0x74, 0x3a, 0x64,
  0x69, 0x6d, 0x65, 0x6e, 0x73, 0x69, 0x6f, 0x6e, 0x5f, 0x74, 0x79, 0x70,
  0x65, 0x01, 0x13, 0x6d, 0x69, 0x6e, 0x65, 0x63, 0x72, 0x61, 0x66, 0x74,
  0x3a, 0x6f, 0x76, 0x65, 0x72, 0x77, 0x6f, 0x72, 0x6c, 0x64, 0x01, 0x0a,
  0x01, 0x00, 0x0b, 0x70, 0x69, 0x67, 0x6c, 0x69, 0x6e, 0x5f, 0x73, 0x61,
  0x66, 0x65, 0x00, 0x01, 0x00, 0x07, 0x6e, 0x61, 0x74, 0x75, 0x72, 0x61,
  0x6c, 0x01, 0x05, 0x00, 0x0d, 0x61, 0x6d, 0x62, 0x69, 0x65, 0x6e, 0x74,
  0x5f, 0x6c, 0x69, 0x67, 0x68, 0x74, 0x00, 0x00, 0x00, 0x00, 0x03, 0x00,
  0x1f, 0x6d, 0x6f, 0x6e, 0x73, 0x74, 0x65, 0x72, 0x5f, 0x73, 0x70, 0x61,
  0x77, 0x6e, 0x5f, 0x62, 0x6c, 0x6f, 0x63, 0x6b, 0x5f, 0x6c, 0x69, 0x67,
  0x68, 0x74, 0x5f, 0x6c, 0x69, 0x6d, 0x69, 0x74, 0x00, 0x00, 0x00, 0x00,
  0x08, 0x00, 0x0a, 0x69, 0x6e, 0x66, 0x69, 0x6e, 0x69, 0x62, 0x75, 0x72,
  0x6e, 0x00, 0x1f, 0x23, 0x6d, 0x69, 0x6e, 0x65, 0x63, 0x72, 0x61, 0x66,
  0x74, 0x3a, 0x69, 0x6e, 0x66, 0x69, 0x6e, 0x69, 0x62, 0x75, 0x72, 0x6e,
  0x5f, 0x6f, 0x76, 0x65, 0x72, 0x77, 0x6f, 0x72, 0x6c, 0x64, 0x01, 0x00,
  0x14, 0x72, 0x65, 0x73, 0x70, 0x61, 0x77, 0x6e, 0x5f, 0x61, 0x6e, 0x63,
  0x68, 0x6f, 0x72, 0x5f, 0x77, 0x6f, 0x72, 0x6b, 0x73, 0x00, 0x01, 0x00,
  0x0c, 0x68, 0x61, 0x73, 0x5f, 0x73, 0x6b, 0x79, 0x6c, 0x69, 0x67, 0x68,
  0x74, 0x01, 0x01, 0x00, 0x09, 0x62, 0x65, 0x64, 0x5f, 0x77, 0x6f, 0x72,
  0x6b, 0x73, 0x01, 0x08, 0x00, 0x07, 0x65, 0x66, 0x66, 0x65, 0x63, 0x74,
  0x73, 0x00, 0x13, 0x6d, 0x69, 0x6e, 0x65, 0x63, 0x72, 0x61, 0x66, 0x74,
  0x3a, 0x6f, 0x76, 0x65, 0x72, 0x77, 0x6f, 0x72, 0x6c, 0x64, 0x01, 0x00,
  0x09, 0x68, 0x61, 0x73, 0x5f, 0x72, 0x61, 0x69, 0x64, 0x73, 0x01, 0x03,
  0x00, 0x0e, 0x6c, 0x6f, 0x67, 0x69, 0x63, 0x61, 0x6c, 0x5f, 0x68, 0x65,
  0x69, 0x67, 0x68, 0x74, 0x00, 0x00, 0x01, 0x80, 0x06, 0x00, 0x10, 0x63,
  0x6f, 0x6f, 0x72, 0x64, 0x69, 0x6e, 0x61, 0x74, 0x65, 0x5f, 0x73, 0x63,
  0x61, 0x6c, 0x65, 0x3f, 0xf0, 0x00, 0x00, 0x00, 0x00, 0x00, 0x00, 0x0a,
  0x00, 0x19, 0x6d, 0x6f, 0x6e, 0x73, 0x74, 0x65, 0x72, 0x5f, 0x73, 0x70,
  0x61, 0x77, 0x6e, 0x5f, 0x6c, 0x69, 0x67, 0x68, 0x74, 0x5f, 0x6c, 0x65,
  0x76, 0x65, 0x6c, 0x03, 0x00, 0x0d, 0x6d, 0x69, 0x6e, 0x5f, 0x69, 0x6e,
  0x63, 0x6c, 0x75, 0x73, 0x69, 0x76, 0x65, 0x00, 0x00, 0x00, 0x00, 0x03,
  0x00, 0x0d, 0x6d, 0x61, 0x78, 0x5f, 0x69, 0x6e, 0x63, 0x6c, 0x75, 0x73,
  0x69, 0x76, 0x65, 0x00, 0x00, 0x00, 0x07, 0x08, 0x00, 0x04, 0x74, 0x79,
  0x70, 0x65, 0x00, 0x11, 0x6d, 0x69, 0x6e, 0x65, 0x63, 0x72, 0x61, 0x66,
  0x74, 0x3a, 0x75, 0x6e, 0x69, 0x66, 0x6f, 0x72, 0x6d, 0x00, 0x03, 0x00,
  0x05, 0x6d, 0x69, 0x6e, 0x5f, 0x79, 0xff, 0xff, 0xff, 0xc0, 0x01, 0x00,
  0x09, 0x75, 0x6c, 0x74, 0x72, 0x61, 0x77, 0x61, 0x72, 0x6d, 0x00, 0x01,
  0x00, 0x0b, 0x68, 0x61, 0x73, 0x5f, 0x63, 0x65, 0x69, 0x6c, 0x69, 0x6e,
  0x67, 0x00, 0x03, 0x00, 0x06, 0x68, 0x65, 0x69, 0x67, 0x68, 0x74, 0x00,
  0x00, 0x01, 0x80, 0x00,
};
Blob e766_dimension_type() { return {k_e766_dimension_type, sizeof(k_e766_dimension_type)}; }

static const uint8_t k_e766_biome[] = {
  0x18, 0x6d, 0x69, 0x6e, 0x65, 0x63, 0x72, 0x61, 0x66, 0x74, 0x3a, 0x77,
  0x6f, 0x72, 0x6c, 0x64, 0x67, 0x65, 0x6e, 0x2f, 0x62, 0x69, 0x6f, 0x6d,
  0x65, 0x01, 0x10, 0x6d, 0x69, 0x6e, 0x65, 0x63, 0x72, 0x61, 0x66, 0x74,
  0x3a, 0x70, 0x6c, 0x61, 0x69, 0x6e, 0x73, 0x01, 0x0a, 0x0a, 0x00, 0x07,
  0x65, 0x66, 0x66, 0x65, 0x63, 0x74, 0x73, 0x03, 0x00, 0x09, 0x73, 0x6b,
  0x79, 0x5f, 0x63, 0x6f, 0x6c, 0x6f, 0x72, 0x00, 0x78, 0xa7, 0xff, 0x03,
  0x00, 0x0f, 0x77, 0x61, 0x74, 0x65, 0x72, 0x5f, 0x66, 0x6f, 0x67, 0x5f,
  0x63, 0x6f, 0x6c, 0x6f, 0x72, 0x00, 0x05, 0x05, 0x33, 0x03, 0x00, 0x09,
  0x66, 0x6f, 0x67, 0x5f, 0x63, 0x6f, 0x6c, 0x6f, 0x72, 0x00, 0xc0, 0xd8,
  0xff, 0x03, 0x00, 0x0b, 0x77, 0x61, 0x74, 0x65, 0x72, 0x5f, 0x63, 0x6f,
  0x6c, 0x6f, 0x72, 0x00, 0x3f, 0x76, 0xe4, 0x0a, 0x00, 0x0a, 0x6d, 0x6f,
  0x6f, 0x64, 0x5f, 0x73, 0x6f, 0x75, 0x6e, 0x64, 0x03, 0x00, 0x0a, 0x74,
  0x69, 0x63, 0x6b, 0x5f, 0x64, 0x65, 0x6c, 0x61, 0x79, 0x00, 0x00, 0x17,
  0x70, 0x06, 0x00, 0x06, 0x6f, 0x66, 0x66, 0x73, 0x65, 0x74, 0x40, 0x00,
  0x00, 0x00, 0x00, 0x00, 0x00, 0x00, 0x08, 0x00, 0x05, 0x73, 0x6f, 0x75,
  0x6e, 0x64, 0x00, 0x16, 0x6d, 0x69, 0x6e, 0x65, 0x63, 0x72, 0x61, 0x66,
  0x74, 0x3a, 0x61, 0x6d, 0x62, 0x69, 0x65, 0x6e, 0x74, 0x2e, 0x63, 0x61,
  0x76, 0x65, 0x03, 0x00, 0x13, 0x62, 0x6c, 0x6f, 0x63, 0x6b, 0x5f, 0x73,
  0x65, 0x61, 0x72, 0x63, 0x68, 0x5f, 0x65, 0x78, 0x74, 0x65, 0x6e, 0x74,
  0x00, 0x00, 0x00, 0x08, 0x00, 0x00, 0x01, 0x00, 0x11, 0x68, 0x61, 0x73,
  0x5f, 0x70, 0x72, 0x65, 0x63, 0x69, 0x70, 0x69, 0x74, 0x61, 0x74, 0x69,
  0x6f, 0x6e, 0x01, 0x05, 0x00, 0x0b, 0x74, 0x65, 0x6d, 0x70, 0x65, 0x72,
  0x61, 0x74, 0x75, 0x72, 0x65, 0x3f, 0x4c, 0xcc, 0xcd, 0x05, 0x00, 0x08,
  0x64, 0x6f, 0x77, 0x6e, 0x66, 0x61, 0x6c, 0x6c, 0x3e, 0xcc, 0xcc, 0xcd,
  0x00,
};
Blob e766_biome() { return {k_e766_biome, sizeof(k_e766_biome)}; }

static const uint8_t k_e766_chat_type[] = {
  0x13, 0x6d, 0x69, 0x6e, 0x65, 0x63, 0x72, 0x61, 0x66, 0x74, 0x3a, 0x63,
  0x68, 0x61, 0x74, 0x5f, 0x74, 0x79, 0x70, 0x65, 0x07, 0x0e, 0x6d, 0x69,
  0x6e, 0x65, 0x63, 0x72, 0x61, 0x66, 0x74, 0x3a, 0x63, 0x68, 0x61, 0x74,
  0x01, 0x0a, 0x0a, 0x00, 0x04, 0x63, 0x68, 0x61, 0x74, 0x08, 0x00, 0x0f,
  0x74, 0x72, 0x61, 0x6e, 0x73, 0x6c, 0x61, 0x74, 0x69, 0x6f, 0x6e, 0x5f,
  0x6b, 0x65, 0x79, 0x00, 0x0e, 0x63, 0x68, 0x61, 0x74, 0x2e, 0x74, 0x79,
  0x70, 0x65, 0x2e, 0x74, 0x65, 0x78, 0x74, 0x09, 0x00, 0x0a, 0x70, 0x61,
  0x72, 0x61, 0x6d, 0x65, 0x74, 0x65, 0x72, 0x73, 0x08, 0x00, 0x00, 0x00,
  0x02, 0x00, 0x06, 0x73, 0x65, 0x6e, 0x64, 0x65, 0x72, 0x00, 0x07, 0x63,
  0x6f, 0x6e, 0x74, 0x65, 0x6e, 0x74, 0x00, 0x0a, 0x00, 0x09, 0x6e, 0x61,
  0x72, 0x72, 0x61, 0x74, 0x69, 0x6f, 0x6e, 0x08, 0x00, 0x0f, 0x74, 0x72,
  0x61, 0x6e, 0x73, 0x6c, 0x61, 0x74, 0x69, 0x6f, 0x6e, 0x5f, 0x6b, 0x65,
  0x79, 0x00, 0x16, 0x63, 0x68, 0x61, 0x74, 0x2e, 0x74, 0x79, 0x70, 0x65,
  0x2e, 0x74, 0x65, 0x78, 0x74, 0x2e, 0x6e, 0x61, 0x72, 0x72, 0x61, 0x74,
  0x65, 0x09, 0x00, 0x0a, 0x70, 0x61, 0x72, 0x61, 0x6d, 0x65, 0x74, 0x65,
  0x72, 0x73, 0x08, 0x00, 0x00, 0x00, 0x02, 0x00, 0x06, 0x73, 0x65, 0x6e,
  0x64, 0x65, 0x72, 0x00, 0x07, 0x63, 0x6f, 0x6e, 0x74, 0x65, 0x6e, 0x74,
  0x00, 0x00, 0x17, 0x6d, 0x69, 0x6e, 0x65, 0x63, 0x72, 0x61, 0x66, 0x74,
  0x3a, 0x65, 0x6d, 0x6f, 0x74, 0x65, 0x5f, 0x63, 0x6f, 0x6d, 0x6d, 0x61,
  0x6e, 0x64, 0x01, 0x0a, 0x0a, 0x00, 0x04, 0x63, 0x68, 0x61, 0x74, 0x08,
  0x00, 0x0f, 0x74, 0x72, 0x61, 0x6e, 0x73, 0x6c, 0x61, 0x74, 0x69, 0x6f,
  0x6e, 0x5f, 0x6b, 0x65, 0x79, 0x00, 0x0f, 0x63, 0x68, 0x61, 0x74, 0x2e,
  0x74, 0x79, 0x70, 0x65, 0x2e, 0x65, 0x6d, 0x6f, 0x74, 0x65, 0x09, 0x00,
  0x0a, 0x70, 0x61, 0x72, 0x61, 0x6d, 0x65, 0x74, 0x65, 0x72, 0x73, 0x08,
  0x00, 0x00, 0x00, 0x02, 0x00, 0x06, 0x73, 0x65, 0x6e, 0x64, 0x65, 0x72,
  0x00, 0x07, 0x63, 0x6f, 0x6e, 0x74, 0x65, 0x6e, 0x74, 0x00, 0x0a, 0x00,
  0x09, 0x6e, 0x61, 0x72, 0x72, 0x61, 0x74, 0x69, 0x6f, 0x6e, 0x08, 0x00,
  0x0f, 0x74, 0x72, 0x61, 0x6e, 0x73, 0x6c, 0x61, 0x74, 0x69, 0x6f, 0x6e,
  0x5f, 0x6b, 0x65, 0x79, 0x00, 0x0f, 0x63, 0x68, 0x61, 0x74, 0x2e, 0x74,
  0x79, 0x70, 0x65, 0x2e, 0x65, 0x6d, 0x6f, 0x74, 0x65, 0x09, 0x00, 0x0a,
  0x70, 0x61, 0x72, 0x61, 0x6d, 0x65, 0x74, 0x65, 0x72, 0x73, 0x08, 0x00,
  0x00, 0x00, 0x02, 0x00, 0x06, 0x73, 0x65, 0x6e, 0x64, 0x65, 0x72, 0x00,
  0x07, 0x63, 0x6f, 0x6e, 0x74, 0x65, 0x6e, 0x74, 0x00, 0x00, 0x1e, 0x6d,
  0x69, 0x6e, 0x65, 0x63, 0x72, 0x61, 0x66, 0x74, 0x3a, 0x6d, 0x73, 0x67,
  0x5f, 0x63, 0x6f, 0x6d, 0x6d, 0x61, 0x6e, 0x64, 0x5f, 0x69, 0x6e, 0x63,
  0x6f, 0x6d, 0x69, 0x6e, 0x67, 0x01, 0x0a, 0x0a, 0x00, 0x04, 0x63, 0x68,
  0x61, 0x74, 0x08, 0x00, 0x0f, 0x74, 0x72, 0x61, 0x6e, 0x73, 0x6c, 0x61,
  0x74, 0x69, 0x6f, 0x6e, 0x5f, 0x6b, 0x65, 0x79, 0x00, 0x21, 0x63, 0x6f,
  0x6d, 0x6d, 0x61, 0x6e, 0x64, 0x73, 0x2e, 0x6d, 0x65, 0x73, 0x73, 0x61,
  0x67, 0x65, 0x2e, 0x64, 0x69, 0x73, 0x70, 0x6c, 0x61, 0x79, 0x2e, 0x69,
  0x6e, 0x63, 0x6f, 0x6d, 0x69, 0x6e, 0x67, 0x0a, 0x00, 0x05, 0x73, 0x74,
  0x79, 0x6c, 0x65, 0x08, 0x00, 0x05, 0x63, 0x6f, 0x6c, 0x6f, 0x72, 0x00,
  0x04, 0x67, 0x72, 0x61, 0x79, 0x01, 0x00, 0x06, 0x69, 0x74, 0x61, 0x6c,
  0x69, 0x63, 0x01, 0x00, 0x09, 0x00, 0x0a, 0x70, 0x61, 0x72, 0x61, 0x6d,
  0x65, 0x74, 0x65, 0x72, 0x73, 0x08, 0x00, 0x00, 0x00, 0x02, 0x00, 0x06,
  0x73, 0x65, 0x6e, 0x64, 0x65, 0x72, 0x00, 0x07, 0x63, 0x6f, 0x6e, 0x74,
  0x65, 0x6e, 0x74, 0x00, 0x0a, 0x00, 0x09, 0x6e, 0x61, 0x72, 0x72, 0x61,
  0x74, 0x69, 0x6f, 0x6e, 0x08, 0x00, 0x0f, 0x74, 0x72, 0x61, 0x6e, 0x73,
  0x6c, 0x61, 0x74, 0x69, 0x6f, 0x6e, 0x5f, 0x6b, 0x65, 0x79, 0x00, 0x16,
  0x63, 0x68, 0x61, 0x74, 0x2e, 0x74, 0x79, 0x70, 0x65, 0x2e, 0x74, 0x65,
  0x78, 0x74, 0x2e, 0x6e, 0x61, 0x72, 0x72, 0x61, 0x74, 0x65, 0x09, 0x00,
  0x0a, 0x70, 0x61, 0x72, 0x61, 0x6d, 0x65, 0x74, 0x65, 0x72, 0x73, 0x08,
  0x00, 0x00, 0x00, 0x02, 0x00, 0x06, 0x73, 0x65, 0x6e, 0x64, 0x65, 0x72,
  0x00, 0x07, 0x63, 0x6f, 0x6e, 0x74, 0x65, 0x6e, 0x74, 0x00, 0x00, 0x1e,
  0x6d, 0x69, 0x6e, 0x65, 0x63, 0x72, 0x61, 0x66, 0x74, 0x3a, 0x6d, 0x73,
  0x67, 0x5f, 0x63, 0x6f, 0x6d, 0x6d, 0x61, 0x6e, 0x64, 0x5f, 0x6f, 0x75,
  0x74, 0x67, 0x6f, 0x69, 0x6e, 0x67, 0x01, 0x0a, 0x0a, 0x00, 0x04, 0x63,
  0x68, 0x61, 0x74, 0x08, 0x00, 0x0f, 0x74, 0x72, 0x61, 0x6e, 0x73, 0x6c,
  0x61, 0x74, 0x69, 0x6f, 0x6e, 0x5f, 0x6b, 0x65, 0x79, 0x00, 0x21, 0x63,
  0x6f, 0x6d, 0x6d, 0x61, 0x6e, 0x64, 0x73, 0x2e, 0x6d, 0x65, 0x73, 0x73,
  0x61, 0x67, 0x65, 0x2e, 0x64, 0x69, 0x73, 0x70, 0x6c, 0x61, 0x79, 0x2e,
  0x6f, 0x75, 0x74, 0x67, 0x6f, 0x69, 0x6e, 0x67, 0x0a, 0x00, 0x05, 0x73,
  0x74, 0x79, 0x6c, 0x65, 0x08, 0x00, 0x05, 0x63, 0x6f, 0x6c, 0x6f, 0x72,
  0x00, 0x04, 0x67, 0x72, 0x61, 0x79, 0x01, 0x00, 0x06, 0x69, 0x74, 0x61,
  0x6c, 0x69, 0x63, 0x01, 0x00, 0x09, 0x00, 0x0a, 0x70, 0x61, 0x72, 0x61,
  0x6d, 0x65, 0x74, 0x65, 0x72, 0x73, 0x08, 0x00, 0x00, 0x00, 0x02, 0x00,
  0x06, 0x74, 0x61, 0x72, 0x67, 0x65, 0x74, 0x00, 0x07, 0x63, 0x6f, 0x6e,
  0x74, 0x65, 0x6e, 0x74, 0x00, 0x0a, 0x00, 0x09, 0x6e, 0x61, 0x72, 0x72,
  0x61, 0x74, 0x69, 0x6f, 0x6e, 0x08, 0x00, 0x0f, 0x74, 0x72, 0x61, 0x6e,
  0x73, 0x6c, 0x61, 0x74, 0x69, 0x6f, 0x6e, 0x5f, 0x6b, 0x65, 0x79, 0x00,
  0x16, 0x63, 0x68, 0x61, 0x74, 0x2e, 0x74, 0x79, 0x70, 0x65, 0x2e, 0x74,
  0x65, 0x78, 0x74, 0x2e, 0x6e, 0x61, 0x72, 0x72, 0x61, 0x74, 0x65, 0x09,
  0x00, 0x0a, 0x70, 0x61, 0x72, 0x61, 0x6d, 0x65, 0x74, 0x65, 0x72, 0x73,
  0x08, 0x00, 0x00, 0x00, 0x02, 0x00, 0x06, 0x73, 0x65, 0x6e, 0x64, 0x65,
  0x72, 0x00, 0x07, 0x63, 0x6f, 0x6e, 0x74, 0x65, 0x6e, 0x74, 0x00, 0x00,
  0x15, 0x6d, 0x69, 0x6e, 0x65, 0x63, 0x72, 0x61, 0x66, 0x74, 0x3a, 0x73,
  0x61, 0x79, 0x5f, 0x63, 0x6f, 0x6d, 0x6d, 0x61, 0x6e, 0x64, 0x01, 0x0a,
  0x0a, 0x00, 0x04, 0x63, 0x68, 0x61, 0x74, 0x08, 0x00, 0x0f, 0x74, 0x72,
  0x61, 0x6e, 0x73, 0x6c, 0x61, 0x74, 0x69, 0x6f, 0x6e, 0x5f, 0x6b, 0x65,
  0x79, 0x00, 0x16, 0x63, 0x68, 0x61, 0x74, 0x2e, 0x74, 0x79, 0x70, 0x65,
  0x2e, 0x61, 0x6e, 0x6e, 0x6f, 0x75, 0x6e, 0x63, 0x65, 0x6d, 0x65, 0x6e,
  0x74, 0x09, 0x00, 0x0a, 0x70, 0x61, 0x72, 0x61, 0x6d, 0x65, 0x74, 0x65,
  0x72, 0x73, 0x08, 0x00, 0x00, 0x00, 0x02, 0x00, 0x06, 0x73, 0x65, 0x6e,
  0x64, 0x65, 0x72, 0x00, 0x07, 0x63, 0x6f, 0x6e, 0x74, 0x65, 0x6e, 0x74,
  0x00, 0x0a, 0x00, 0x09, 0x6e, 0x61, 0x72, 0x72, 0x61, 0x74, 0x69, 0x6f,
  0x6e, 0x08, 0x00, 0x0f, 0x74, 0x72, 0x61, 0x6e, 0x73, 0x6c, 0x61, 0x74,
  0x69, 0x6f, 0x6e, 0x5f, 0x6b, 0x65, 0x79, 0x00, 0x16, 0x63, 0x68, 0x61,
  0x74, 0x2e, 0x74, 0x79, 0x70, 0x65, 0x2e, 0x74, 0x65, 0x78, 0x74, 0x2e,
  0x6e, 0x61, 0x72, 0x72, 0x61, 0x74, 0x65, 0x09, 0x00, 0x0a, 0x70, 0x61,
  0x72, 0x61, 0x6d, 0x65, 0x74, 0x65, 0x72, 0x73, 0x08, 0x00, 0x00, 0x00,
  0x02, 0x00, 0x06, 0x73, 0x65, 0x6e, 0x64, 0x65, 0x72, 0x00, 0x07, 0x63,
  0x6f, 0x6e, 0x74, 0x65, 0x6e, 0x74, 0x00, 0x00, 0x23, 0x6d, 0x69, 0x6e,
  0x65, 0x63, 0x72, 0x61, 0x66, 0x74, 0x3a, 0x74, 0x65, 0x61, 0x6d, 0x5f,
  0x6d, 0x73, 0x67, 0x5f, 0x63, 0x6f, 0x6d, 0x6d, 0x61, 0x6e, 0x64, 0x5f,
  0x69, 0x6e, 0x63, 0x6f, 0x6d, 0x69, 0x6e, 0x67, 0x01, 0x0a, 0x0a, 0x00,
  0x04, 0x63, 0x68, 0x61, 0x74, 0x08, 0x00, 0x0f, 0x74, 0x72, 0x61, 0x6e,
  0x73, 0x6c, 0x61, 0x74, 0x69, 0x6f, 0x6e, 0x5f, 0x6b, 0x65, 0x79, 0x00,
  0x13, 0x63, 0x68, 0x61, 0x74, 0x2e, 0x74, 0x79, 0x70, 0x65, 0x2e, 0x74,
  0x65, 0x61, 0x6d, 0x2e, 0x74, 0x65, 0x78, 0x74, 0x09, 0x00, 0x0a, 0x70,
  0x61, 0x72, 0x61, 0x6d, 0x65, 0x74, 0x65, 0x72, 0x73, 0x08, 0x00, 0x00,
  0x00, 0x03, 0x00, 0x06, 0x74, 0x61, 0x72, 0x67, 0x65, 0x74, 0x00, 0x06,
  0x73, 0x65, 0x6e, 0x64, 0x65, 0x72, 0x00, 0x07, 0x63, 0x6f, 0x6e, 0x74,
  0x65, 0x6e, 0x74, 0x00, 0x0a, 0x00, 0x09, 0x6e, 0x61, 0x72, 0x72, 0x61,
  0x74, 0x69, 0x6f, 0x6e, 0x08, 0x00, 0x0f, 0x74, 0x72, 0x61, 0x6e, 0x73,
  0x6c, 0x61, 0x74, 0x69, 0x6f, 0x6e, 0x5f, 0x6b, 0x65, 0x79, 0x00, 0x16,
  0x63, 0x68, 0x61, 0x74, 0x2e, 0x74, 0x79, 0x70, 0x65, 0x2e, 0x74, 0x65,
  0x78, 0x74, 0x2e, 0x6e, 0x61, 0x72, 0x72, 0x61, 0x74, 0x65, 0x09, 0x00,
  0x0a, 0x70, 0x61, 0x72, 0x61, 0x6d, 0x65, 0x74, 0x65, 0x72, 0x73, 0x08,
  0x00, 0x00, 0x00, 0x02, 0x00, 0x06, 0x73, 0x65, 0x6e, 0x64, 0x65, 0x72,
  0x00, 0x07, 0x63, 0x6f, 0x6e, 0x74, 0x65, 0x6e, 0x74, 0x00, 0x00, 0x23,
  0x6d, 0x69, 0x6e, 0x65, 0x63, 0x72, 0x61, 0x66, 0x74, 0x3a, 0x74, 0x65,
  0x61, 0x6d, 0x5f, 0x6d, 0x73, 0x67, 0x5f, 0x63, 0x6f, 0x6d, 0x6d, 0x61,
  0x6e, 0x64, 0x5f, 0x6f, 0x75, 0x74, 0x67, 0x6f, 0x69, 0x6e, 0x67, 0x01,
  0x0a, 0x0a, 0x00, 0x04, 0x63, 0x68, 0x61, 0x74, 0x08, 0x00, 0x0f, 0x74,
  0x72, 0x61, 0x6e, 0x73, 0x6c, 0x61, 0x74, 0x69, 0x6f, 0x6e, 0x5f, 0x6b,
  0x65, 0x79, 0x00, 0x13, 0x63, 0x68, 0x61, 0x74, 0x2e, 0x74, 0x79, 0x70,
  0x65, 0x2e, 0x74, 0x65, 0x61, 0x6d, 0x2e, 0x73, 0x65, 0x6e, 0x74, 0x09,
  0x00, 0x0a, 0x70, 0x61, 0x72, 0x61, 0x6d, 0x65, 0x74, 0x65, 0x72, 0x73,
  0x08, 0x00, 0x00, 0x00, 0x03, 0x00, 0x06, 0x74, 0x61, 0x72, 0x67, 0x65,
  0x74, 0x00, 0x06, 0x73, 0x65, 0x6e, 0x64, 0x65, 0x72, 0x00, 0x07, 0x63,
  0x6f, 0x6e, 0x74, 0x65, 0x6e, 0x74, 0x00, 0x0a, 0x00, 0x09, 0x6e, 0x61,
  0x72, 0x72, 0x61, 0x74, 0x69, 0x6f, 0x6e, 0x08, 0x00, 0x0f, 0x74, 0x72,
  0x61, 0x6e, 0x73, 0x6c, 0x61, 0x74, 0x69, 0x6f, 0x6e, 0x5f, 0x6b, 0x65,
  0x79, 0x00, 0x16, 0x63, 0x68, 0x61, 0x74, 0x2e, 0x74, 0x79, 0x70, 0x65,
  0x2e, 0x74, 0x65, 0x78, 0x74, 0x2e, 0x6e, 0x61, 0x72, 0x72, 0x61, 0x74,
  0x65, 0x09, 0x00, 0x0a, 0x70, 0x61, 0x72, 0x61, 0x6d, 0x65, 0x74, 0x65,
  0x72, 0x73, 0x08, 0x00, 0x00, 0x00, 0x02, 0x00, 0x06, 0x73, 0x65, 0x6e,
  0x64, 0x65, 0x72, 0x00, 0x07, 0x63, 0x6f, 0x6e, 0x74, 0x65, 0x6e, 0x74,
  0x00, 0x00,
};
Blob e766_chat_type() { return {k_e766_chat_type, sizeof(k_e766_chat_type)}; }

static const uint8_t k_e766_damage_type[] = {
  0x15, 0x6d, 0x69, 0x6e, 0x65, 0x63, 0x72, 0x61, 0x66, 0x74, 0x3a, 0x64,
  0x61, 0x6d, 0x61, 0x67, 0x65, 0x5f, 0x74, 0x79, 0x70, 0x65, 0x2d, 0x0f,
  0x6d, 0x69, 0x6e, 0x65, 0x63, 0x72, 0x61, 0x66, 0x74, 0x3a, 0x61, 0x72,
  0x72, 0x6f, 0x77, 0x01, 0x0a, 0x08, 0x00, 0x07, 0x73, 0x63, 0x61, 0x6c,
  0x69, 0x6e, 0x67, 0x00, 0x20, 0x77, 0x68, 0x65, 0x6e, 0x5f, 0x63, 0x61,
  0x75, 0x73, 0x65, 0x64, 0x5f, 0x62, 0x79, 0x5f, 0x6c, 0x69, 0x76, 0x69,
  0x6e, 0x67, 0x5f, 0x6e, 0x6f, 0x6e, 0x5f, 0x70, 0x6c, 0x61, 0x79, 0x65,
  0x72, 0x05, 0x00, 0x0a, 0x65, 0x78, 0x68, 0x61, 0x75, 0x73, 0x74, 0x69,
  0x6f, 0x6e, 0x3d, 0xcc, 0xcc, 0xcd, 0x08, 0x00, 0x0a, 0x6d, 0x65, 0x73,
  0x73, 0x61, 0x67, 0x65, 0x5f, 0x69, 0x64, 0x00, 0x05, 0x61, 0x72, 0x72,
  0x6f, 0x77, 0x00, 0x1b, 0x6d, 0x69, 0x6e, 0x65, 0x63, 0x72, 0x61, 0x66,
  0x74, 0x3a, 0x62, 0x61, 0x64, 0x5f, 0x72, 0x65, 0x73, 0x70, 0x61, 0x77,
  0x6e, 0x5f, 0x70, 0x6f, 0x69, 0x6e, 0x74, 0x01, 0x0a, 0x08, 0x00, 0x07,
  0x73, 0x63, 0x61, 0x6c, 0x69, 0x6e, 0x67, 0x00, 0x06, 0x61, 0x6c, 0x77,
  0x61, 0x79, 0x73, 0x05, 0x00, 0x0a, 0x65, 0x78, 0x68, 0x61, 0x75, 0x73,
  0x74, 0x69, 0x6f, 0x6e, 0x3d, 0xcc, 0xcc, 0xcd, 0x08, 0x00, 0x0a, 0x6d,
  0x65, 0x73, 0x73, 0x61, 0x67, 0x65, 0x5f, 0x69, 0x64, 0x00, 0x0f, 0x62,
  0x61, 0x64, 0x52, 0x65, 0x73, 0x70, 0x61, 0x77, 0x6e, 0x50, 0x6f, 0x69,
  0x6e, 0x74, 0x08, 0x00, 0x12, 0x64, 0x65, 0x61, 0x74, 0x68, 0x5f, 0x6d,
  0x65, 0x73, 0x73, 0x61, 0x67, 0x65, 0x5f, 0x74, 0x79, 0x70, 0x65, 0x00,
  0x17, 0x69, 0x6e, 0x74, 0x65, 0x6e, 0x74, 0x69, 0x6f, 0x6e, 0x61, 0x6c,
  0x5f, 0x67, 0x61, 0x6d, 0x65, 0x5f, 0x64, 0x65, 0x73, 0x69, 0x67, 0x6e,
  0x00, 0x10, 0x6d, 0x69, 0x6e, 0x65, 0x63, 0x72, 0x61, 0x66, 0x74, 0x3a,
  0x63, 0x61, 0x63, 0x74, 0x75, 0x73, 0x01, 0x0a, 0x08, 0x00, 0x07, 0x73,
  0x63, 0x61, 0x6c, 0x69, 0x6e, 0x67, 0x00, 0x20, 0x77, 0x68, 0x65, 0x6e,
  0x5f, 0x63, 0x61, 0x75, 0x73, 0x65, 0x64, 0x5f, 0x62, 0x79, 0x5f, 0x6c,
  0x69, 0x76, 0x69, 0x6e, 0x67, 0x5f, 0x6e, 0x6f, 0x6e, 0x5f, 0x70, 0x6c,
  0x61, 0x79, 0x65, 0x72, 0x05, 0x00, 0x0a, 0x65, 0x78, 0x68, 0x61, 0x75,
  0x73, 0x74, 0x69, 0x6f, 0x6e, 0x3d, 0xcc, 0xcc, 0xcd, 0x08, 0x00, 0x0a,
  0x6d, 0x65, 0x73, 0x73, 0x61, 0x67, 0x65, 0x5f, 0x69, 0x64, 0x00, 0x06,
  0x63, 0x61, 0x63, 0x74, 0x75, 0x73, 0x00, 0x12, 0x6d, 0x69, 0x6e, 0x65,
  0x63, 0x72, 0x61, 0x66, 0x74, 0x3a, 0x63, 0x72, 0x61, 0x6d, 0x6d, 0x69,
  0x6e, 0x67, 0x01, 0x0a, 0x08, 0x00, 0x07, 0x73, 0x63, 0x61, 0x6c, 0x69,
  0x6e, 0x67, 0x00, 0x20, 0x77, 0x68, 0x65, 0x6e, 0x5f, 0x63, 0x61, 0x75,
  0x73, 0x65, 0x64, 0x5f, 0x62, 0x79, 0x5f, 0x6c, 0x69, 0x76, 0x69, 0x6e,
  0x67, 0x5f, 0x6e, 0x6f, 0x6e, 0x5f, 0x70, 0x6c, 0x61, 0x79, 0x65, 0x72,
  0x05, 0x00, 0x0a, 0x65, 0x78, 0x68, 0x61, 0x75, 0x73, 0x74, 0x69, 0x6f,
  0x6e, 0x00, 0x00, 0x00, 0x00, 0x08, 0x00, 0x0a, 0x6d, 0x65, 0x73, 0x73,
  0x61, 0x67, 0x65, 0x5f, 0x69, 0x64, 0x00, 0x08, 0x63, 0x72, 0x61, 0x6d,
  0x6d, 0x69, 0x6e, 0x67, 0x00, 0x17, 0x6d, 0x69, 0x6e, 0x65, 0x63, 0x72,
  0x61, 0x66, 0x74, 0x3a, 0x64, 0x72, 0x61, 0x67, 0x6f, 0x6e, 0x5f, 0x62,
  0x72, 0x65, 0x61, 0x74, 0x68, 0x01, 0x0a, 0x08, 0x00, 0x07, 0x73, 0x63,
  0x61, 0x6c, 0x69, 0x6e, 0x67, 0x00, 0x20, 0x77, 0x68, 0x65, 0x6e, 0x5f,
  0x63, 0x61, 0x75, 0x73, 0x65, 0x64, 0x5f, 0x62, 0x79, 0x5f, 0x6c, 0x69,
  0x76, 0x69, 0x6e, 0x67, 0x5f, 0x6e, 0x6f, 0x6e, 0x5f, 0x70, 0x6c, 0x61,
  0x79, 0x65, 0x72, 0x05, 0x00, 0x0a, 0x65, 0x78, 0x68, 0x61, 0x75, 0x73,
  0x74, 0x69, 0x6f, 0x6e, 0x00, 0x00, 0x00, 0x00, 0x08, 0x00, 0x0a, 0x6d,
  0x65, 0x73, 0x73, 0x61, 0x67, 0x65, 0x5f, 0x69, 0x64, 0x00, 0x0c, 0x64,
  0x72, 0x61, 0x67, 0x6f, 0x6e, 0x42, 0x72, 0x65, 0x61, 0x74, 0x68, 0x00,
  0x0f, 0x6d, 0x69, 0x6e, 0x65, 0x63, 0x72, 0x61, 0x66, 0x74, 0x3a, 0x64,
  0x72, 0x6f, 0x77, 0x6e, 0x01, 0x0a, 0x08, 0x00, 0x07, 0x65, 0x66, 0x66,
  0x65, 0x63, 0x74, 0x73, 0x00, 0x08, 0x64, 0x72, 0x6f, 0x77, 0x6e, 0x69,
  0x6e, 0x67, 0x08, 0x00, 0x07, 0x73, 0x63, 0x61, 0x6c, 0x69, 0x6e, 0x67,
  0x00, 0x20, 0x77, 0x68, 0x65, 0x6e, 0x5f, 0x63, 0x61, 0x75, 0x73, 0x65,
  0x64, 0x5f, 0x62, 0x79, 0x5f, 0x6c, 0x69, 0x76, 0x69, 0x6e, 0x67, 0x5f,
  0x6e, 0x6f, 0x6e, 0x5f, 0x70, 0x6c, 0x61, 0x79, 0x65, 0x72, 0x05, 0x00,
  0x0a, 0x65, 0x78, 0x68, 0x61, 0x75, 0x73, 0x74, 0x69, 0x6f, 0x6e, 0x00,
  0x00, 0x00, 0x00, 0x08, 0x00, 0x0a, 0x6d, 0x65, 0x73, 0x73, 0x61, 0x67,
  0x65, 0x5f, 0x69, 0x64, 0x00, 0x05, 0x64, 0x72, 0x6f, 0x77, 0x6e, 0x00,
  0x11, 0x6d, 0x69, 0x6e, 0x65, 0x63, 0x72, 0x61, 0x66, 0x74, 0x3a, 0x64,
  0x72, 0x79, 0x5f, 0x6f, 0x75, 0x74, 0x01, 0x0a, 0x08, 0x00, 0x07, 0x73,
  0x63, 0x61, 0x6c, 0x69, 0x6e, 0x67, 0x00, 0x20, 0x77, 0x68, 0x65, 0x6e,
  0x5f, 0x63, 0x61, 0x75, 0x73, 0x65, 0x64, 0x5f, 0x62, 0x79, 0x5f, 0x6c,
  0x69, 0x76, 0x69, 0x6e, 0x67, 0x5f, 0x6e, 0x6f, 0x6e, 0x5f, 0x70, 0x6c,
  0x61, 0x79, 0x65, 0x72, 0x05, 0x00, 0x0a, 0x65, 0x78, 0x68, 0x61, 0x75,
  0x73, 0x74, 0x69, 0x6f, 0x6e, 0x3d, 0xcc, 0xcc, 0xcd, 0x08, 0x00, 0x0a,
  0x6d, 0x65, 0x73, 0x73, 0x61, 0x67, 0x65, 0x5f, 0x69, 0x64, 0x00, 0x06,
  0x64, 0x72, 0x79, 0x6f, 0x75, 0x74, 0x00, 0x13, 0x6d, 0x69, 0x6e, 0x65,
  0x63, 0x72, 0x61, 0x66, 0x74, 0x3a, 0x65, 0x78, 0x70, 0x6c, 0x6f, 0x73,
  0x69, 0x6f, 0x6e, 0x01, 0x0a, 0x08, 0x00, 0x07, 0x73, 0x63, 0x61, 0x6c,
  0x69, 0x6e, 0x67, 0x00, 0x06, 0x61, 0x6c, 0x77, 0x61, 0x79, 0x73, 0x05,
  0x00, 0x0a, 0x65, 0x78, 0x68, 0x61, 0x75, 0x73, 0x74, 0x69, 0x6f, 0x6e,
  0x3d, 0xcc, 0xcc, 0xcd, 0x08, 0x00, 0x0a, 0x6d, 0x65, 0x73, 0x73, 0x61,
  0x67, 0x65, 0x5f, 0x69, 0x64, 0x00, 0x09, 0x65, 0x78, 0x70, 0x6c, 0x6f,
  0x73, 0x69, 0x6f, 0x6e, 0x00, 0x0e, 0x6d, 0x69, 0x6e, 0x65, 0x63, 0x72,
  0x61, 0x66, 0x74, 0x3a, 0x66, 0x61, 0x6c, 0x6c, 0x01, 0x0a, 0x08, 0x00,
  0x07, 0x73, 0x63, 0x61, 0x6c, 0x69, 0x6e, 0x67, 0x00, 0x20, 0x77, 0x68,
  0x65, 0x6e, 0x5f, 0x63, 0x61, 0x75, 0x73, 0x65, 0x64, 0x5f, 0x62, 0x79,
  0x5f, 0x6c, 0x69, 0x76, 0x69, 0x6e, 0x67, 0x5f, 0x6e, 0x6f, 0x6e, 0x5f,
  0x70, 0x6c, 0x61, 0x79, 0x65, 0x72, 0x05, 0x00, 0x0a, 0x65, 0x78, 0x68,
  0x61, 0x75, 0x73, 0x74, 0x69, 0x6f, 0x6e, 0x00, 0x00, 0x00, 0x00, 0x08,
  0x00, 0x0a, 0x6d, 0x65, 0x73, 0x73, 0x61, 0x67, 0x65, 0x5f, 0x69, 0x64,
  0x00, 0x04, 0x66, 0x61, 0x6c, 0x6c, 0x08, 0x00, 0x12, 0x64, 0x65, 0x61,
  0x74, 0x68, 0x5f, 0x6d, 0x65, 0x73, 0x73, 0x61, 0x67, 0x65, 0x5f, 0x74,
  0x79, 0x70, 0x65, 0x00, 0x0d, 0x66, 0x61, 0x6c, 0x6c, 0x5f, 0x76, 0x61,
  0x72, 0x69, 0x61, 0x6e, 0x74, 0x73, 0x00, 0x17, 0x6d, 0x69, 0x6e, 0x65,
  0x63, 0x72, 0x61, 0x66, 0x74, 0x3a, 0x66, 0x61, 0x6c, 0x6c, 0x69, 0x6e,
  0x67, 0x5f, 0x61, 0x6e, 0x76, 0x69, 0x6c, 0x01, 0x0a, 0x08, 0x00, 0x07,
  0x73, 0x63, 0x61, 0x6c, 0x69, 0x6e, 0x67, 0x00, 0x20, 0x77, 0x68, 0x65,
  0x6e, 0x5f, 0x63, 0x61, 0x75, 0x73, 0x65, 0x64, 0x5f, 0x62, 0x79, 0x5f,
  0x6c, 0x69, 0x76, 0x69, 0x6e, 0x67, 0x5f, 0x6e, 0x6f, 0x6e, 0x5f, 0x70,
  0x6c, 0x61, 0x79, 0x65, 0x72, 0x05, 0x00, 0x0a, 0x65, 0x78, 0x68, 0x61,
  0x75, 0x73, 0x74, 0x69, 0x6f, 0x6e, 0x3d, 0xcc, 0xcc, 0xcd, 0x08, 0x00,
  0x0a, 0x6d, 0x65, 0x73, 0x73, 0x61, 0x67, 0x65, 0x5f, 0x69, 0x64, 0x00,
  0x05, 0x61, 0x6e, 0x76, 0x69, 0x6c, 0x00, 0x17, 0x6d, 0x69, 0x6e, 0x65,
  0x63, 0x72, 0x61, 0x66, 0x74, 0x3a, 0x66, 0x61, 0x6c, 0x6c, 0x69, 0x6e,
  0x67, 0x5f, 0x62, 0x6c, 0x6f, 0x63, 0x6b, 0x01, 0x0a, 0x08, 0x00, 0x07,
  0x73, 0x63, 0x61, 0x6c, 0x69, 0x6e, 0x67, 0x00, 0x20, 0x77, 0x68, 0x65,
  0x6e, 0x5f, 0x63, 0x61, 0x75, 0x73, 0x65, 0x64, 0x5f, 0x62, 0x79, 0x5f,
  0x6c, 0x69, 0x76, 0x69, 0x6e, 0x67, 0x5f, 0x6e, 0x6f, 0x6e, 0x5f, 0x70,
  0x6c, 0x61, 0x79, 0x65, 0x72, 0x05, 0x00, 0x0a, 0x65, 0x78, 0x68, 0x61,
  0x75, 0x73, 0x74, 0x69, 0x6f, 0x6e, 0x3d, 0xcc, 0xcc, 0xcd, 0x08, 0x00,
  0x0a, 0x6d, 0x65, 0x73, 0x73, 0x61, 0x67, 0x65, 0x5f, 0x69, 0x64, 0x00,
  0x0c, 0x66, 0x61, 0x6c, 0x6c, 0x69, 0x6e, 0x67, 0x42, 0x6c, 0x6f, 0x63,
  0x6b, 0x00, 0x1c, 0x6d, 0x69, 0x6e, 0x65, 0x63, 0x72, 0x61, 0x66, 0x74,
  0x3a, 0x66, 0x61, 0x6c, 0x6c, 0x69, 0x6e, 0x67, 0x5f, 0x73, 0x74, 0x61,
  0x6c, 0x61, 0x63, 0x74, 0x69, 0x74, 0x65, 0x01, 0x0a, 0x08, 0x00, 0x07,
  0x73, 0x63, 0x61, 0x6c, 0x69, 0x6e, 0x67, 0x00, 0x20, 0x77, 0x68, 0x65,
  0x6e, 0x5f, 0x63, 0x61, 0x75, 0x73, 0x65, 0x64, 0x5f, 0x62, 0x79, 0x5f,
  0x6c, 0x69, 0x76, 0x69, 0x6e, 0x67, 0x5f, 0x6e, 0x6f, 0x6e, 0x5f, 0x70,
  0x6c, 0x61, 0x79, 0x65, 0x72, 0x05, 0x00, 0x0a, 0x65, 0x78, 0x68, 0x61,
  0x75, 0x73, 0x74, 0x69, 0x6f, 0x6e, 0x3d, 0xcc, 0xcc, 0xcd, 0x08, 0x00,
  0x0a, 0x6d, 0x65, 0x73, 0x73, 0x61, 0x67, 0x65, 0x5f, 0x69, 0x64, 0x00,
  0x11, 0x66, 0x61, 0x6c, 0x6c, 0x69, 0x6e, 0x67, 0x53, 0x74, 0x61, 0x6c,
  0x61, 0x63, 0x74, 0x69, 0x74, 0x65, 0x00, 0x12, 0x6d, 0x69, 0x6e, 0x65,
  0x63, 0x72, 0x61, 0x66, 0x74, 0x3a, 0x66, 0x69, 0x72, 0x65, 0x62, 0x61,
  0x6c, 0x6c, 0x01, 0x0a, 0x08, 0x00, 0x07, 0x65, 0x66, 0x66, 0x65, 0x63,
  0x74, 0x73, 0x00, 0x07, 0x62, 0x75, 0x72, 0x6e, 0x69, 0x6e, 0x67, 0x08,
  0x00, 0x07, 0x73, 0x63, 0x61, 0x6c, 0x69, 0x6e, 0x67, 0x00, 0x20, 0x77,
  0x68, 0x65, 0x6e, 0x5f, 0x63, 0x61, 0x75, 0x73, 0x65, 0x64, 0x5f, 0x62,
  0x79, 0x5f, 0x6c, 0x69, 0x76, 0x69, 0x6e, 0x67, 0x5f, 0x6e, 0x6f, 0x6e,
  0x5f, 0x70, 0x6c, 0x61, 0x79, 0x65, 0x72, 0x05, 0x00, 0x0a, 0x65, 0x78,
  0x68, 0x61, 0x75, 0x73, 0x74, 0x69, 0x6f, 0x6e, 0x3d, 0xcc, 0xcc, 0xcd,
  0x08, 0x00, 0x0a, 0x6d, 0x65, 0x73, 0x73, 0x61, 0x67, 0x65, 0x5f, 0x69,
  0x64, 0x00, 0x08, 0x66, 0x69, 0x72, 0x65, 0x62, 0x61, 0x6c, 0x6c, 0x00,
  0x13, 0x6d, 0x69, 0x6e, 0x65, 0x63, 0x72, 0x61, 0x66, 0x74, 0x3a, 0x66,
  0x69, 0x72, 0x65, 0x77, 0x6f, 0x72, 0x6b, 0x73, 0x01, 0x0a, 0x08, 0x00,
  0x07, 0x73, 0x63, 0x61, 0x6c, 0x69, 0x6e, 0x67, 0x00, 0x20, 0x77, 0x68,
  0x65, 0x6e, 0x5f, 0x63, 0x61, 0x75, 0x73, 0x65, 0x64, 0x5f, 0x62, 0x79,
  0x5f, 0x6c, 0x69, 0x76, 0x69, 0x6e, 0x67, 0x5f, 0x6e, 0x6f, 0x6e, 0x5f,
  0x70, 0x6c, 0x61, 0x79, 0x65, 0x72, 0x05, 0x00, 0x0a, 0x65, 0x78, 0x68,
  0x61, 0x75, 0x73, 0x74, 0x69, 0x6f, 0x6e, 0x3d, 0xcc, 0xcc, 0xcd, 0x08,
  0x00, 0x0a, 0x6d, 0x65, 0x73, 0x73, 0x61, 0x67, 0x65, 0x5f, 0x69, 0x64,
  0x00, 0x09, 0x66, 0x69, 0x72, 0x65, 0x77, 0x6f, 0x72, 0x6b, 0x73, 0x00,
  0x17, 0x6d, 0x69, 0x6e, 0x65, 0x63, 0x72, 0x61, 0x66, 0x74, 0x3a, 0x66,
  0x6c, 0x79, 0x5f, 0x69, 0x6e, 0x74, 0x6f, 0x5f, 0x77, 0x61, 0x6c, 0x6c,
  0x01, 0x0a, 0x08, 0x00, 0x07, 0x73, 0x63, 0x61, 0x6c, 0x69, 0x6e, 0x67,
  0x00, 0x20, 0x77, 0x68, 0x65, 0x6e, 0x5f, 0x63, 0x61, 0x75, 0x73, 0x65,
  0x64, 0x5f, 0x62, 0x79, 0x5f, 0x6c, 0x69, 0x76, 0x69, 0x6e, 0x67, 0x5f,
  0x6e, 0x6f, 0x6e, 0x5f, 0x70, 0x6c, 0x61, 0x79, 0x65, 0x72, 0x05, 0x00,
  0x0a, 0x65, 0x78, 0x68, 0x61, 0x75, 0x73, 0x74, 0x69, 0x6f, 0x6e, 0x00,
  0x00, 0x00, 0x00, 0x08, 0x00, 0x0a, 0x6d, 0x65, 0x73, 0x73, 0x61, 0x67,
  0x65, 0x5f, 0x69, 0x64, 0x00, 0x0b, 0x66, 0x6c, 0x79, 0x49, 0x6e, 0x74,
  0x6f, 0x57, 0x61, 0x6c, 0x6c, 0x00, 0x10, 0x6d, 0x69, 0x6e, 0x65, 0x63,
  0x72, 0x61, 0x66, 0x74, 0x3a, 0x66, 0x72, 0x65, 0x65, 0x7a, 0x65, 0x01,
  0x0a, 0x08, 0x00, 0x07, 0x65, 0x66, 0x66, 0x65, 0x63, 0x74, 0x73, 0x00,
  0x08, 0x66, 0x72, 0x65, 0x65, 0x7a, 0x69, 0x6e, 0x67, 0x08, 0x00, 0x07,
  0x73, 0x63, 0x61, 0x6c, 0x69, 0x6e, 0x67, 0x00, 0x20, 0x77, 0x68, 0x65,
  0x6e, 0x5f, 0x63, 0x61, 0x75, 0x73, 0x65, 0x64, 0x5f, 0x62, 0x79, 0x5f,
  0x6c, 0x69, 0x76, 0x69, 0x6e, 0x67, 0x5f, 0x6e, 0x6f, 0x6e, 0x5f, 0x70,
  0x6c, 0x61, 0x79, 0x65, 0x72, 0x05, 0x00, 0x0a, 0x65, 0x78, 0x68, 0x61,
  0x75, 0x73, 0x74, 0x69, 0x6f, 0x6e, 0x00, 0x00, 0x00, 0x00, 0x08, 0x00,
  0x0a, 0x6d, 0x65, 0x73, 0x73, 0x61, 0x67, 0x65, 0x5f, 0x69, 0x64, 0x00,
  0x06, 0x66, 0x72, 0x65, 0x65, 0x7a, 0x65, 0x00, 0x11, 0x6d, 0x69, 0x6e,
  0x65, 0x63, 0x72, 0x61, 0x66, 0x74, 0x3a, 0x67, 0x65, 0x6e, 0x65, 0x72,
  0x69, 0x63, 0x01, 0x0a, 0x08, 0x00, 0x07, 0x73, 0x63, 0x61, 0x6c, 0x69,
  0x6e, 0x67, 0x00, 0x20, 0x77, 0x68, 0x65, 0x6e, 0x5f, 0x63, 0x61, 0x75,
  0x73, 0x65, 0x64, 0x5f, 0x62, 0x79, 0x5f, 0x6c, 0x69, 0x76, 0x69, 0x6e,
  0x67, 0x5f, 0x6e, 0x6f, 0x6e, 0x5f, 0x70, 0x6c, 0x61, 0x79, 0x65, 0x72,
  0x05, 0x00, 0x0a, 0x65, 0x78, 0x68, 0x61, 0x75, 0x73, 0x74, 0x69, 0x6f,
  0x6e, 0x00, 0x00, 0x00, 0x00, 0x08, 0x00, 0x0a, 0x6d, 0x65, 0x73, 0x73,
  0x61, 0x67, 0x65, 0x5f, 0x69, 0x64, 0x00, 0x07, 0x67, 0x65, 0x6e, 0x65,
  0x72, 0x69, 0x63, 0x00, 0x16, 0x6d, 0x69, 0x6e, 0x65, 0x63, 0x72, 0x61,
  0x66, 0x74, 0x3a, 0x67, 0x65, 0x6e, 0x65, 0x72, 0x69, 0x63, 0x5f, 0x6b,
  0x69, 0x6c, 0x6c, 0x01, 0x0a, 0x08, 0x00, 0x07, 0x73, 0x63, 0x61, 0x6c,
  0x69, 0x6e, 0x67, 0x00, 0x20, 0x77, 0x68, 0x65, 0x6e, 0x5f, 0x63, 0x61,
  0x75, 0x73, 0x65, 0x64, 0x5f, 0x62, 0x79, 0x5f, 0x6c, 0x69, 0x76, 0x69,
  0x6e, 0x67, 0x5f, 0x6e, 0x6f, 0x6e, 0x5f, 0x70, 0x6c, 0x61, 0x79, 0x65,
  0x72, 0x05, 0x00, 0x0a, 0x65, 0x78, 0x68, 0x61, 0x75, 0x73, 0x74, 0x69,
  0x6f, 0x6e, 0x00, 0x00, 0x00, 0x00, 0x08, 0x00, 0x0a, 0x6d, 0x65, 0x73,
  0x73, 0x61, 0x67, 0x65, 0x5f, 0x69, 0x64, 0x00, 0x0b, 0x67, 0x65, 0x6e,
  0x65, 0x72, 0x69, 0x63, 0x4b, 0x69, 0x6c, 0x6c, 0x00, 0x13, 0x6d, 0x69,
  0x6e, 0x65, 0x63, 0x72, 0x61, 0x66, 0x74, 0x3a, 0x68, 0x6f, 0x74, 0x5f,
  0x66, 0x6c, 0x6f, 0x6f, 0x72, 0x01, 0x0a, 0x08, 0x00, 0x07, 0x65, 0x66,
  0x66, 0x65, 0x63, 0x74, 0x73, 0x00, 0x07, 0x62, 0x75, 0x72, 0x6e, 0x69,
  0x6e, 0x67, 0x08, 0x00, 0x07, 0x73, 0x63, 0x61, 0x6c, 0x69, 0x6e, 0x67,
  0x00, 0x20, 0x77, 0x68, 0x65, 0x6e, 0x5f, 0x63, 0x61, 0x75, 0x73, 0x65,
  0x64, 0x5f, 0x62, 0x79, 0x5f, 0x6c, 0x69, 0x76, 0x69, 0x6e, 0x67, 0x5f,
  0x6e, 0x6f, 0x6e, 0x5f, 0x70, 0x6c, 0x61, 0x79, 0x65, 0x72, 0x05, 0x00,
  0x0a, 0x65, 0x78, 0x68, 0x61, 0x75, 0x73, 0x74, 0x69, 0x6f, 0x6e, 0x3d,
  0xcc, 0xcc, 0xcd, 0x08, 0x00, 0x0a, 0x6d, 0x65, 0x73, 0x73, 0x61, 0x67,
  0x65, 0x5f, 0x69, 0x64, 0x00, 0x08, 0x68, 0x6f, 0x74, 0x46, 0x6c, 0x6f,
  0x6f, 0x72, 0x00, 0x11, 0x6d, 0x69, 0x6e, 0x65, 0x63, 0x72, 0x61, 0x66,
  0x74, 0x3a, 0x69, 0x6e, 0x5f, 0x66, 0x69, 0x72, 0x65, 0x01, 0x0a, 0x08,
  0x00, 0x07, 0x65, 0x66, 0x66, 0x65, 0x63, 0x74, 0x73, 0x00, 0x07, 0x62,
  0x75, 0x72, 0x6e, 0x69, 0x6e, 0x67, 0x08, 0x00, 0x07, 0x73, 0x63, 0x61,
  0x6c, 0x69, 0x6e, 0x67, 0x00, 0x20, 0x77, 0x68, 0x65, 0x6e, 0x5f, 0x63,
  0x61, 0x75, 0x73, 0x65, 0x64, 0x5f, 0x62, 0x79, 0x5f, 0x6c, 0x69, 0x76,
  0x69, 0x6e, 0x67, 0x5f, 0x6e, 0x6f, 0x6e, 0x5f, 0x70, 0x6c, 0x61, 0x79,
  0x65, 0x72, 0x05, 0x00, 0x0a, 0x65, 0x78, 0x68, 0x61, 0x75, 0x73, 0x74,
  0x69, 0x6f, 0x6e, 0x3d, 0xcc, 0xcc, 0xcd, 0x08, 0x00, 0x0a, 0x6d, 0x65,
  0x73, 0x73, 0x61, 0x67, 0x65, 0x5f, 0x69, 0x64, 0x00, 0x06, 0x69, 0x6e,
  0x46, 0x69, 0x72, 0x65, 0x00, 0x11, 0x6d, 0x69, 0x6e, 0x65, 0x63, 0x72,
  0x61, 0x66, 0x74, 0x3a, 0x69, 0x6e, 0x5f, 0x77, 0x61, 0x6c, 0x6c, 0x01,
  0x0a, 0x08, 0x00, 0x07, 0x73, 0x63, 0x61, 0x6c, 0x69, 0x6e, 0x67, 0x00,
  0x20, 0x77, 0x68, 0x65, 0x6e, 0x5f, 0x63, 0x61, 0x75, 0x73, 0x65, 0x64,
  0x5f, 0x62, 0x79, 0x5f, 0x6c, 0x69, 0x76, 0x69, 0x6e, 0x67, 0x5f, 0x6e,
  0x6f, 0x6e, 0x5f, 0x70, 0x6c, 0x61, 0x79, 0x65, 0x72, 0x05, 0x00, 0x0a,
  0x65, 0x78, 0x68, 0x61, 0x75, 0x73, 0x74, 0x69, 0x6f, 0x6e, 0x00, 0x00,
  0x00, 0x00, 0x08, 0x00, 0x0a, 0x6d, 0x65, 0x73, 0x73, 0x61, 0x67, 0x65,
  0x5f, 0x69, 0x64, 0x00, 0x06, 0x69, 0x6e, 0x57, 0x61, 0x6c, 0x6c, 0x00,
  0x18, 0x6d, 0x69, 0x6e, 0x65, 0x63, 0x72, 0x61, 0x66, 0x74, 0x3a, 0x69,
  0x6e, 0x64, 0x69, 0x72, 0x65, 0x63, 0x74, 0x5f, 0x6d, 0x61, 0x67, 0x69,
  0x63, 0x01, 0x0a, 0x08, 0x00, 0x07, 0x73, 0x63, 0x61, 0x6c, 0x69, 0x6e,
  0x67, 0x00, 0x20, 0x77, 0x68, 0x65, 0x6e, 0x5f, 0x63, 0x61, 0x75, 0x73,
  0x65, 0x64, 0x5f, 0x62, 0x79, 0x5f, 0x6c, 0x69, 0x76, 0x69, 0x6e, 0x67,
  0x5f, 0x6e, 0x6f, 0x6e, 0x5f, 0x70, 0x6c, 0x61, 0x79, 0x65, 0x72, 0x05,
  0x00, 0x0a, 0x65, 0x78, 0x68, 0x61, 0x75, 0x73, 0x74, 0x69, 0x6f, 0x6e,
  0x00, 0x00, 0x00, 0x00, 0x08, 0x00, 0x0a, 0x6d, 0x65, 0x73, 0x73, 0x61,
  0x67, 0x65, 0x5f, 0x69, 0x64, 0x00, 0x0d, 0x69, 0x6e, 0x64, 0x69, 0x72,
  0x65, 0x63, 0x74, 0x4d, 0x61, 0x67, 0x69, 0x63, 0x00, 0x0e, 0x6d, 0x69,
  0x6e, 0x65, 0x63, 0x72, 0x61, 0x66, 0x74, 0x3a, 0x6c, 0x61, 0x76, 0x61,
  0x01, 0x0a, 0x08, 0x00, 0x07, 0x65, 0x66, 0x66, 0x65, 0x63, 0x74, 0x73,
  0x00, 0x07, 0x62, 0x75, 0x72, 0x6e, 0x69, 0x6e, 0x67, 0x08, 0x00, 0x07,
  0x73, 0x63, 0x61, 0x6c, 0x69, 0x6e, 0x67, 0x00, 0x20, 0x77, 0x68, 0x65,
  0x6e, 0x5f, 0x63, 0x61, 0x75, 0x73, 0x65, 0x64, 0x5f, 0x62, 0x79, 0x5f,
  0x6c, 0x69, 0x76, 0x69, 0x6e, 0x67, 0x5f, 0x6e, 0x6f, 0x6e, 0x5f, 0x70,
  0x6c, 0x61, 0x79, 0x65, 0x72, 0x05, 0x00, 0x0a, 0x65, 0x78, 0x68, 0x61,
  0x75, 0x73, 0x74, 0x69, 0x6f, 0x6e, 0x3d, 0xcc, 0xcc, 0xcd, 0x08, 0x00,
  0x0a, 0x6d, 0x65, 0x73, 0x73, 0x61, 0x67, 0x65, 0x5f, 0x69, 0x64, 0x00,
  0x04, 0x6c, 0x61, 0x76, 0x61, 0x00, 0x18, 0x6d, 0x69, 0x6e, 0x65, 0x63,
  0x72, 0x61, 0x66, 0x74, 0x3a, 0x6c, 0x69, 0x67, 0x68, 0x74, 0x6e, 0x69,
  0x6e, 0x67, 0x5f, 0x62, 0x6f, 0x6c, 0x74, 0x01, 0x0a, 0x08, 0x00, 0x07,
  0x73, 0x63, 0x61, 0x6c, 0x69, 0x6e, 0x67, 0x00, 0x20, 0x77, 0x68, 0x65,
  0x6e, 0x5f, 0x63, 0x61, 0x75, 0x73, 0x65, 0x64, 0x5f, 0x62, 0x79, 0x5f,
  0x6c, 0x69, 0x76, 0x69, 0x6e, 0x67, 0x5f, 0x6e, 0x6f, 0x6e, 0x5f, 0x70,
  0x6c, 0x61, 0x79, 0x65, 0x72, 0x05, 0x00, 0x0a, 0x65, 0x78, 0x68, 0x61,
  0x75, 0x73, 0x74, 0x69, 0x6f, 0x6e, 0x3d, 0xcc, 0xcc, 0xcd, 0x08, 0x00,
  0x0a, 0x6d, 0x65, 0x73, 0x73, 0x61, 0x67, 0x65, 0x5f, 0x69, 0x64, 0x00,
  0x0d, 0x6c, 0x69, 0x67, 0x68, 0x74, 0x6e, 0x69, 0x6e, 0x67, 0x42, 0x6f,
  0x6c, 0x74, 0x00, 0x0f, 0x6d, 0x69, 0x6e, 0x65, 0x63, 0x72, 0x61, 0x66,
  0x74, 0x3a, 0x6d, 0x61, 0x67, 0x69, 0x63, 0x01, 0x0a, 0x08, 0x00, 0x07,
  0x73, 0x63, 0x61, 0x6c, 0x69, 0x6e, 0x67, 0x00, 0x20, 0x77, 0x68, 0x65,
  0x6e, 0x5f, 0x63, 0x61, 0x75, 0x73, 0x65, 0x64, 0x5f, 0x62, 0x79, 0x5f,
  0x6c, 0x69, 0x76, 0x69, 0x6e, 0x67, 0x5f, 0x6e, 0x6f, 0x6e, 0x5f, 0x70,
  0x6c, 0x61, 0x79, 0x65, 0x72, 0x05, 0x00, 0x0a, 0x65, 0x78, 0x68, 0x61,
  0x75, 0x73, 0x74, 0x69, 0x6f, 0x6e, 0x00, 0x00, 0x00, 0x00, 0x08, 0x00,
  0x0a, 0x6d, 0x65, 0x73, 0x73, 0x61, 0x67, 0x65, 0x5f, 0x69, 0x64, 0x00,
  0x05, 0x6d, 0x61, 0x67, 0x69, 0x63, 0x00, 0x14, 0x6d, 0x69, 0x6e, 0x65,
  0x63, 0x72, 0x61, 0x66, 0x74, 0x3a, 0x6d, 0x6f, 0x62, 0x5f, 0x61, 0x74,
  0x74, 0x61, 0x63, 0x6b, 0x01, 0x0a, 0x08, 0x00, 0x07, 0x73, 0x63, 0x61,
  0x6c, 0x69, 0x6e, 0x67, 0x00, 0x20, 0x77, 0x68, 0x65, 0x6e, 0x5f, 0x63,
  0x61, 0x75, 0x73, 0x65, 0x64, 0x5f, 0x62, 0x79, 0x5f, 0x6c, 0x69, 0x76,
  0x69, 0x6e, 0x67, 0x5f, 0x6e, 0x6f, 0x6e, 0x5f, 0x70, 0x6c, 0x61, 0x79,
  0x65, 0x72, 0x05, 0x00, 0x0a, 0x65, 0x78, 0x68, 0x61, 0x75, 0x73, 0x74,
  0x69, 0x6f, 0x6e, 0x3d, 0xcc, 0xcc, 0xcd, 0x08, 0x00, 0x0a, 0x6d, 0x65,
  0x73, 0x73, 0x61, 0x67, 0x65, 0x5f, 0x69, 0x64, 0x00, 0x03, 0x6d, 0x6f,
  0x62, 0x00, 0x1d, 0x6d, 0x69, 0x6e, 0x65, 0x63, 0x72, 0x61, 0x66, 0x74,
  0x3a, 0x6d, 0x6f, 0x62, 0x5f, 0x61, 0x74, 0x74, 0x61, 0x63, 0x6b, 0x5f,
  0x6e, 0x6f, 0x5f, 0x61, 0x67, 0x67, 0x72, 0x6f, 0x01, 0x0a, 0x08, 0x00,
  0x07, 0x73, 0x63, 0x61, 0x6c, 0x69, 0x6e, 0x67, 0x00, 0x20, 0x77, 0x68,
  0x65, 0x6e, 0x5f, 0x63, 0x61, 0x75, 0x73, 0x65, 0x64, 0x5f, 0x62, 0x79,
  0x5f, 0x6c, 0x69, 0x76, 0x69, 0x6e, 0x67, 0x5f, 0x6e, 0x6f, 0x6e, 0x5f,
  0x70, 0x6c, 0x61, 0x79, 0x65, 0x72, 0x05, 0x00, 0x0a, 0x65, 0x78, 0x68,
  0x61, 0x75, 0x73, 0x74, 0x69, 0x6f, 0x6e, 0x3d, 0xcc, 0xcc, 0xcd, 0x08,
  0x00, 0x0a, 0x6d, 0x65, 0x73, 0x73, 0x61, 0x67, 0x65, 0x5f, 0x69, 0x64,
  0x00, 0x03, 0x6d, 0x6f, 0x62, 0x00, 0x18, 0x6d, 0x69, 0x6e, 0x65, 0x63,
  0x72, 0x61, 0x66, 0x74, 0x3a, 0x6d, 0x6f, 0x62, 0x5f, 0x70, 0x72, 0x6f,
  0x6a, 0x65, 0x63, 0x74, 0x69, 0x6c, 0x65, 0x01, 0x0a, 0x08, 0x00, 0x07,
  0x73, 0x63, 0x61, 0x6c, 0x69, 0x6e, 0x67, 0x00, 0x20, 0x77, 0x68, 0x65,
  0x6e, 0x5f, 0x63, 0x61, 0x75, 0x73, 0x65, 0x64, 0x5f, 0x62, 0x79, 0x5f,
  0x6c, 0x69, 0x76, 0x69, 0x6e, 0x67, 0x5f, 0x6e, 0x6f, 0x6e, 0x5f, 0x70,
  0x6c, 0x61, 0x79, 0x65, 0x72, 0x05, 0x00, 0x0a, 0x65, 0x78, 0x68, 0x61,
  0x75, 0x73, 0x74, 0x69, 0x6f, 0x6e, 0x3d, 0xcc, 0xcc, 0xcd, 0x08, 0x00,
  0x0a, 0x6d, 0x65, 0x73, 0x73, 0x61, 0x67, 0x65, 0x5f, 0x69, 0x64, 0x00,
  0x03, 0x6d, 0x6f, 0x62, 0x00, 0x11, 0x6d, 0x69, 0x6e, 0x65, 0x63, 0x72,
  0x61, 0x66, 0x74, 0x3a, 0x6f, 0x6e, 0x5f, 0x66, 0x69, 0x72, 0x65, 0x01,
  0x0a, 0x08, 0x00, 0x07, 0x65, 0x66, 0x66, 0x65, 0x63, 0x74, 0x73, 0x00,
  0x07, 0x62, 0x75, 0x72, 0x6e, 0x69, 0x6e, 0x67, 0x08, 0x00, 0x07, 0x73,
  0x63, 0x61, 0x6c, 0x69, 0x6e, 0x67, 0x00, 0x20, 0x77, 0x68, 0x65, 0x6e,
  0x5f, 0x63, 0x61, 0x75, 0x73, 0x65, 0x64, 0x5f, 0x62, 0x79, 0x5f, 0x6c,
  0x69, 0x76, 0x69, 0x6e, 0x67, 0x5f, 0x6e, 0x6f, 0x6e, 0x5f, 0x70, 0x6c,
  0x61, 0x79, 0x65, 0x72, 0x05, 0x00, 0x0a, 0x65, 0x78, 0x68, 0x61, 0x75,
  0x73, 0x74, 0x69, 0x6f, 0x6e, 0x00, 0x00, 0x00, 0x00, 0x08, 0x00, 0x0a,
  0x6d, 0x65, 0x73, 0x73, 0x61, 0x67, 0x65, 0x5f, 0x69, 0x64, 0x00, 0x06,
  0x6f, 0x6e, 0x46, 0x69, 0x72, 0x65, 0x00, 0x16, 0x6d, 0x69, 0x6e, 0x65,
  0x63, 0x72, 0x61, 0x66, 0x74, 0x3a, 0x6f, 0x75, 0x74, 0x5f, 0x6f, 0x66,
  0x5f, 0x77, 0x6f, 0x72, 0x6c, 0x64, 0x01, 0x0a, 0x08, 0x00, 0x07, 0x73,
  0x63, 0x61, 0x6c, 0x69, 0x6e, 0x67, 0x00, 0x20, 0x77, 0x68, 0x65, 0x6e,
  0x5f, 0x63, 0x61, 0x75, 0x73, 0x65, 0x64, 0x5f, 0x62, 0x79, 0x5f, 0x6c,
  0x69, 0x76, 0x69, 0x6e, 0x67, 0x5f, 0x6e, 0x6f, 0x6e, 0x5f, 0x70, 0x6c,
  0x61, 0x79, 0x65, 0x72, 0x05, 0x00, 0x0a, 0x65, 0x78, 0x68, 0x61, 0x75,
  0x73, 0x74, 0x69, 0x6f, 0x6e, 0x00, 0x00, 0x00, 0x00, 0x08, 0x00, 0x0a,
  0x6d, 0x65, 0x73, 0x73, 0x61, 0x67, 0x65, 0x5f, 0x69, 0x64, 0x00, 0x0a,
  0x6f, 0x75, 0x74, 0x4f, 0x66, 0x57, 0x6f, 0x72, 0x6c, 0x64, 0x00, 0x18,
  0x6d, 0x69, 0x6e, 0x65, 0x63, 0x72, 0x61, 0x66, 0x74, 0x3a, 0x6f, 0x75,
  0x74, 0x73, 0x69, 0x64, 0x65, 0x5f, 0x62, 0x6f, 0x72, 0x64, 0x65, 0x72,
  0x01, 0x0a, 0x08, 0x00, 0x07, 0x73, 0x63, 0x61, 0x6c, 0x69, 0x6e, 0x67,
  0x00, 0x20, 0x77, 0x68, 0x65, 0x6e, 0x5f, 0x63, 0x61, 0x75, 0x73, 0x65,
  0x64, 0x5f, 0x62, 0x79, 0x5f, 0x6c, 0x69, 0x76, 0x69, 0x6e, 0x67, 0x5f,
  0x6e, 0x6f, 0x6e, 0x5f, 0x70, 0x6c, 0x61, 0x79, 0x65, 0x72, 0x05, 0x00,
  0x0a, 0x65, 0x78, 0x68, 0x61, 0x75, 0x73, 0x74, 0x69, 0x6f, 0x6e, 0x00,
  0x00, 0x00, 0x00, 0x08, 0x00, 0x0a, 0x6d, 0x65, 0x73, 0x73, 0x61, 0x67,
  0x65, 0x5f, 0x69, 0x64, 0x00, 0x0d, 0x6f, 0x75, 0x74, 0x73, 0x69, 0x64,
  0x65, 0x42, 0x6f, 0x72, 0x64, 0x65, 0x72, 0x00, 0x17, 0x6d, 0x69, 0x6e,
  0x65, 0x63, 0x72, 0x61, 0x66, 0x74, 0x3a, 0x70, 0x6c, 0x61, 0x79, 0x65,
  0x72, 0x5f, 0x61, 0x74, 0x74, 0x61, 0x63, 0x6b, 0x01, 0x0a, 0x08, 0x00,
  0x07, 0x73, 0x63, 0x61, 0x6c, 0x69, 0x6e, 0x67, 0x00, 0x20, 0x77, 0x68,
  0x65, 0x6e, 0x5f, 0x63, 0x61, 0x75, 0x73, 0x65, 0x64, 0x5f, 0x62, 0x79,
  0x5f, 0x6c, 0x69, 0x76, 0x69, 0x6e, 0x67, 0x5f, 0x6e, 0x6f, 0x6e, 0x5f,
  0x70, 0x6c, 0x61, 0x79, 0x65, 0x72, 0x05, 0x00, 0x0a, 0x65, 0x78, 0x68,
  0x61, 0x75, 0x73, 0x74, 0x69, 0x6f, 0x6e, 0x3d, 0xcc, 0xcc, 0xcd, 0x08,
  0x00, 0x0a, 0x6d, 0x65, 0x73, 0x73, 0x61, 0x67, 0x65, 0x5f, 0x69, 0x64,
  0x00, 0x06, 0x70, 0x6c, 0x61, 0x79, 0x65, 0x72, 0x00, 0x1a, 0x6d, 0x69,
  0x6e, 0x65, 0x63, 0x72, 0x61, 0x66, 0x74, 0x3a, 0x70, 0x6c, 0x61, 0x79,
  0x65, 0x72, 0x5f, 0x65, 0x78, 0x70, 0x6c, 0x6f, 0x73, 0x69, 0x6f, 0x6e,
  0x01, 0x0a, 0x08, 0x00, 0x07, 0x73, 0x63, 0x61, 0x6c, 0x69, 0x6e, 0x67,
  0x00, 0x06, 0x61, 0x6c, 0x77, 0x61, 0x79, 0x73, 0x05, 0x00, 0x0a, 0x65,
  0x78, 0x68, 0x61, 0x75, 0x73, 0x74, 0x69, 0x6f, 0x6e, 0x3d, 0xcc, 0xcc,
  0xcd, 0x08, 0x00, 0x0a, 0x6d, 0x65, 0x73, 0x73, 0x61, 0x67, 0x65, 0x5f,
  0x69, 0x64, 0x00, 0x10, 0x65, 0x78, 0x70, 0x6c, 0x6f, 0x73, 0x69, 0x6f,
  0x6e, 0x2e, 0x70, 0x6c, 0x61, 0x79, 0x65, 0x72, 0x00, 0x14, 0x6d, 0x69,
  0x6e, 0x65, 0x63, 0x72, 0x61, 0x66, 0x74, 0x3a, 0x73, 0x6f, 0x6e, 0x69,
  0x63, 0x5f, 0x62, 0x6f, 0x6f, 0x6d, 0x01, 0x0a, 0x08, 0x00, 0x07, 0x73,
  0x63, 0x61, 0x6c, 0x69, 0x6e, 0x67, 0x00, 0x06, 0x61, 0x6c, 0x77, 0x61,
  0x79, 0x73, 0x05, 0x00, 0x0a, 0x65, 0x78, 0x68, 0x61, 0x75, 0x73, 0x74,
  0x69, 0x6f, 0x6e, 0x00, 0x00, 0x00, 0x00, 0x08, 0x00, 0x0a, 0x6d, 0x65,
  0x73, 0x73, 0x61, 0x67, 0x65, 0x5f, 0x69, 0x64, 0x00, 0x0a, 0x73, 0x6f,
  0x6e, 0x69, 0x63, 0x5f, 0x62, 0x6f, 0x6f, 0x6d, 0x00, 0x0e, 0x6d, 0x69,
  0x6e, 0x65, 0x63, 0x72, 0x61, 0x66, 0x74, 0x3a, 0x73, 0x70, 0x69, 0x74,
  0x01, 0x0a, 0x08, 0x00, 0x07, 0x73, 0x63, 0x61, 0x6c, 0x69, 0x6e, 0x67,
  0x00, 0x20, 0x77, 0x68, 0x65, 0x6e, 0x5f, 0x63, 0x61, 0x75, 0x73, 0x65,
  0x64, 0x5f, 0x62, 0x79, 0x5f, 0x6c, 0x69, 0x76, 0x69, 0x6e, 0x67, 0x5f,
  0x6e, 0x6f, 0x6e, 0x5f, 0x70, 0x6c, 0x61, 0x79, 0x65, 0x72, 0x05, 0x00,
  0x0a, 0x65, 0x78, 0x68, 0x61, 0x75, 0x73, 0x74, 0x69, 0x6f, 0x6e, 0x3d,
  0xcc, 0xcc, 0xcd, 0x08, 0x00, 0x0a, 0x6d, 0x65, 0x73, 0x73, 0x61, 0x67,
  0x65, 0x5f, 0x69, 0x64, 0x00, 0x03, 0x6d, 0x6f, 0x62, 0x00, 0x14, 0x6d,
  0x69, 0x6e, 0x65, 0x63, 0x72, 0x61, 0x66, 0x74, 0x3a, 0x73, 0x74, 0x61,
  0x6c, 0x61, 0x67, 0x6d, 0x69, 0x74, 0x65, 0x01, 0x0a, 0x08, 0x00, 0x07,
  0x73, 0x63, 0x61, 0x6c, 0x69, 0x6e, 0x67, 0x00, 0x20, 0x77, 0x68, 0x65,
  0x6e, 0x5f, 0x63, 0x61, 0x75, 0x73, 0x65, 0x64, 0x5f, 0x62, 0x79, 0x5f,
  0x6c, 0x69, 0x76, 0x69, 0x6e, 0x67, 0x5f, 0x6e, 0x6f, 0x6e, 0x5f, 0x70,
  0x6c, 0x61, 0x79, 0x65, 0x72, 0x05, 0x00, 0x0a, 0x65, 0x78, 0x68, 0x61,
  0x75, 0x73, 0x74, 0x69, 0x6f, 0x6e, 0x00, 0x00, 0x00, 0x00, 0x08, 0x00,
  0x0a, 0x6d, 0x65, 0x73, 0x73, 0x61, 0x67, 0x65, 0x5f, 0x69, 0x64, 0x00,
  0x0a, 0x73, 0x74, 0x61, 0x6c, 0x61, 0x67, 0x6d, 0x69, 0x74, 0x65, 0x00,
  0x10, 0x6d, 0x69, 0x6e, 0x65, 0x63, 0x72, 0x61, 0x66, 0x74, 0x3a, 0x73,
  0x74, 0x61, 0x72, 0x76, 0x65, 0x01, 0x0a, 0x08, 0x00, 0x07, 0x73, 0x63,
  0x61, 0x6c, 0x69, 0x6e, 0x67, 0x00, 0x20, 0x77, 0x68, 0x65, 0x6e, 0x5f,
  0x63, 0x61, 0x75, 0x73, 0x65, 0x64, 0x5f, 0x62, 0x79, 0x5f, 0x6c, 0x69,
  0x76, 0x69, 0x6e, 0x67, 0x5f, 0x6e, 0x6f, 0x6e, 0x5f, 0x70, 0x6c, 0x61,
  0x79, 0x65, 0x72, 0x05, 0x00, 0x0a, 0x65, 0x78, 0x68, 0x61, 0x75, 0x73,
  0x74, 0x69, 0x6f, 0x6e, 0x00, 0x00, 0x00, 0x00, 0x08, 0x00, 0x0a, 0x6d,
  0x65, 0x73, 0x73, 0x61, 0x67, 0x65, 0x5f, 0x69, 0x64, 0x00, 0x06, 0x73,
  0x74, 0x61, 0x72, 0x76, 0x65, 0x00, 0x0f, 0x6d, 0x69, 0x6e, 0x65, 0x63,
  0x72, 0x61, 0x66, 0x74, 0x3a, 0x73, 0x74, 0x69, 0x6e, 0x67, 0x01, 0x0a,
  0x08, 0x00, 0x07, 0x73, 0x63, 0x61, 0x6c, 0x69, 0x6e, 0x67, 0x00, 0x20,
  0x77, 0x68, 0x65, 0x6e, 0x5f, 0x63, 0x61, 0x75, 0x73, 0x65, 0x64, 0x5f,
  0x62, 0x79, 0x5f, 0x6c, 0x69, 0x76, 0x69, 0x6e, 0x67, 0x5f, 0x6e, 0x6f,
  0x6e, 0x5f, 0x70, 0x6c, 0x61, 0x79, 0x65, 0x72, 0x05, 0x00, 0x0a, 0x65,
  0x78, 0x68, 0x61, 0x75, 0x73, 0x74, 0x69, 0x6f, 0x6e, 0x3d, 0xcc, 0xcc,
  0xcd, 0x08, 0x00, 0x0a, 0x6d, 0x65, 0x73, 0x73, 0x61, 0x67, 0x65, 0x5f,
  0x69, 0x64, 0x00, 0x05, 0x73, 0x74, 0x69, 0x6e, 0x67, 0x00, 0x1a, 0x6d,
  0x69, 0x6e, 0x65, 0x63, 0x72, 0x61, 0x66, 0x74, 0x3a, 0x73, 0x77, 0x65,
  0x65, 0x74, 0x5f, 0x62, 0x65, 0x72, 0x72, 0x79, 0x5f, 0x62, 0x75, 0x73,
  0x68, 0x01, 0x0a, 0x08, 0x00, 0x07, 0x65, 0x66, 0x66, 0x65, 0x63, 0x74,
  0x73, 0x00, 0x06, 0x70, 0x6f, 0x6b, 0x69, 0x6e, 0x67, 0x08, 0x00, 0x07,
  0x73, 0x63, 0x61, 0x6c, 0x69, 0x6e, 0x67, 0x00, 0x20, 0x77, 0x68, 0x65,
  0x6e, 0x5f, 0x63, 0x61, 0x75, 0x73, 0x65, 0x64, 0x5f, 0x62, 0x79, 0x5f,
  0x6c, 0x69, 0x76, 0x69, 0x6e, 0x67, 0x5f, 0x6e, 0x6f, 0x6e, 0x5f, 0x70,
  0x6c, 0x61, 0x79, 0x65, 0x72, 0x05, 0x00, 0x0a, 0x65, 0x78, 0x68, 0x61,
  0x75, 0x73, 0x74, 0x69, 0x6f, 0x6e, 0x3d, 0xcc, 0xcc, 0xcd, 0x08, 0x00,
  0x0a, 0x6d, 0x65, 0x73, 0x73, 0x61, 0x67, 0x65, 0x5f, 0x69, 0x64, 0x00,
  0x0e, 0x73, 0x77, 0x65, 0x65, 0x74, 0x42, 0x65, 0x72, 0x72, 0x79, 0x42,
  0x75, 0x73, 0x68, 0x00, 0x10, 0x6d, 0x69, 0x6e, 0x65, 0x63, 0x72, 0x61,
  0x66, 0x74, 0x3a, 0x74, 0x68, 0x6f, 0x72, 0x6e, 0x73, 0x01, 0x0a, 0x08,
  0x00, 0x07, 0x65, 0x66, 0x66, 0x65, 0x63, 0x74, 0x73, 0x00, 0x06, 0x74,
  0x68, 0x6f, 0x72, 0x6e, 0x73, 0x08, 0x00, 0x07, 0x73, 0x63, 0x61, 0x6c,
  0x69, 0x6e, 0x67, 0x00, 0x20, 0x77, 0x68, 0x65, 0x6e, 0x5f, 0x63, 0x61,
  0x75, 0x73, 0x65, 0x64, 0x5f, 0x62, 0x79, 0x5f, 0x6c, 0x69, 0x76, 0x69,
  0x6e, 0x67, 0x5f, 0x6e, 0x6f, 0x6e, 0x5f, 0x70, 0x6c, 0x61, 0x79, 0x65,
  0x72, 0x05, 0x00, 0x0a, 0x65, 0x78, 0x68, 0x61, 0x75, 0x73, 0x74, 0x69,
  0x6f, 0x6e, 0x3d, 0xcc, 0xcc, 0xcd, 0x08, 0x00, 0x0a, 0x6d, 0x65, 0x73,
  0x73, 0x61, 0x67, 0x65, 0x5f, 0x69, 0x64, 0x00, 0x06, 0x74, 0x68, 0x6f,
  0x72, 0x6e, 0x73, 0x00, 0x10, 0x6d, 0x69, 0x6e, 0x65, 0x63, 0x72, 0x61,
  0x66, 0x74, 0x3a, 0x74, 0x68, 0x72, 0x6f, 0x77, 0x6e, 0x01, 0x0a, 0x08,
  0x00, 0x07, 0x73, 0x63, 0x61, 0x6c, 0x69, 0x6e, 0x67, 0x00, 0x20, 0x77,
  0x68, 0x65, 0x6e, 0x5f, 0x63, 0x61, 0x75, 0x73, 0x65, 0x64, 0x5f, 0x62,
  0x79, 0x5f, 0x6c, 0x69, 0x76, 0x69, 0x6e, 0x67, 0x5f, 0x6e, 0x6f, 0x6e,
  0x5f, 0x70, 0x6c, 0x61, 0x79, 0x65, 0x72, 0x05, 0x00, 0x0a, 0x65, 0x78,
  0x68, 0x61, 0x75, 0x73, 0x74, 0x69, 0x6f, 0x6e, 0x3d, 0xcc, 0xcc, 0xcd,
  0x08, 0x00, 0x0a, 0x6d, 0x65, 0x73, 0x73, 0x61, 0x67, 0x65, 0x5f, 0x69,
  0x64, 0x00, 0x06, 0x74, 0x68, 0x72, 0x6f, 0x77, 0x6e, 0x00, 0x11, 0x6d,
  0x69, 0x6e, 0x65, 0x63, 0x72, 0x61, 0x66, 0x74, 0x3a, 0x74, 0x72, 0x69,
  0x64, 0x65, 0x6e, 0x74, 0x01, 0x0a, 0x08, 0x00, 0x07, 0x73, 0x63, 0x61,
  0x6c, 0x69, 0x6e, 0x67, 0x00, 0x20, 0x77, 0x68, 0x65, 0x6e, 0x5f, 0x63,
  0x61, 0x75, 0x73, 0x65, 0x64, 0x5f, 0x62, 0x79, 0x5f, 0x6c, 0x69, 0x76,
  0x69, 0x6e, 0x67, 0x5f, 0x6e, 0x6f, 0x6e, 0x5f, 0x70, 0x6c, 0x61, 0x79,
  0x65, 0x72, 0x05, 0x00, 0x0a, 0x65, 0x78, 0x68, 0x61, 0x75, 0x73, 0x74,
  0x69, 0x6f, 0x6e, 0x3d, 0xcc, 0xcc, 0xcd, 0x08, 0x00, 0x0a, 0x6d, 0x65,
  0x73, 0x73, 0x61, 0x67, 0x65, 0x5f, 0x69, 0x64, 0x00, 0x07, 0x74, 0x72,
  0x69, 0x64, 0x65, 0x6e, 0x74, 0x00, 0x1f, 0x6d, 0x69, 0x6e, 0x65, 0x63,
  0x72, 0x61, 0x66, 0x74, 0x3a, 0x75, 0x6e, 0x61, 0x74, 0x74, 0x72, 0x69,
  0x62, 0x75, 0x74, 0x65, 0x64, 0x5f, 0x66, 0x69, 0x72, 0x65, 0x62, 0x61,
  0x6c, 0x6c, 0x01, 0x0a, 0x08, 0x00, 0x07, 0x65, 0x66, 0x66, 0x65, 0x63,
  0x74, 0x73, 0x00, 0x07, 0x62, 0x75, 0x72, 0x6e, 0x69, 0x6e, 0x67, 0x08,
  0x00, 0x07, 0x73, 0x63, 0x61, 0x6c, 0x69, 0x6e, 0x67, 0x00, 0x20, 0x77,
  0x68, 0x65, 0x6e, 0x5f, 0x63, 0x61, 0x75, 0x73, 0x65, 0x64, 0x5f, 0x62,
  0x79, 0x5f, 0x6c, 0x69, 0x76, 0x69, 0x6e, 0x67, 0x5f, 0x6e, 0x6f, 0x6e,
  0x5f, 0x70, 0x6c, 0x61, 0x79, 0x65, 0x72, 0x05, 0x00, 0x0a, 0x65, 0x78,
  0x68, 0x61, 0x75, 0x73, 0x74, 0x69, 0x6f, 0x6e, 0x3d, 0xcc, 0xcc, 0xcd,
  0x08, 0x00, 0x0a, 0x6d, 0x65, 0x73, 0x73, 0x61, 0x67, 0x65, 0x5f, 0x69,
  0x64, 0x00, 0x06, 0x6f, 0x6e, 0x46, 0x69, 0x72, 0x65, 0x00, 0x10, 0x6d,
  0x69, 0x6e, 0x65, 0x63, 0x72, 0x61, 0x66, 0x74, 0x3a, 0x77, 0x69, 0x74,
  0x68, 0x65, 0x72, 0x01, 0x0a, 0x08, 0x00, 0x07, 0x73, 0x63, 0x61, 0x6c,
  0x69, 0x6e, 0x67, 0x00, 0x20, 0x77, 0x68, 0x65, 0x6e, 0x5f, 0x63, 0x61,
  0x75, 0x73, 0x65, 0x64, 0x5f, 0x62, 0x79, 0x5f, 0x6c, 0x69, 0x76, 0x69,
  0x6e, 0x67, 0x5f, 0x6e, 0x6f, 0x6e, 0x5f, 0x70, 0x6c, 0x61, 0x79, 0x65,
  0x72, 0x05, 0x00, 0x0a, 0x65, 0x78, 0x68, 0x61, 0x75, 0x73, 0x74, 0x69,
  0x6f, 0x6e, 0x00, 0x00, 0x00, 0x00, 0x08, 0x00, 0x0a, 0x6d, 0x65, 0x73,
  0x73, 0x61, 0x67, 0x65, 0x5f, 0x69, 0x64, 0x00, 0x06, 0x77, 0x69, 0x74,
  0x68, 0x65, 0x72, 0x00, 0x16, 0x6d, 0x69, 0x6e, 0x65, 0x63, 0x72, 0x61,
  0x66, 0x74, 0x3a, 0x77, 0x69, 0x74, 0x68, 0x65, 0x72, 0x5f, 0x73, 0x6b,
  0x75, 0x6c, 0x6c, 0x01, 0x0a, 0x08, 0x00, 0x07, 0x73, 0x63, 0x61, 0x6c,
  0x69, 0x6e, 0x67, 0x00, 0x20, 0x77, 0x68, 0x65, 0x6e, 0x5f, 0x63, 0x61,
  0x75, 0x73, 0x65, 0x64, 0x5f, 0x62, 0x79, 0x5f, 0x6c, 0x69, 0x76, 0x69,
  0x6e, 0x67, 0x5f, 0x6e, 0x6f, 0x6e, 0x5f, 0x70, 0x6c, 0x61, 0x79, 0x65,
  0x72, 0x05, 0x00, 0x0a, 0x65, 0x78, 0x68, 0x61, 0x75, 0x73, 0x74, 0x69,
  0x6f, 0x6e, 0x3d, 0xcc, 0xcc, 0xcd, 0x08, 0x00, 0x0a, 0x6d, 0x65, 0x73,
  0x73, 0x61, 0x67, 0x65, 0x5f, 0x69, 0x64, 0x00, 0x0b, 0x77, 0x69, 0x74,
  0x68, 0x65, 0x72, 0x53, 0x6b, 0x75, 0x6c, 0x6c, 0x00,
};
Blob e766_damage_type() { return {k_e766_damage_type, sizeof(k_e766_damage_type)}; }

static const uint8_t k_e767_dimension_type[] = {
  0x18, 0x6d, 0x69, 0x6e, 0x65, 0x63, 0x72, 0x61, 0x66, 0x74, 0x3a, 0x64,
  0x69, 0x6d, 0x65, 0x6e, 0x73, 0x69, 0x6f, 0x6e, 0x5f, 0x74, 0x79, 0x70,
  0x65, 0x01, 0x13, 0x6d, 0x69, 0x6e, 0x65, 0x63, 0x72, 0x61, 0x66, 0x74,
  0x3a, 0x6f, 0x76, 0x65, 0x72, 0x77, 0x6f, 0x72, 0x6c, 0x64, 0x01, 0x0a,
  0x01, 0x00, 0x0b, 0x70, 0x69, 0x67, 0x6c, 0x69, 0x6e, 0x5f, 0x73, 0x61,
  0x66, 0x65, 0x00, 0x01, 0x00, 0x07, 0x6e, 0x61, 0x74, 0x75, 0x72, 0x61,
  0x6c, 0x01, 0x05, 0x00, 0x0d, 0x61, 0x6d, 0x62, 0x69, 0x65, 0x6e, 0x74,
  0x5f, 0x6c, 0x69, 0x67, 0x68, 0x74, 0x00, 0x00, 0x00, 0x00, 0x03, 0x00,
  0x1f, 0x6d, 0x6f, 0x6e, 0x73, 0x74, 0x65, 0x72, 0x5f, 0x73, 0x70, 0x61,
  0x77, 0x6e, 0x5f, 0x62, 0x6c, 0x6f, 0x63, 0x6b, 0x5f, 0x6c, 0x69, 0x67,
  0x68, 0x74, 0x5f, 0x6c, 0x69, 0x6d, 0x69, 0x74, 0x00, 0x00, 0x00, 0x00,
  0x08, 0x00, 0x0a, 0x69, 0x6e, 0x66, 0x69, 0x6e, 0x69, 0x62, 0x75, 0x72,
  0x6e, 0x00, 0x1f, 0x23, 0x6d, 0x69, 0x6e, 0x65, 0x63, 0x72, 0x61, 0x66,
  0x74, 0x3a, 0x69, 0x6e, 0x66, 0x69, 0x6e, 0x69, 0x62, 0x75, 0x72, 0x6e,
  0x5f, 0x6f, 0x76, 0x65, 0x72, 0x77, 0x6f, 0x72, 0x6c, 0x64, 0x01, 0x00,
  0x14, 0x72, 0x65, 0x73, 0x70, 0x61, 0x77, 0x6e, 0x5f, 0x61, 0x6e, 0x63,
  0x68, 0x6f, 0x72, 0x5f, 0x77, 0x6f, 0x72, 0x6b, 0x73, 0x00, 0x01, 0x00,
  0x0c, 0x68, 0x61, 0x73, 0x5f, 0x73, 0x6b, 0x79, 0x6c, 0x69, 0x67, 0x68,
  0x74, 0x01, 0x01, 0x00, 0x09, 0x62, 0x65, 0x64, 0x5f, 0x77, 0x6f, 0x72,
  0x6b, 0x73, 0x01, 0x08, 0x00, 0x07, 0x65, 0x66, 0x66, 0x65, 0x63, 0x74,
  0x73, 0x00, 0x13, 0x6d, 0x69, 0x6e, 0x65, 0x63, 0x72, 0x61, 0x66, 0x74,
  0x3a, 0x6f, 0x76, 0x65, 0x72, 0x77, 0x6f, 0x72, 0x6c, 0x64, 0x01, 0x00,
  0x09, 0x68, 0x61, 0x73, 0x5f, 0x72, 0x61, 0x69, 0x64, 0x73, 0x01, 0x03,
  0x00, 0x0e, 0x6c, 0x6f, 0x67, 0x69, 0x63, 0x61, 0x6c, 0x5f, 0x68, 0x65,
  0x69, 0x67, 0x68, 0x74, 0x00, 0x00, 0x01, 0x80, 0x06, 0x00, 0x10, 0x63,
  0x6f, 0x6f, 0x72, 0x64, 0x69, 0x6e, 0x61, 0x74, 0x65, 0x5f, 0x73, 0x63,
  0x61, 0x6c, 0x65, 0x3f, 0xf0, 0x00, 0x00, 0x00, 0x00, 0x00, 0x00, 0x0a,
  0x00, 0x19, 0x6d, 0x6f, 0x6e, 0x73, 0x74, 0x65, 0x72, 0x5f, 0x73, 0x70,
  0x61, 0x77, 0x6e, 0x5f, 0x6c, 0x69, 0x67, 0x68, 0x74, 0x5f, 0x6c, 0x65,
  0x76, 0x65, 0x6c, 0x03, 0x00, 0x0d, 0x6d, 0x69, 0x6e, 0x5f, 0x69, 0x6e,
  0x63, 0x6c, 0x75, 0x73, 0x69, 0x76, 0x65, 0x00, 0x00, 0x00, 0x00, 0x03,
  0x00, 0x0d, 0x6d, 0x61, 0x78, 0x5f, 0x69, 0x6e, 0x63, 0x6c, 0x75, 0x73,
  0x69, 0x76, 0x65, 0x00, 0x00, 0x00, 0x07, 0x08, 0x00, 0x04, 0x74, 0x79,
  0x70, 0x65, 0x00, 0x11, 0x6d, 0x69, 0x6e, 0x65, 0x63, 0x72, 0x61, 0x66,
  0x74, 0x3a, 0x75, 0x6e, 0x69, 0x66, 0x6f, 0x72, 0x6d, 0x00, 0x03, 0x00,
  0x05, 0x6d, 0x69, 0x6e, 0x5f, 0x79, 0xff, 0xff, 0xff, 0xc0, 0x01, 0x00,
  0x09, 0x75, 0x6c, 0x74, 0x72, 0x61, 0x77, 0x61, 0x72, 0x6d, 0x00, 0x01,
  0x00, 0x0b, 0x68, 0x61, 0x73, 0x5f, 0x63, 0x65, 0x69, 0x6c, 0x69, 0x6e,
  0x67, 0x00, 0x03, 0x00, 0x06, 0x68, 0x65, 0x69, 0x67, 0x68, 0x74, 0x00,
  0x00, 0x01, 0x80, 0x00,
};
Blob e767_dimension_type() { return {k_e767_dimension_type, sizeof(k_e767_dimension_type)}; }

static const uint8_t k_e767_biome[] = {
  0x18, 0x6d, 0x69, 0x6e, 0x65, 0x63, 0x72, 0x61, 0x66, 0x74, 0x3a, 0x77,
  0x6f, 0x72, 0x6c, 0x64, 0x67, 0x65, 0x6e, 0x2f, 0x62, 0x69, 0x6f, 0x6d,
  0x65, 0x01, 0x10, 0x6d, 0x69, 0x6e, 0x65, 0x63, 0x72, 0x61, 0x66, 0x74,
  0x3a, 0x70, 0x6c, 0x61, 0x69, 0x6e, 0x73, 0x01, 0x0a, 0x0a, 0x00, 0x07,
  0x65, 0x66, 0x66, 0x65, 0x63, 0x74, 0x73, 0x03, 0x00, 0x09, 0x73, 0x6b,
  0x79, 0x5f, 0x63, 0x6f, 0x6c, 0x6f, 0x72, 0x00, 0x78, 0xa7, 0xff, 0x03,
  0x00, 0x0f, 0x77, 0x61, 0x74, 0x65, 0x72, 0x5f, 0x66, 0x6f, 0x67, 0x5f,
  0x63, 0x6f, 0x6c, 0x6f, 0x72, 0x00, 0x05, 0x05, 0x33, 0x03, 0x00, 0x09,
  0x66, 0x6f, 0x67, 0x5f, 0x63, 0x6f, 0x6c, 0x6f, 0x72, 0x00, 0xc0, 0xd8,
  0xff, 0x03, 0x00, 0x0b, 0x77, 0x61, 0x74, 0x65, 0x72, 0x5f, 0x63, 0x6f,
  0x6c, 0x6f, 0x72, 0x00, 0x3f, 0x76, 0xe4, 0x0a, 0x00, 0x0a, 0x6d, 0x6f,
  0x6f, 0x64, 0x5f, 0x73, 0x6f, 0x75, 0x6e, 0x64, 0x03, 0x00, 0x0a, 0x74,
  0x69, 0x63, 0x6b, 0x5f, 0x64, 0x65, 0x6c, 0x61, 0x79, 0x00, 0x00, 0x17,
  0x70, 0x06, 0x00, 0x06, 0x6f, 0x66, 0x66, 0x73, 0x65, 0x74, 0x40, 0x00,
  0x00, 0x00, 0x00, 0x00, 0x00, 0x00, 0x08, 0x00, 0x05, 0x73, 0x6f, 0x75,
  0x6e, 0x64, 0x00, 0x16, 0x6d, 0x69, 0x6e, 0x65, 0x63, 0x72, 0x61, 0x66,
  0x74, 0x3a, 0x61, 0x6d, 0x62, 0x69, 0x65, 0x6e, 0x74, 0x2e, 0x63, 0x61,
  0x76, 0x65, 0x03, 0x00, 0x13, 0x62, 0x6c, 0x6f, 0x63, 0x6b, 0x5f, 0x73,
  0x65, 0x61, 0x72, 0x63, 0x68, 0x5f, 0x65, 0x78, 0x74, 0x65, 0x6e, 0x74,
  0x00, 0x00, 0x00, 0x08, 0x00, 0x00, 0x01, 0x00, 0x11, 0x68, 0x61, 0x73,
  0x5f, 0x70, 0x72, 0x65, 0x63, 0x69, 0x70, 0x69, 0x74, 0x61, 0x74, 0x69,
  0x6f, 0x6e, 0x01, 0x05, 0x00, 0x0b, 0x74, 0x65, 0x6d, 0x70, 0x65, 0x72,
  0x61, 0x74, 0x75, 0x72, 0x65, 0x3f, 0x4c, 0xcc, 0xcd, 0x05, 0x00, 0x08,
  0x64, 0x6f, 0x77, 0x6e, 0x66, 0x61, 0x6c, 0x6c, 0x3e, 0xcc, 0xcc, 0xcd,
  0x00,
};
Blob e767_biome() { return {k_e767_biome, sizeof(k_e767_biome)}; }

static const uint8_t k_e767_chat_type[] = {
  0x13, 0x6d, 0x69, 0x6e, 0x65, 0x63, 0x72, 0x61, 0x66, 0x74, 0x3a, 0x63,
  0x68, 0x61, 0x74, 0x5f, 0x74, 0x79, 0x70, 0x65, 0x07, 0x0e, 0x6d, 0x69,
  0x6e, 0x65, 0x63, 0x72, 0x61, 0x66, 0x74, 0x3a, 0x63, 0x68, 0x61, 0x74,
  0x01, 0x0a, 0x0a, 0x00, 0x04, 0x63, 0x68, 0x61, 0x74, 0x08, 0x00, 0x0f,
  0x74, 0x72, 0x61, 0x6e, 0x73, 0x6c, 0x61, 0x74, 0x69, 0x6f, 0x6e, 0x5f,
  0x6b, 0x65, 0x79, 0x00, 0x0e, 0x63, 0x68, 0x61, 0x74, 0x2e, 0x74, 0x79,
  0x70, 0x65, 0x2e, 0x74, 0x65, 0x78, 0x74, 0x09, 0x00, 0x0a, 0x70, 0x61,
  0x72, 0x61, 0x6d, 0x65, 0x74, 0x65, 0x72, 0x73, 0x08, 0x00, 0x00, 0x00,
  0x02, 0x00, 0x06, 0x73, 0x65, 0x6e, 0x64, 0x65, 0x72, 0x00, 0x07, 0x63,
  0x6f, 0x6e, 0x74, 0x65, 0x6e, 0x74, 0x00, 0x0a, 0x00, 0x09, 0x6e, 0x61,
  0x72, 0x72, 0x61, 0x74, 0x69, 0x6f, 0x6e, 0x08, 0x00, 0x0f, 0x74, 0x72,
  0x61, 0x6e, 0x73, 0x6c, 0x61, 0x74, 0x69, 0x6f, 0x6e, 0x5f, 0x6b, 0x65,
  0x79, 0x00, 0x16, 0x63, 0x68, 0x61, 0x74, 0x2e, 0x74, 0x79, 0x70, 0x65,
  0x2e, 0x74, 0x65, 0x78, 0x74, 0x2e, 0x6e, 0x61, 0x72, 0x72, 0x61, 0x74,
  0x65, 0x09, 0x00, 0x0a, 0x70, 0x61, 0x72, 0x61, 0x6d, 0x65, 0x74, 0x65,
  0x72, 0x73, 0x08, 0x00, 0x00, 0x00, 0x02, 0x00, 0x06, 0x73, 0x65, 0x6e,
  0x64, 0x65, 0x72, 0x00, 0x07, 0x63, 0x6f, 0x6e, 0x74, 0x65, 0x6e, 0x74,
  0x00, 0x00, 0x17, 0x6d, 0x69, 0x6e, 0x65, 0x63, 0x72, 0x61, 0x66, 0x74,
  0x3a, 0x65, 0x6d, 0x6f, 0x74, 0x65, 0x5f, 0x63, 0x6f, 0x6d, 0x6d, 0x61,
  0x6e, 0x64, 0x01, 0x0a, 0x0a, 0x00, 0x04, 0x63, 0x68, 0x61, 0x74, 0x08,
  0x00, 0x0f, 0x74, 0x72, 0x61, 0x6e, 0x73, 0x6c, 0x61, 0x74, 0x69, 0x6f,
  0x6e, 0x5f, 0x6b, 0x65, 0x79, 0x00, 0x0f, 0x63, 0x68, 0x61, 0x74, 0x2e,
  0x74, 0x79, 0x70, 0x65, 0x2e, 0x65, 0x6d, 0x6f, 0x74, 0x65, 0x09, 0x00,
  0x0a, 0x70, 0x61, 0x72, 0x61, 0x6d, 0x65, 0x74, 0x65, 0x72, 0x73, 0x08,
  0x00, 0x00, 0x00, 0x02, 0x00, 0x06, 0x73, 0x65, 0x6e, 0x64, 0x65, 0x72,
  0x00, 0x07, 0x63, 0x6f, 0x6e, 0x74, 0x65, 0x6e, 0x74, 0x00, 0x0a, 0x00,
  0x09, 0x6e, 0x61, 0x72, 0x72, 0x61, 0x74, 0x69, 0x6f, 0x6e, 0x08, 0x00,
  0x0f, 0x74, 0x72, 0x61, 0x6e, 0x73, 0x6c, 0x61, 0x74, 0x69, 0x6f, 0x6e,
  0x5f, 0x6b, 0x65, 0x79, 0x00, 0x0f, 0x63, 0x68, 0x61, 0x74, 0x2e, 0x74,
  0x79, 0x70, 0x65, 0x2e, 0x65, 0x6d, 0x6f, 0x74, 0x65, 0x09, 0x00, 0x0a,
  0x70, 0x61, 0x72, 0x61, 0x6d, 0x65, 0x74, 0x65, 0x72, 0x73, 0x08, 0x00,
  0x00, 0x00, 0x02, 0x00, 0x06, 0x73, 0x65, 0x6e, 0x64, 0x65, 0x72, 0x00,
  0x07, 0x63, 0x6f, 0x6e, 0x74, 0x65, 0x6e, 0x74, 0x00, 0x00, 0x1e, 0x6d,
  0x69, 0x6e, 0x65, 0x63, 0x72, 0x61, 0x66, 0x74, 0x3a, 0x6d, 0x73, 0x67,
  0x5f, 0x63, 0x6f, 0x6d, 0x6d, 0x61, 0x6e, 0x64, 0x5f, 0x69, 0x6e, 0x63,
  0x6f, 0x6d, 0x69, 0x6e, 0x67, 0x01, 0x0a, 0x0a, 0x00, 0x04, 0x63, 0x68,
  0x61, 0x74, 0x08, 0x00, 0x0f, 0x74, 0x72, 0x61, 0x6e, 0x73, 0x6c, 0x61,
  0x74, 0x69, 0x6f, 0x6e, 0x5f, 0x6b, 0x65, 0x79, 0x00, 0x21, 0x63, 0x6f,
  0x6d, 0x6d, 0x61, 0x6e, 0x64, 0x73, 0x2e, 0x6d, 0x65, 0x73, 0x73, 0x61,
  0x67, 0x65, 0x2e, 0x64, 0x69, 0x73, 0x70, 0x6c, 0x61, 0x79, 0x2e, 0x69,
  0x6e, 0x63, 0x6f, 0x6d, 0x69, 0x6e, 0x67, 0x0a, 0x00, 0x05, 0x73, 0x74,
  0x79, 0x6c, 0x65, 0x08, 0x00, 0x05, 0x63, 0x6f, 0x6c, 0x6f, 0x72, 0x00,
  0x04, 0x67, 0x72, 0x61, 0x79, 0x01, 0x00, 0x06, 0x69, 0x74, 0x61, 0x6c,
  0x69, 0x63, 0x01, 0x00, 0x09, 0x00, 0x0a, 0x70, 0x61, 0x72, 0x61, 0x6d,
  0x65, 0x74, 0x65, 0x72, 0x73, 0x08, 0x00, 0x00, 0x00, 0x02, 0x00, 0x06,
  0x73, 0x65, 0x6e, 0x64, 0x65, 0x72, 0x00, 0x07, 0x63, 0x6f, 0x6e, 0x74,
  0x65, 0x6e, 0x74, 0x00, 0x0a, 0x00, 0x09, 0x6e, 0x61, 0x72, 0x72, 0x61,
  0x74, 0x69, 0x6f, 0x6e, 0x08, 0x00, 0x0f, 0x74, 0x72, 0x61, 0x6e, 0x73,
  0x6c, 0x61, 0x74, 0x69, 0x6f, 0x6e, 0x5f, 0x6b, 0x65, 0x79, 0x00, 0x16,
  0x63, 0x68, 0x61, 0x74, 0x2e, 0x74, 0x79, 0x70, 0x65, 0x2e, 0x74, 0x65,
  0x78, 0x74, 0x2e, 0x6e, 0x61, 0x72, 0x72, 0x61, 0x74, 0x65, 0x09, 0x00,
  0x0a, 0x70, 0x61, 0x72, 0x61, 0x6d, 0x65, 0x74, 0x65, 0x72, 0x73, 0x08,
  0x00, 0x00, 0x00, 0x02, 0x00, 0x06, 0x73, 0x65, 0x6e, 0x64, 0x65, 0x72,
  0x00, 0x07, 0x63, 0x6f, 0x6e, 0x74, 0x65, 0x6e, 0x74, 0x00, 0x00, 0x1e,
  0x6d, 0x69, 0x6e, 0x65, 0x63, 0x72, 0x61, 0x66, 0x74, 0x3a, 0x6d, 0x73,
  0x67, 0x5f, 0x63, 0x6f, 0x6d, 0x6d, 0x61, 0x6e, 0x64, 0x5f, 0x6f, 0x75,
  0x74, 0x67, 0x6f, 0x69, 0x6e, 0x67, 0x01, 0x0a, 0x0a, 0x00, 0x04, 0x63,
  0x68, 0x61, 0x74, 0x08, 0x00, 0x0f, 0x74, 0x72, 0x61, 0x6e, 0x73, 0x6c,
  0x61, 0x74, 0x69, 0x6f, 0x6e, 0x5f, 0x6b, 0x65, 0x79, 0x00, 0x21, 0x63,
  0x6f, 0x6d, 0x6d, 0x61, 0x6e, 0x64, 0x73, 0x2e, 0x6d, 0x65, 0x73, 0x73,
  0x61, 0x67, 0x65, 0x2e, 0x64, 0x69, 0x73, 0x70, 0x6c, 0x61, 0x79, 0x2e,
  0x6f, 0x75, 0x74, 0x67, 0x6f, 0x69, 0x6e, 0x67, 0x0a, 0x00, 0x05, 0x73,
  0x74, 0x79, 0x6c, 0x65, 0x08, 0x00, 0x05, 0x63, 0x6f, 0x6c, 0x6f, 0x72,
  0x00, 0x04, 0x67, 0x72, 0x61, 0x79, 0x01, 0x00, 0x06, 0x69, 0x74, 0x61,
  0x6c, 0x69, 0x63, 0x01, 0x00, 0x09, 0x00, 0x0a, 0x70, 0x61, 0x72, 0x61,
  0x6d, 0x65, 0x74, 0x65, 0x72, 0x73, 0x08, 0x00, 0x00, 0x00, 0x02, 0x00,
  0x06, 0x74, 0x61, 0x72, 0x67, 0x65, 0x74, 0x00, 0x07, 0x63, 0x6f, 0x6e,
  0x74, 0x65, 0x6e, 0x74, 0x00, 0x0a, 0x00, 0x09, 0x6e, 0x61, 0x72, 0x72,
  0x61, 0x74, 0x69, 0x6f, 0x6e, 0x08, 0x00, 0x0f, 0x74, 0x72, 0x61, 0x6e,
  0x73, 0x6c, 0x61, 0x74, 0x69, 0x6f, 0x6e, 0x5f, 0x6b, 0x65, 0x79, 0x00,
  0x16, 0x63, 0x68, 0x61, 0x74, 0x2e, 0x74, 0x79, 0x70, 0x65, 0x2e, 0x74,
  0x65, 0x78, 0x74, 0x2e, 0x6e, 0x61, 0x72, 0x72, 0x61, 0x74, 0x65, 0x09,
  0x00, 0x0a, 0x70, 0x61, 0x72, 0x61, 0x6d, 0x65, 0x74, 0x65, 0x72, 0x73,
  0x08, 0x00, 0x00, 0x00, 0x02, 0x00, 0x06, 0x73, 0x65, 0x6e, 0x64, 0x65,
  0x72, 0x00, 0x07, 0x63, 0x6f, 0x6e, 0x74, 0x65, 0x6e, 0x74, 0x00, 0x00,
  0x15, 0x6d, 0x69, 0x6e, 0x65, 0x63, 0x72, 0x61, 0x66, 0x74, 0x3a, 0x73,
  0x61, 0x79, 0x5f, 0x63, 0x6f, 0x6d, 0x6d, 0x61, 0x6e, 0x64, 0x01, 0x0a,
  0x0a, 0x00, 0x04, 0x63, 0x68, 0x61, 0x74, 0x08, 0x00, 0x0f, 0x74, 0x72,
  0x61, 0x6e, 0x73, 0x6c, 0x61, 0x74, 0x69, 0x6f, 0x6e, 0x5f, 0x6b, 0x65,
  0x79, 0x00, 0x16, 0x63, 0x68, 0x61, 0x74, 0x2e, 0x74, 0x79, 0x70, 0x65,
  0x2e, 0x61, 0x6e, 0x6e, 0x6f, 0x75, 0x6e, 0x63, 0x65, 0x6d, 0x65, 0x6e,
  0x74, 0x09, 0x00, 0x0a, 0x70, 0x61, 0x72, 0x61, 0x6d, 0x65, 0x74, 0x65,
  0x72, 0x73, 0x08, 0x00, 0x00, 0x00, 0x02, 0x00, 0x06, 0x73, 0x65, 0x6e,
  0x64, 0x65, 0x72, 0x00, 0x07, 0x63, 0x6f, 0x6e, 0x74, 0x65, 0x6e, 0x74,
  0x00, 0x0a, 0x00, 0x09, 0x6e, 0x61, 0x72, 0x72, 0x61, 0x74, 0x69, 0x6f,
  0x6e, 0x08, 0x00, 0x0f, 0x74, 0x72, 0x61, 0x6e, 0x73, 0x6c, 0x61, 0x74,
  0x69, 0x6f, 0x6e, 0x5f, 0x6b, 0x65, 0x79, 0x00, 0x16, 0x63, 0x68, 0x61,
  0x74, 0x2e, 0x74, 0x79, 0x70, 0x65, 0x2e, 0x74, 0x65, 0x78, 0x74, 0x2e,
  0x6e, 0x61, 0x72, 0x72, 0x61, 0x74, 0x65, 0x09, 0x00, 0x0a, 0x70, 0x61,
  0x72, 0x61, 0x6d, 0x65, 0x74, 0x65, 0x72, 0x73, 0x08, 0x00, 0x00, 0x00,
  0x02, 0x00, 0x06, 0x73, 0x65, 0x6e, 0x64, 0x65, 0x72, 0x00, 0x07, 0x63,
  0x6f, 0x6e, 0x74, 0x65, 0x6e, 0x74, 0x00, 0x00, 0x23, 0x6d, 0x69, 0x6e,
  0x65, 0x63, 0x72, 0x61, 0x66, 0x74, 0x3a, 0x74, 0x65, 0x61, 0x6d, 0x5f,
  0x6d, 0x73, 0x67, 0x5f, 0x63, 0x6f, 0x6d, 0x6d, 0x61, 0x6e, 0x64, 0x5f,
  0x69, 0x6e, 0x63, 0x6f, 0x6d, 0x69, 0x6e, 0x67, 0x01, 0x0a, 0x0a, 0x00,
  0x04, 0x63, 0x68, 0x61, 0x74, 0x08, 0x00, 0x0f, 0x74, 0x72, 0x61, 0x6e,
  0x73, 0x6c, 0x61, 0x74, 0x69, 0x6f, 0x6e, 0x5f, 0x6b, 0x65, 0x79, 0x00,
  0x13, 0x63, 0x68, 0x61, 0x74, 0x2e, 0x74, 0x79, 0x70, 0x65, 0x2e, 0x74,
  0x65, 0x61, 0x6d, 0x2e, 0x74, 0x65, 0x78, 0x74, 0x09, 0x00, 0x0a, 0x70,
  0x61, 0x72, 0x61, 0x6d, 0x65, 0x74, 0x65, 0x72, 0x73, 0x08, 0x00, 0x00,
  0x00, 0x03, 0x00, 0x06, 0x74, 0x61, 0x72, 0x67, 0x65, 0x74, 0x00, 0x06,
  0x73, 0x65, 0x6e, 0x64, 0x65, 0x72, 0x00, 0x07, 0x63, 0x6f, 0x6e, 0x74,
  0x65, 0x6e, 0x74, 0x00, 0x0a, 0x00, 0x09, 0x6e, 0x61, 0x72, 0x72, 0x61,
  0x74, 0x69, 0x6f, 0x6e, 0x08, 0x00, 0x0f, 0x74, 0x72, 0x61, 0x6e, 0x73,
  0x6c, 0x61, 0x74, 0x69, 0x6f, 0x6e, 0x5f, 0x6b, 0x65, 0x79, 0x00, 0x16,
  0x63, 0x68, 0x61, 0x74, 0x2e, 0x74, 0x79, 0x70, 0x65, 0x2e, 0x74, 0x65,
  0x78, 0x74, 0x2e, 0x6e, 0x61, 0x72, 0x72, 0x61, 0x74, 0x65, 0x09, 0x00,
  0x0a, 0x70, 0x61, 0x72, 0x61, 0x6d, 0x65, 0x74, 0x65, 0x72, 0x73, 0x08,
  0x00, 0x00, 0x00, 0x02, 0x00, 0x06, 0x73, 0x65, 0x6e, 0x64, 0x65, 0x72,
  0x00, 0x07, 0x63, 0x6f, 0x6e, 0x74, 0x65, 0x6e, 0x74, 0x00, 0x00, 0x23,
  0x6d, 0x69, 0x6e, 0x65, 0x63, 0x72, 0x61, 0x66, 0x74, 0x3a, 0x74, 0x65,
  0x61, 0x6d, 0x5f, 0x6d, 0x73, 0x67, 0x5f, 0x63, 0x6f, 0x6d, 0x6d, 0x61,
  0x6e, 0x64, 0x5f, 0x6f, 0x75, 0x74, 0x67, 0x6f, 0x69, 0x6e, 0x67, 0x01,
  0x0a, 0x0a, 0x00, 0x04, 0x63, 0x68, 0x61, 0x74, 0x08, 0x00, 0x0f, 0x74,
  0x72, 0x61, 0x6e, 0x73, 0x6c, 0x61, 0x74, 0x69, 0x6f, 0x6e, 0x5f, 0x6b,
  0x65, 0x79, 0x00, 0x13, 0x63, 0x68, 0x61, 0x74, 0x2e, 0x74, 0x79, 0x70,
  0x65, 0x2e, 0x74, 0x65, 0x61, 0x6d, 0x2e, 0x73, 0x65, 0x6e, 0x74, 0x09,
  0x00, 0x0a, 0x70, 0x61, 0x72, 0x61, 0x6d, 0x65, 0x74, 0x65, 0x72, 0x73,
  0x08, 0x00, 0x00, 0x00, 0x03, 0x00, 0x06, 0x74, 0x61, 0x72, 0x67, 0x65,
  0x74, 0x00, 0x06, 0x73, 0x65, 0x6e, 0x64, 0x65, 0x72, 0x00, 0x07, 0x63,
  0x6f, 0x6e, 0x74, 0x65, 0x6e, 0x74, 0x00, 0x0a, 0x00, 0x09, 0x6e, 0x61,
  0x72, 0x72, 0x61, 0x74, 0x69, 0x6f, 0x6e, 0x08, 0x00, 0x0f, 0x74, 0x72,
  0x61, 0x6e, 0x73, 0x6c, 0x61, 0x74, 0x69, 0x6f, 0x6e, 0x5f, 0x6b, 0x65,
  0x79, 0x00, 0x16, 0x63, 0x68, 0x61, 0x74, 0x2e, 0x74, 0x79, 0x70, 0x65,
  0x2e, 0x74, 0x65, 0x78, 0x74, 0x2e, 0x6e, 0x61, 0x72, 0x72, 0x61, 0x74,
  0x65, 0x09, 0x00, 0x0a, 0x70, 0x61, 0x72, 0x61, 0x6d, 0x65, 0x74, 0x65,
  0x72, 0x73, 0x08, 0x00, 0x00, 0x00, 0x02, 0x00, 0x06, 0x73, 0x65, 0x6e,
  0x64, 0x65, 0x72, 0x00, 0x07, 0x63, 0x6f, 0x6e, 0x74, 0x65, 0x6e, 0x74,
  0x00, 0x00,
};
Blob e767_chat_type() { return {k_e767_chat_type, sizeof(k_e767_chat_type)}; }

static const uint8_t k_e767_damage_type[] = {
  0x15, 0x6d, 0x69, 0x6e, 0x65, 0x63, 0x72, 0x61, 0x66, 0x74, 0x3a, 0x64,
  0x61, 0x6d, 0x61, 0x67, 0x65, 0x5f, 0x74, 0x79, 0x70, 0x65, 0x2f, 0x0f,
  0x6d, 0x69, 0x6e, 0x65, 0x63, 0x72, 0x61, 0x66, 0x74, 0x3a, 0x61, 0x72,
  0x72, 0x6f, 0x77, 0x01, 0x0a, 0x08, 0x00, 0x07, 0x73, 0x63, 0x61, 0x6c,
  0x69, 0x6e, 0x67, 0x00, 0x20, 0x77, 0x68, 0x65, 0x6e, 0x5f, 0x63, 0x61,
  0x75, 0x73, 0x65, 0x64, 0x5f, 0x62, 0x79, 0x5f, 0x6c, 0x69, 0x76, 0x69,
  0x6e, 0x67, 0x5f, 0x6e, 0x6f, 0x6e, 0x5f, 0x70, 0x6c, 0x61, 0x79, 0x65,
  0x72, 0x05, 0x00, 0x0a, 0x65, 0x78, 0x68, 0x61, 0x75, 0x73, 0x74, 0x69,
  0x6f, 0x6e, 0x3d, 0xcc, 0xcc, 0xcd, 0x08, 0x00, 0x0a, 0x6d, 0x65, 0x73,
  0x73, 0x61, 0x67, 0x65, 0x5f, 0x69, 0x64, 0x00, 0x05, 0x61, 0x72, 0x72,
  0x6f, 0x77, 0x00, 0x1b, 0x6d, 0x69, 0x6e, 0x65, 0x63, 0x72, 0x61, 0x66,
  0x74, 0x3a, 0x62, 0x61, 0x64, 0x5f, 0x72, 0x65, 0x73, 0x70, 0x61, 0x77,
  0x6e, 0x5f, 0x70, 0x6f, 0x69, 0x6e, 0x74, 0x01, 0x0a, 0x08, 0x00, 0x07,
  0x73, 0x63, 0x61, 0x6c, 0x69, 0x6e, 0x67, 0x00, 0x06, 0x61, 0x6c, 0x77,
  0x61, 0x79, 0x73, 0x05, 0x00, 0x0a, 0x65, 0x78, 0x68, 0x61, 0x75, 0x73,
  0x74, 0x69, 0x6f, 0x6e, 0x3d, 0xcc, 0xcc, 0xcd, 0x08, 0x00, 0x0a, 0x6d,
  0x65, 0x73, 0x73, 0x61, 0x67, 0x65, 0x5f, 0x69, 0x64, 0x00, 0x0f, 0x62,
  0x61, 0x64, 0x52, 0x65, 0x73, 0x70, 0x61, 0x77, 0x6e, 0x50, 0x6f, 0x69,
  0x6e, 0x74, 0x08, 0x00, 0x12, 0x64, 0x65, 0x61, 0x74, 0x68, 0x5f, 0x6d,
  0x65, 0x73, 0x73, 0x61, 0x67, 0x65, 0x5f, 0x74, 0x79, 0x70, 0x65, 0x00,
  0x17, 0x69, 0x6e, 0x74, 0x65, 0x6e, 0x74, 0x69, 0x6f, 0x6e, 0x61, 0x6c,
  0x5f, 0x67, 0x61, 0x6d, 0x65, 0x5f, 0x64, 0x65, 0x73, 0x69, 0x67, 0x6e,
  0x00, 0x10, 0x6d, 0x69, 0x6e, 0x65, 0x63, 0x72, 0x61, 0x66, 0x74, 0x3a,
  0x63, 0x61, 0x63, 0x74, 0x75, 0x73, 0x01, 0x0a, 0x08, 0x00, 0x07, 0x73,
  0x63, 0x61, 0x6c, 0x69, 0x6e, 0x67, 0x00, 0x20, 0x77, 0x68, 0x65, 0x6e,
  0x5f, 0x63, 0x61, 0x75, 0x73, 0x65, 0x64, 0x5f, 0x62, 0x79, 0x5f, 0x6c,
  0x69, 0x76, 0x69, 0x6e, 0x67, 0x5f, 0x6e, 0x6f, 0x6e, 0x5f, 0x70, 0x6c,
  0x61, 0x79, 0x65, 0x72, 0x05, 0x00, 0x0a, 0x65, 0x78, 0x68, 0x61, 0x75,
  0x73, 0x74, 0x69, 0x6f, 0x6e, 0x3d, 0xcc, 0xcc, 0xcd, 0x08, 0x00, 0x0a,
  0x6d, 0x65, 0x73, 0x73, 0x61, 0x67, 0x65, 0x5f, 0x69, 0x64, 0x00, 0x06,
  0x63, 0x61, 0x63, 0x74, 0x75, 0x73, 0x00, 0x12, 0x6d, 0x69, 0x6e, 0x65,
  0x63, 0x72, 0x61, 0x66, 0x74, 0x3a, 0x63, 0x61, 0x6d, 0x70, 0x66, 0x69,
  0x72, 0x65, 0x01, 0x0a, 0x08, 0x00, 0x07, 0x65, 0x66, 0x66, 0x65, 0x63,
  0x74, 0x73, 0x00, 0x07, 0x62, 0x75, 0x72, 0x6e, 0x69, 0x6e, 0x67, 0x08,
  0x00, 0x07, 0x73, 0x63, 0x61, 0x6c, 0x69, 0x6e, 0x67, 0x00, 0x20, 0x77,
  0x68, 0x65, 0x6e, 0x5f, 0x63, 0x61, 0x75, 0x73, 0x65, 0x64, 0x5f, 0x62,
  0x79, 0x5f, 0x6c, 0x69, 0x76, 0x69, 0x6e, 0x67, 0x5f, 0x6e, 0x6f, 0x6e,
  0x5f, 0x70, 0x6c, 0x61, 0x79, 0x65, 0x72, 0x05, 0x00, 0x0a, 0x65, 0x78,
  0x68, 0x61, 0x75, 0x73, 0x74, 0x69, 0x6f, 0x6e, 0x3d, 0xcc, 0xcc, 0xcd,
  0x08, 0x00, 0x0a, 0x6d, 0x65, 0x73, 0x73, 0x61, 0x67, 0x65, 0x5f, 0x69,
  0x64, 0x00, 0x06, 0x69, 0x6e, 0x46, 0x69, 0x72, 0x65, 0x00, 0x12, 0x6d,
  0x69, 0x6e, 0x65, 0x63, 0x72, 0x61, 0x66, 0x74, 0x3a, 0x63, 0x72, 0x61,
  0x6d, 0x6d, 0x69, 0x6e, 0x67, 0x01, 0x0a, 0x08, 0x00, 0x07, 0x73, 0x63,
  0x61, 0x6c, 0x69, 0x6e, 0x67, 0x00, 0x20, 0x77, 0x68, 0x65, 0x6e, 0x5f,
  0x63, 0x61, 0x75, 0x73, 0x65, 0x64, 0x5f, 0x62, 0x79, 0x5f, 0x6c, 0x69,
  0x76, 0x69, 0x6e, 0x67, 0x5f, 0x6e, 0x6f, 0x6e, 0x5f, 0x70, 0x6c, 0x61,
  0x79, 0x65, 0x72, 0x05, 0x00, 0x0a, 0x65, 0x78, 0x68, 0x61, 0x75, 0x73,
  0x74, 0x69, 0x6f, 0x6e, 0x00, 0x00, 0x00, 0x00, 0x08, 0x00, 0x0a, 0x6d,
  0x65, 0x73, 0x73, 0x61, 0x67, 0x65, 0x5f, 0x69, 0x64, 0x00, 0x08, 0x63,
  0x72, 0x61, 0x6d, 0x6d, 0x69, 0x6e, 0x67, 0x00, 0x17, 0x6d, 0x69, 0x6e,
  0x65, 0x63, 0x72, 0x61, 0x66, 0x74, 0x3a, 0x64, 0x72, 0x61, 0x67, 0x6f,
  0x6e, 0x5f, 0x62, 0x72, 0x65, 0x61, 0x74, 0x68, 0x01, 0x0a, 0x08, 0x00,
  0x07, 0x73, 0x63, 0x61, 0x6c, 0x69, 0x6e, 0x67, 0x00, 0x20, 0x77, 0x68,
  0x65, 0x6e, 0x5f, 0x63, 0x61, 0x75, 0x73, 0x65, 0x64, 0x5f, 0x62, 0x79,
  0x5f, 0x6c, 0x69, 0x76, 0x69, 0x6e, 0x67, 0x5f, 0x6e, 0x6f, 0x6e, 0x5f,
  0x70, 0x6c, 0x61, 0x79, 0x65, 0x72, 0x05, 0x00, 0x0a, 0x65, 0x78, 0x68,
  0x61, 0x75, 0x73, 0x74, 0x69, 0x6f, 0x6e, 0x00, 0x00, 0x00, 0x00, 0x08,
  0x00, 0x0a, 0x6d, 0x65, 0x73, 0x73, 0x61, 0x67, 0x65, 0x5f, 0x69, 0x64,
  0x00, 0x0c, 0x64, 0x72, 0x61, 0x67, 0x6f, 0x6e, 0x42, 0x72, 0x65, 0x61,
  0x74, 0x68, 0x00, 0x0f, 0x6d, 0x69, 0x6e, 0x65, 0x63, 0x72, 0x61, 0x66,
  0x74, 0x3a, 0x64, 0x72, 0x6f, 0x77, 0x6e, 0x01, 0x0a, 0x08, 0x00, 0x07,
  0x65, 0x66, 0x66, 0x65, 0x63, 0x74, 0x73, 0x00, 0x08, 0x64, 0x72, 0x6f,
  0x77, 0x6e, 0x69, 0x6e, 0x67, 0x08, 0x00, 0x07, 0x73, 0x63, 0x61, 0x6c,
  0x69, 0x6e, 0x67, 0x00, 0x20, 0x77, 0x68, 0x65, 0x6e, 0x5f, 0x63, 0x61,
  0x75, 0x73, 0x65, 0x64, 0x5f, 0x62, 0x79, 0x5f, 0x6c, 0x69, 0x76, 0x69,
  0x6e, 0x67, 0x5f, 0x6e, 0x6f, 0x6e, 0x5f, 0x70, 0x6c, 0x61, 0x79, 0x65,
  0x72, 0x05, 0x00, 0x0a, 0x65, 0x78, 0x68, 0x61, 0x75, 0x73, 0x74, 0x69,
  0x6f, 0x6e, 0x00, 0x00, 0x00, 0x00, 0x08, 0x00, 0x0a, 0x6d, 0x65, 0x73,
  0x73, 0x61, 0x67, 0x65, 0x5f, 0x69, 0x64, 0x00, 0x05, 0x64, 0x72, 0x6f,
  0x77, 0x6e, 0x00, 0x11, 0x6d, 0x69, 0x6e, 0x65, 0x63, 0x72, 0x61, 0x66,
  0x74, 0x3a, 0x64, 0x72, 0x79, 0x5f, 0x6f, 0x75, 0x74, 0x01, 0x0a, 0x08,
  0x00, 0x07, 0x73, 0x63, 0x61, 0x6c, 0x69, 0x6e, 0x67, 0x00, 0x20, 0x77,
  0x68, 0x65, 0x6e, 0x5f, 0x63, 0x61, 0x75, 0x73, 0x65, 0x64, 0x5f, 0x62,
  0x79, 0x5f, 0x6c, 0x69, 0x76, 0x69, 0x6e, 0x67, 0x5f, 0x6e, 0x6f, 0x6e,
  0x5f, 0x70, 0x6c, 0x61, 0x79, 0x65, 0x72, 0x05, 0x00, 0x0a, 0x65, 0x78,
  0x68, 0x61, 0x75, 0x73, 0x74, 0x69, 0x6f, 0x6e, 0x3d, 0xcc, 0xcc, 0xcd,
  0x08, 0x00, 0x0a, 0x6d, 0x65, 0x73, 0x73, 0x61, 0x67, 0x65, 0x5f, 0x69,
  0x64, 0x00, 0x06, 0x64, 0x72, 0x79, 0x6f, 0x75, 0x74, 0x00, 0x13, 0x6d,
  0x69, 0x6e, 0x65, 0x63, 0x72, 0x61, 0x66, 0x74, 0x3a, 0x65, 0x78, 0x70,
  0x6c, 0x6f, 0x73, 0x69, 0x6f, 0x6e, 0x01, 0x0a, 0x08, 0x00, 0x07, 0x73,
  0x63, 0x61, 0x6c, 0x69, 0x6e, 0x67, 0x00, 0x06, 0x61, 0x6c, 0x77, 0x61,
  0x79, 0x73, 0x05, 0x00, 0x0a, 0x65, 0x78, 0x68, 0x61, 0x75, 0x73, 0x74,
  0x69, 0x6f, 0x6e, 0x3d, 0xcc, 0xcc, 0xcd, 0x08, 0x00, 0x0a, 0x6d, 0x65,
  0x73, 0x73, 0x61, 0x67, 0x65, 0x5f, 0x69, 0x64, 0x00, 0x09, 0x65, 0x78,
  0x70, 0x6c, 0x6f, 0x73, 0x69, 0x6f, 0x6e, 0x00, 0x0e, 0x6d, 0x69, 0x6e,
  0x65, 0x63, 0x72, 0x61, 0x66, 0x74, 0x3a, 0x66, 0x61, 0x6c, 0x6c, 0x01,
  0x0a, 0x08, 0x00, 0x07, 0x73, 0x63, 0x61, 0x6c, 0x69, 0x6e, 0x67, 0x00,
  0x20, 0x77, 0x68, 0x65, 0x6e, 0x5f, 0x63, 0x61, 0x75, 0x73, 0x65, 0x64,
  0x5f, 0x62, 0x79, 0x5f, 0x6c, 0x69, 0x76, 0x69, 0x6e, 0x67, 0x5f, 0x6e,
  0x6f, 0x6e, 0x5f, 0x70, 0x6c, 0x61, 0x79, 0x65, 0x72, 0x05, 0x00, 0x0a,
  0x65, 0x78, 0x68, 0x61, 0x75, 0x73, 0x74, 0x69, 0x6f, 0x6e, 0x00, 0x00,
  0x00, 0x00, 0x08, 0x00, 0x0a, 0x6d, 0x65, 0x73, 0x73, 0x61, 0x67, 0x65,
  0x5f, 0x69, 0x64, 0x00, 0x04, 0x66, 0x61, 0x6c, 0x6c, 0x08, 0x00, 0x12,
  0x64, 0x65, 0x61, 0x74, 0x68, 0x5f, 0x6d, 0x65, 0x73, 0x73, 0x61, 0x67,
  0x65, 0x5f, 0x74, 0x79, 0x70, 0x65, 0x00, 0x0d, 0x66, 0x61, 0x6c, 0x6c,
  0x5f, 0x76, 0x61, 0x72, 0x69, 0x61, 0x6e, 0x74, 0x73, 0x00, 0x17, 0x6d,
  0x69, 0x6e, 0x65, 0x63, 0x72, 0x61, 0x66, 0x74, 0x3a, 0x66, 0x61, 0x6c,
  0x6c, 0x69, 0x6e, 0x67, 0x5f, 0x61, 0x6e, 0x76, 0x69, 0x6c, 0x01, 0x0a,
  0x08, 0x00, 0x07, 0x73, 0x63, 0x61, 0x6c, 0x69, 0x6e, 0x67, 0x00, 0x20,
  0x77, 0x68, 0x65, 0x6e, 0x5f, 0x63, 0x61, 0x75, 0x73, 0x65, 0x64, 0x5f,
  0x62, 0x79, 0x5f, 0x6c, 0x69, 0x76, 0x69, 0x6e, 0x67, 0x5f, 0x6e, 0x6f,
  0x6e, 0x5f, 0x70, 0x6c, 0x61, 0x79, 0x65, 0x72, 0x05, 0x00, 0x0a, 0x65,
  0x78, 0x68, 0x61, 0x75, 0x73, 0x74, 0x69, 0x6f, 0x6e, 0x3d, 0xcc, 0xcc,
  0xcd, 0x08, 0x00, 0x0a, 0x6d, 0x65, 0x73, 0x73, 0x61, 0x67, 0x65, 0x5f,
  0x69, 0x64, 0x00, 0x05, 0x61, 0x6e, 0x76, 0x69, 0x6c, 0x00, 0x17, 0x6d,
  0x69, 0x6e, 0x65, 0x63, 0x72, 0x61, 0x66, 0x74, 0x3a, 0x66, 0x61, 0x6c,
  0x6c, 0x69, 0x6e, 0x67, 0x5f, 0x62, 0x6c, 0x6f, 0x63, 0x6b, 0x01, 0x0a,
  0x08, 0x00, 0x07, 0x73, 0x63, 0x61, 0x6c, 0x69, 0x6e, 0x67, 0x00, 0x20,
  0x77, 0x68, 0x65, 0x6e, 0x5f, 0x63, 0x61, 0x75, 0x73, 0x65, 0x64, 0x5f,
  0x62, 0x79, 0x5f, 0x6c, 0x69, 0x76, 0x69, 0x6e, 0x67, 0x5f, 0x6e, 0x6f,
  0x6e, 0x5f, 0x70, 0x6c, 0x61, 0x79, 0x65, 0x72, 0x05, 0x00, 0x0a, 0x65,
  0x78, 0x68, 0x61, 0x75, 0x73, 0x74, 0x69, 0x6f, 0x6e, 0x3d, 0xcc, 0xcc,
  0xcd, 0x08, 0x00, 0x0a, 0x6d, 0x65, 0x73, 0x73, 0x61, 0x67, 0x65, 0x5f,
  0x69, 0x64, 0x00, 0x0c, 0x66, 0x61, 0x6c, 0x6c, 0x69, 0x6e, 0x67, 0x42,
  0x6c, 0x6f, 0x63, 0x6b, 0x00, 0x1c, 0x6d, 0x69, 0x6e, 0x65, 0x63, 0x72,
  0x61, 0x66, 0x74, 0x3a, 0x66, 0x61, 0x6c, 0x6c, 0x69, 0x6e, 0x67, 0x5f,
  0x73, 0x74, 0x61, 0x6c, 0x61, 0x63, 0x74, 0x69, 0x74, 0x65, 0x01, 0x0a,
  0x08, 0x00, 0x07, 0x73, 0x63, 0x61, 0x6c, 0x69, 0x6e, 0x67, 0x00, 0x20,
  0x77, 0x68, 0x65, 0x6e, 0x5f, 0x63, 0x61, 0x75, 0x73, 0x65, 0x64, 0x5f,
  0x62, 0x79, 0x5f, 0x6c, 0x69, 0x76, 0x69, 0x6e, 0x67, 0x5f, 0x6e, 0x6f,
  0x6e, 0x5f, 0x70, 0x6c, 0x61, 0x79, 0x65, 0x72, 0x05, 0x00, 0x0a, 0x65,
  0x78, 0x68, 0x61, 0x75, 0x73, 0x74, 0x69, 0x6f, 0x6e, 0x3d, 0xcc, 0xcc,
  0xcd, 0x08, 0x00, 0x0a, 0x6d, 0x65, 0x73, 0x73, 0x61, 0x67, 0x65, 0x5f,
  0x69, 0x64, 0x00, 0x11, 0x66, 0x61, 0x6c, 0x6c, 0x69, 0x6e, 0x67, 0x53,
  0x74, 0x61, 0x6c, 0x61, 0x63, 0x74, 0x69, 0x74, 0x65, 0x00, 0x12, 0x6d,
  0x69, 0x6e, 0x65, 0x63, 0x72, 0x61, 0x66, 0x74, 0x3a, 0x66, 0x69, 0x72,
  0x65, 0x62, 0x61, 0x6c, 0x6c, 0x01, 0x0a, 0x08, 0x00, 0x07, 0x65, 0x66,
  0x66, 0x65, 0x63, 0x74, 0x73, 0x00, 0x07, 0x62, 0x75, 0x72, 0x6e, 0x69,
  0x6e, 0x67, 0x08, 0x00, 0x07, 0x73, 0x63, 0x61, 0x6c, 0x69, 0x6e, 0x67,
  0x00, 0x20, 0x77, 0x68, 0x65, 0x6e, 0x5f, 0x63, 0x61, 0x75, 0x73, 0x65,
  0x64, 0x5f, 0x62, 0x79, 0x5f, 0x6c, 0x69, 0x76, 0x69, 0x6e, 0x67, 0x5f,
  0x6e, 0x6f, 0x6e, 0x5f, 0x70, 0x6c, 0x61, 0x79, 0x65, 0x72, 0x05, 0x00,
  0x0a, 0x65, 0x78, 0x68, 0x61, 0x75, 0x73, 0x74, 0x69, 0x6f, 0x6e, 0x3d,
  0xcc, 0xcc, 0xcd, 0x08, 0x00, 0x0a, 0x6d, 0x65, 0x73, 0x73, 0x61, 0x67,
  0x65, 0x5f, 0x69, 0x64, 0x00, 0x08, 0x66, 0x69, 0x72, 0x65, 0x62, 0x61,
  0x6c, 0x6c, 0x00, 0x13, 0x6d, 0x69, 0x6e, 0x65, 0x63, 0x72, 0x61, 0x66,
  0x74, 0x3a, 0x66, 0x69, 0x72, 0x65, 0x77, 0x6f, 0x72, 0x6b, 0x73, 0x01,
  0x0a, 0x08, 0x00, 0x07, 0x73, 0x63, 0x61, 0x6c, 0x69, 0x6e, 0x67, 0x00,
  0x20, 0x77, 0x68, 0x65, 0x6e, 0x5f, 0x63, 0x61, 0x75, 0x73, 0x65, 0x64,
  0x5f, 0x62, 0x79, 0x5f, 0x6c, 0x69, 0x76, 0x69, 0x6e, 0x67, 0x5f, 0x6e,
  0x6f, 0x6e, 0x5f, 0x70, 0x6c, 0x61, 0x79, 0x65, 0x72, 0x05, 0x00, 0x0a,
  0x65, 0x78, 0x68, 0x61, 0x75, 0x73, 0x74, 0x69, 0x6f, 0x6e, 0x3d, 0xcc,
  0xcc, 0xcd, 0x08, 0x00, 0x0a, 0x6d, 0x65, 0x73, 0x73, 0x61, 0x67, 0x65,
  0x5f, 0x69, 0x64, 0x00, 0x09, 0x66, 0x69, 0x72, 0x65, 0x77, 0x6f, 0x72,
  0x6b, 0x73, 0x00, 0x17, 0x6d, 0x69, 0x6e, 0x65, 0x63, 0x72, 0x61, 0x66,
  0x74, 0x3a, 0x66, 0x6c, 0x79, 0x5f, 0x69, 0x6e, 0x74, 0x6f, 0x5f, 0x77,
  0x61, 0x6c, 0x6c, 0x01, 0x0a, 0x08, 0x00, 0x07, 0x73, 0x63, 0x61, 0x6c,
  0x69, 0x6e, 0x67, 0x00, 0x20, 0x77, 0x68, 0x65, 0x6e, 0x5f, 0x63, 0x61,
  0x75, 0x73, 0x65, 0x64, 0x5f, 0x62, 0x79, 0x5f, 0x6c, 0x69, 0x76, 0x69,
  0x6e, 0x67, 0x5f, 0x6e, 0x6f, 0x6e, 0x5f, 0x70, 0x6c, 0x61, 0x79, 0x65,
  0x72, 0x05, 0x00, 0x0a, 0x65, 0x78, 0x68, 0x61, 0x75, 0x73, 0x74, 0x69,
  0x6f, 0x6e, 0x00, 0x00, 0x00, 0x00, 0x08, 0x00, 0x0a, 0x6d, 0x65, 0x73,
  0x73, 0x61, 0x67, 0x65, 0x5f, 0x69, 0x64, 0x00, 0x0b, 0x66, 0x6c, 0x79,
  0x49, 0x6e, 0x74, 0x6f, 0x57, 0x61, 0x6c, 0x6c, 0x00, 0x10, 0x6d, 0x69,
  0x6e, 0x65, 0x63, 0x72, 0x61, 0x66, 0x74, 0x3a, 0x66, 0x72, 0x65, 0x65,
  0x7a, 0x65, 0x01, 0x0a, 0x08, 0x00, 0x07, 0x65, 0x66, 0x66, 0x65, 0x63,
  0x74, 0x73, 0x00, 0x08, 0x66, 0x72, 0x65, 0x65, 0x7a, 0x69, 0x6e, 0x67,
  0x08, 0x00, 0x07, 0x73, 0x63, 0x61, 0x6c, 0x69, 0x6e, 0x67, 0x00, 0x20,
  0x77, 0x68, 0x65, 0x6e, 0x5f, 0x63, 0x61, 0x75, 0x73, 0x65, 0x64, 0x5f,
  0x62, 0x79, 0x5f, 0x6c, 0x69, 0x76, 0x69, 0x6e, 0x67, 0x5f, 0x6e, 0x6f,
  0x6e, 0x5f, 0x70, 0x6c, 0x61, 0x79, 0x65, 0x72, 0x05, 0x00, 0x0a, 0x65,
  0x78, 0x68, 0x61, 0x75, 0x73, 0x74, 0x69, 0x6f, 0x6e, 0x00, 0x00, 0x00,
  0x00, 0x08, 0x00, 0x0a, 0x6d, 0x65, 0x73, 0x73, 0x61, 0x67, 0x65, 0x5f,
  0x69, 0x64, 0x00, 0x06, 0x66, 0x72, 0x65, 0x65, 0x7a, 0x65, 0x00, 0x11,
  0x6d, 0x69, 0x6e, 0x65, 0x63, 0x72, 0x61, 0x66, 0x74, 0x3a, 0x67, 0x65,
  0x6e, 0x65, 0x72, 0x69, 0x63, 0x01, 0x0a, 0x08, 0x00, 0x07, 0x73, 0x63,
  0x61, 0x6c, 0x69, 0x6e, 0x67, 0x00, 0x20, 0x77, 0x68, 0x65, 0x6e, 0x5f,
  0x63, 0x61, 0x75, 0x73, 0x65, 0x64, 0x5f, 0x62, 0x79, 0x5f, 0x6c, 0x69,
  0x76, 0x69, 0x6e, 0x67, 0x5f, 0x6e, 0x6f, 0x6e, 0x5f, 0x70, 0x6c, 0x61,
  0x79, 0x65, 0x72, 0x05, 0x00, 0x0a, 0x65, 0x78, 0x68, 0x61, 0x75, 0x73,
  0x74, 0x69, 0x6f, 0x6e, 0x00, 0x00, 0x00, 0x00, 0x08, 0x00, 0x0a, 0x6d,
  0x65, 0x73, 0x73, 0x61, 0x67, 0x65, 0x5f, 0x69, 0x64, 0x00, 0x07, 0x67,
  0x65, 0x6e, 0x65, 0x72, 0x69, 0x63, 0x00, 0x16, 0x6d, 0x69, 0x6e, 0x65,
  0x63, 0x72, 0x61, 0x66, 0x74, 0x3a, 0x67, 0x65, 0x6e, 0x65, 0x72, 0x69,
  0x63, 0x5f, 0x6b, 0x69, 0x6c, 0x6c, 0x01, 0x0a, 0x08, 0x00, 0x07, 0x73,
  0x63, 0x61, 0x6c, 0x69, 0x6e, 0x67, 0x00, 0x20, 0x77, 0x68, 0x65, 0x6e,
  0x5f, 0x63, 0x61, 0x75, 0x73, 0x65, 0x64, 0x5f, 0x62, 0x79, 0x5f, 0x6c,
  0x69, 0x76, 0x69, 0x6e, 0x67, 0x5f, 0x6e, 0x6f, 0x6e, 0x5f, 0x70, 0x6c,
  0x61, 0x79, 0x65, 0x72, 0x05, 0x00, 0x0a, 0x65, 0x78, 0x68, 0x61, 0x75,
  0x73, 0x74, 0x69, 0x6f, 0x6e, 0x00, 0x00, 0x00, 0x00, 0x08, 0x00, 0x0a,
  0x6d, 0x65, 0x73, 0x73, 0x61, 0x67, 0x65, 0x5f, 0x69, 0x64, 0x00, 0x0b,
  0x67, 0x65, 0x6e, 0x65, 0x72, 0x69, 0x63, 0x4b, 0x69, 0x6c, 0x6c, 0x00,
  0x13, 0x6d, 0x69, 0x6e, 0x65, 0x63, 0x72, 0x61, 0x66, 0x74, 0x3a, 0x68,
  0x6f, 0x74, 0x5f, 0x66, 0x6c, 0x6f, 0x6f, 0x72, 0x01, 0x0a, 0x08, 0x00,
  0x07, 0x65, 0x66, 0x66, 0x65, 0x63, 0x74, 0x73, 0x00, 0x07, 0x62, 0x75,
  0x72, 0x6e, 0x69, 0x6e, 0x67, 0x08, 0x00, 0x07, 0x73, 0x63, 0x61, 0x6c,
  0x69, 0x6e, 0x67, 0x00, 0x20, 0x77, 0x68, 0x65, 0x6e, 0x5f, 0x63, 0x61,
  0x75, 0x73, 0x65, 0x64, 0x5f, 0x62, 0x79, 0x5f, 0x6c, 0x69, 0x76, 0x69,
  0x6e, 0x67, 0x5f, 0x6e, 0x6f, 0x6e, 0x5f, 0x70, 0x6c, 0x61, 0x79, 0x65,
  0x72, 0x05, 0x00, 0x0a, 0x65, 0x78, 0x68, 0x61, 0x75, 0x73, 0x74, 0x69,
  0x6f, 0x6e, 0x3d, 0xcc, 0xcc, 0xcd, 0x08, 0x00, 0x0a, 0x6d, 0x65, 0x73,
  0x73, 0x61, 0x67, 0x65, 0x5f, 0x69, 0x64, 0x00, 0x08, 0x68, 0x6f, 0x74,
  0x46, 0x6c, 0x6f, 0x6f, 0x72, 0x00, 0x11, 0x6d, 0x69, 0x6e, 0x65, 0x63,
  0x72, 0x61, 0x66, 0x74, 0x3a, 0x69, 0x6e, 0x5f, 0x66, 0x69, 0x72, 0x65,
  0x01, 0x0a, 0x08, 0x00, 0x07, 0x65, 0x66, 0x66, 0x65, 0x63, 0x74, 0x73,
  0x00, 0x07, 0x62, 0x75, 0x72, 0x6e, 0x69, 0x6e, 0x67, 0x08, 0x00, 0x07,
  0x73, 0x63, 0x61, 0x6c, 0x69, 0x6e, 0x67, 0x00, 0x20, 0x77, 0x68, 0x65,
  0x6e, 0x5f, 0x63, 0x61, 0x75, 0x73, 0x65, 0x64, 0x5f, 0x62, 0x79, 0x5f,
  0x6c, 0x69, 0x76, 0x69, 0x6e, 0x67, 0x5f, 0x6e, 0x6f, 0x6e, 0x5f, 0x70,
  0x6c, 0x61, 0x79, 0x65, 0x72, 0x05, 0x00, 0x0a, 0x65, 0x78, 0x68, 0x61,
  0x75, 0x73, 0x74, 0x69, 0x6f, 0x6e, 0x3d, 0xcc, 0xcc, 0xcd, 0x08, 0x00,
  0x0a, 0x6d, 0x65, 0x73, 0x73, 0x61, 0x67, 0x65, 0x5f, 0x69, 0x64, 0x00,
  0x06, 0x69, 0x6e, 0x46, 0x69, 0x72, 0x65, 0x00, 0x11, 0x6d, 0x69, 0x6e,
  0x65, 0x63, 0x72, 0x61, 0x66, 0x74, 0x3a, 0x69, 0x6e, 0x5f, 0x77, 0x61,
  0x6c, 0x6c, 0x01, 0x0a, 0x08, 0x00, 0x07, 0x73, 0x63, 0x61, 0x6c, 0x69,
  0x6e, 0x67, 0x00, 0x20, 0x77, 0x68, 0x65, 0x6e, 0x5f, 0x63, 0x61, 0x75,
  0x73, 0x65, 0x64, 0x5f, 0x62, 0x79, 0x5f, 0x6c, 0x69, 0x76, 0x69, 0x6e,
  0x67, 0x5f, 0x6e, 0x6f, 0x6e, 0x5f, 0x70, 0x6c, 0x61, 0x79, 0x65, 0x72,
  0x05, 0x00, 0x0a, 0x65, 0x78, 0x68, 0x61, 0x75, 0x73, 0x74, 0x69, 0x6f,
  0x6e, 0x00, 0x00, 0x00, 0x00, 0x08, 0x00, 0x0a, 0x6d, 0x65, 0x73, 0x73,
  0x61, 0x67, 0x65, 0x5f, 0x69, 0x64, 0x00, 0x06, 0x69, 0x6e, 0x57, 0x61,
  0x6c, 0x6c, 0x00, 0x18, 0x6d, 0x69, 0x6e, 0x65, 0x63, 0x72, 0x61, 0x66,
  0x74, 0x3a, 0x69, 0x6e, 0x64, 0x69, 0x72, 0x65, 0x63, 0x74, 0x5f, 0x6d,
  0x61, 0x67, 0x69, 0x63, 0x01, 0x0a, 0x08, 0x00, 0x07, 0x73, 0x63, 0x61,
  0x6c, 0x69, 0x6e, 0x67, 0x00, 0x20, 0x77, 0x68, 0x65, 0x6e, 0x5f, 0x63,
  0x61, 0x75, 0x73, 0x65, 0x64, 0x5f, 0x62, 0x79, 0x5f, 0x6c, 0x69, 0x76,
  0x69, 0x6e, 0x67, 0x5f, 0x6e, 0x6f, 0x6e, 0x5f, 0x70, 0x6c, 0x61, 0x79,
  0x65, 0x72, 0x05, 0x00, 0x0a, 0x65, 0x78, 0x68, 0x61, 0x75, 0x73, 0x74,
  0x69, 0x6f, 0x6e, 0x00, 0x00, 0x00, 0x00, 0x08, 0x00, 0x0a, 0x6d, 0x65,
  0x73, 0x73, 0x61, 0x67, 0x65, 0x5f, 0x69, 0x64, 0x00, 0x0d, 0x69, 0x6e,
  0x64, 0x69, 0x72, 0x65, 0x63, 0x74, 0x4d, 0x61, 0x67, 0x69, 0x63, 0x00,
  0x0e, 0x6d, 0x69, 0x6e, 0x65, 0x63, 0x72, 0x61, 0x66, 0x74, 0x3a, 0x6c,
  0x61, 0x76, 0x61, 0x01, 0x0a, 0x08, 0x00, 0x07, 0x65, 0x66, 0x66, 0x65,
  0x63, 0x74, 0x73, 0x00, 0x07, 0x62, 0x75, 0x72, 0x6e, 0x69, 0x6e, 0x67,
  0x08, 0x00, 0x07, 0x73, 0x63, 0x61, 0x6c, 0x69, 0x6e, 0x67, 0x00, 0x20,
  0x77, 0x68, 0x65, 0x6e, 0x5f, 0x63, 0x61, 0x75, 0x73, 0x65, 0x64, 0x5f,
  0x62, 0x79, 0x5f, 0x6c, 0x69, 0x76, 0x69, 0x6e, 0x67, 0x5f, 0x6e, 0x6f,
  0x6e, 0x5f, 0x70, 0x6c, 0x61, 0x79, 0x65, 0x72, 0x05, 0x00, 0x0a, 0x65,
  0x78, 0x68, 0x61, 0x75, 0x73, 0x74, 0x69, 0x6f, 0x6e, 0x3d, 0xcc, 0xcc,
  0xcd, 0x08, 0x00, 0x0a, 0x6d, 0x65, 0x73, 0x73, 0x61, 0x67, 0x65, 0x5f,
  0x69, 0x64, 0x00, 0x04, 0x6c, 0x61, 0x76, 0x61, 0x00, 0x18, 0x6d, 0x69,
  0x6e, 0x65, 0x63, 0x72, 0x61, 0x66, 0x74, 0x3a, 0x6c, 0x69, 0x67, 0x68,
  0x74, 0x6e, 0x69, 0x6e, 0x67, 0x5f, 0x62, 0x6f, 0x6c, 0x74, 0x01, 0x0a,
  0x08, 0x00, 0x07, 0x73, 0x63, 0x61, 0x6c, 0x69, 0x6e, 0x67, 0x00, 0x20,
  0x77, 0x68, 0x65, 0x6e, 0x5f, 0x63, 0x61, 0x75, 0x73, 0x65, 0x64, 0x5f,
  0x62, 0x79, 0x5f, 0x6c, 0x69, 0x76, 0x69, 0x6e, 0x67, 0x5f, 0x6e, 0x6f,
  0x6e, 0x5f, 0x70, 0x6c, 0x61, 0x79, 0x65, 0x72, 0x05, 0x00, 0x0a, 0x65,
  0x78, 0x68, 0x61, 0x75, 0x73, 0x74, 0x69, 0x6f, 0x6e, 0x3d, 0xcc, 0xcc,
  0xcd, 0x08, 0x00, 0x0a, 0x6d, 0x65, 0x73, 0x73, 0x61, 0x67, 0x65, 0x5f,
  0x69, 0x64, 0x00, 0x0d, 0x6c, 0x69, 0x67, 0x68, 0x74, 0x6e, 0x69, 0x6e,
  0x67, 0x42, 0x6f, 0x6c, 0x74, 0x00, 0x0f, 0x6d, 0x69, 0x6e, 0x65, 0x63,
  0x72, 0x61, 0x66, 0x74, 0x3a, 0x6d, 0x61, 0x67, 0x69, 0x63, 0x01, 0x0a,
  0x08, 0x00, 0x07, 0x73, 0x63, 0x61, 0x6c, 0x69, 0x6e, 0x67, 0x00, 0x20,
  0x77, 0x68, 0x65, 0x6e, 0x5f, 0x63, 0x61, 0x75, 0x73, 0x65, 0x64, 0x5f,
  0x62, 0x79, 0x5f, 0x6c, 0x69, 0x76, 0x69, 0x6e, 0x67, 0x5f, 0x6e, 0x6f,
  0x6e, 0x5f, 0x70, 0x6c, 0x61, 0x79, 0x65, 0x72, 0x05, 0x00, 0x0a, 0x65,
  0x78, 0x68, 0x61, 0x75, 0x73, 0x74, 0x69, 0x6f, 0x6e, 0x00, 0x00, 0x00,
  0x00, 0x08, 0x00, 0x0a, 0x6d, 0x65, 0x73, 0x73, 0x61, 0x67, 0x65, 0x5f,
  0x69, 0x64, 0x00, 0x05, 0x6d, 0x61, 0x67, 0x69, 0x63, 0x00, 0x14, 0x6d,
  0x69, 0x6e, 0x65, 0x63, 0x72, 0x61, 0x66, 0x74, 0x3a, 0x6d, 0x6f, 0x62,
  0x5f, 0x61, 0x74, 0x74, 0x61, 0x63, 0x6b, 0x01, 0x0a, 0x08, 0x00, 0x07,
  0x73, 0x63, 0x61, 0x6c, 0x69, 0x6e, 0x67, 0x00, 0x20, 0x77, 0x68, 0x65,
  0x6e, 0x5f, 0x63, 0x61, 0x75, 0x73, 0x65, 0x64, 0x5f, 0x62, 0x79, 0x5f,
  0x6c, 0x69, 0x76, 0x69, 0x6e, 0x67, 0x5f, 0x6e, 0x6f, 0x6e, 0x5f, 0x70,
  0x6c, 0x61, 0x79, 0x65, 0x72, 0x05, 0x00, 0x0a, 0x65, 0x78, 0x68, 0x61,
  0x75, 0x73, 0x74, 0x69, 0x6f, 0x6e, 0x3d, 0xcc, 0xcc, 0xcd, 0x08, 0x00,
  0x0a, 0x6d, 0x65, 0x73, 0x73, 0x61, 0x67, 0x65, 0x5f, 0x69, 0x64, 0x00,
  0x03, 0x6d, 0x6f, 0x62, 0x00, 0x1d, 0x6d, 0x69, 0x6e, 0x65, 0x63, 0x72,
  0x61, 0x66, 0x74, 0x3a, 0x6d, 0x6f, 0x62, 0x5f, 0x61, 0x74, 0x74, 0x61,
  0x63, 0x6b, 0x5f, 0x6e, 0x6f, 0x5f, 0x61, 0x67, 0x67, 0x72, 0x6f, 0x01,
  0x0a, 0x08, 0x00, 0x07, 0x73, 0x63, 0x61, 0x6c, 0x69, 0x6e, 0x67, 0x00,
  0x20, 0x77, 0x68, 0x65, 0x6e, 0x5f, 0x63, 0x61, 0x75, 0x73, 0x65, 0x64,
  0x5f, 0x62, 0x79, 0x5f, 0x6c, 0x69, 0x76, 0x69, 0x6e, 0x67, 0x5f, 0x6e,
  0x6f, 0x6e, 0x5f, 0x70, 0x6c, 0x61, 0x79, 0x65, 0x72, 0x05, 0x00, 0x0a,
  0x65, 0x78, 0x68, 0x61, 0x75, 0x73, 0x74, 0x69, 0x6f, 0x6e, 0x3d, 0xcc,
  0xcc, 0xcd, 0x08, 0x00, 0x0a, 0x6d, 0x65, 0x73, 0x73, 0x61, 0x67, 0x65,
  0x5f, 0x69, 0x64, 0x00, 0x03, 0x6d, 0x6f, 0x62, 0x00, 0x18, 0x6d, 0x69,
  0x6e, 0x65, 0x63, 0x72, 0x61, 0x66, 0x74, 0x3a, 0x6d, 0x6f, 0x62, 0x5f,
  0x70, 0x72, 0x6f, 0x6a, 0x65, 0x63, 0x74, 0x69, 0x6c, 0x65, 0x01, 0x0a,
  0x08, 0x00, 0x07, 0x73, 0x63, 0x61, 0x6c, 0x69, 0x6e, 0x67, 0x00, 0x20,
  0x77, 0x68, 0x65, 0x6e, 0x5f, 0x63, 0x61, 0x75, 0x73, 0x65, 0x64, 0x5f,
  0x62, 0x79, 0x5f, 0x6c, 0x69, 0x76, 0x69, 0x6e, 0x67, 0x5f, 0x6e, 0x6f,
  0x6e, 0x5f, 0x70, 0x6c, 0x61, 0x79, 0x65, 0x72, 0x05, 0x00, 0x0a, 0x65,
  0x78, 0x68, 0x61, 0x75, 0x73, 0x74, 0x69, 0x6f, 0x6e, 0x3d, 0xcc, 0xcc,
  0xcd, 0x08, 0x00, 0x0a, 0x6d, 0x65, 0x73, 0x73, 0x61, 0x67, 0x65, 0x5f,
  0x69, 0x64, 0x00, 0x03, 0x6d, 0x6f, 0x62, 0x00, 0x11, 0x6d, 0x69, 0x6e,
  0x65, 0x63, 0x72, 0x61, 0x66, 0x74, 0x3a, 0x6f, 0x6e, 0x5f, 0x66, 0x69,
  0x72, 0x65, 0x01, 0x0a, 0x08, 0x00, 0x07, 0x65, 0x66, 0x66, 0x65, 0x63,
  0x74, 0x73, 0x00, 0x07, 0x62, 0x75, 0x72, 0x6e, 0x69, 0x6e, 0x67, 0x08,
  0x00, 0x07, 0x73, 0x63, 0x61, 0x6c, 0x69, 0x6e, 0x67, 0x00, 0x20, 0x77,
  0x68, 0x65, 0x6e, 0x5f, 0x63, 0x61, 0x75, 0x73, 0x65, 0x64, 0x5f, 0x62,
  0x79, 0x5f, 0x6c, 0x69, 0x76, 0x69, 0x6e, 0x67, 0x5f, 0x6e, 0x6f, 0x6e,
  0x5f, 0x70, 0x6c, 0x61, 0x79, 0x65, 0x72, 0x05, 0x00, 0x0a, 0x65, 0x78,
  0x68, 0x61, 0x75, 0x73, 0x74, 0x69, 0x6f, 0x6e, 0x00, 0x00, 0x00, 0x00,
  0x08, 0x00, 0x0a, 0x6d, 0x65, 0x73, 0x73, 0x61, 0x67, 0x65, 0x5f, 0x69,
  0x64, 0x00, 0x06, 0x6f, 0x6e, 0x46, 0x69, 0x72, 0x65, 0x00, 0x16, 0x6d,
  0x69, 0x6e, 0x65, 0x63, 0x72, 0x61, 0x66, 0x74, 0x3a, 0x6f, 0x75, 0x74,
  0x5f, 0x6f, 0x66, 0x5f, 0x77, 0x6f, 0x72, 0x6c, 0x64, 0x01, 0x0a, 0x08,
  0x00, 0x07, 0x73, 0x63, 0x61, 0x6c, 0x69, 0x6e, 0x67, 0x00, 0x20, 0x77,
  0x68, 0x65, 0x6e, 0x5f, 0x63, 0x61, 0x75, 0x73, 0x65, 0x64, 0x5f, 0x62,
  0x79, 0x5f, 0x6c, 0x69, 0x76, 0x69, 0x6e, 0x67, 0x5f, 0x6e, 0x6f, 0x6e,
  0x5f, 0x70, 0x6c, 0x61, 0x79, 0x65, 0x72, 0x05, 0x00, 0x0a, 0x65, 0x78,
  0x68, 0x61, 0x75, 0x73, 0x74, 0x69, 0x6f, 0x6e, 0x00, 0x00, 0x00, 0x00,
  0x08, 0x00, 0x0a, 0x6d, 0x65, 0x73, 0x73, 0x61, 0x67, 0x65, 0x5f, 0x69,
  0x64, 0x00, 0x0a, 0x6f, 0x75, 0x74, 0x4f, 0x66, 0x57, 0x6f, 0x72, 0x6c,
  0x64, 0x00, 0x18, 0x6d, 0x69, 0x6e, 0x65, 0x63, 0x72, 0x61, 0x66, 0x74,
  0x3a, 0x6f, 0x75, 0x74, 0x73, 0x69, 0x64, 0x65, 0x5f, 0x62, 0x6f, 0x72,
  0x64, 0x65, 0x72, 0x01, 0x0a, 0x08, 0x00, 0x07, 0x73, 0x63, 0x61, 0x6c,
  0x69, 0x6e, 0x67, 0x00, 0x20, 0x77, 0x68, 0x65, 0x6e, 0x5f, 0x63, 0x61,
  0x75, 0x73, 0x65, 0x64, 0x5f, 0x62, 0x79, 0x5f, 0x6c, 0x69, 0x76, 0x69,
  0x6e, 0x67, 0x5f, 0x6e, 0x6f, 0x6e, 0x5f, 0x70, 0x6c, 0x61, 0x79, 0x65,
  0x72, 0x05, 0x00, 0x0a, 0x65, 0x78, 0x68, 0x61, 0x75, 0x73, 0x74, 0x69,
  0x6f, 0x6e, 0x00, 0x00, 0x00, 0x00, 0x08, 0x00, 0x0a, 0x6d, 0x65, 0x73,
  0x73, 0x61, 0x67, 0x65, 0x5f, 0x69, 0x64, 0x00, 0x0d, 0x6f, 0x75, 0x74,
  0x73, 0x69, 0x64, 0x65, 0x42, 0x6f, 0x72, 0x64, 0x65, 0x72, 0x00, 0x17,
  0x6d, 0x69, 0x6e, 0x65, 0x63, 0x72, 0x61, 0x66, 0x74, 0x3a, 0x70, 0x6c,
  0x61, 0x79, 0x65, 0x72, 0x5f, 0x61, 0x74, 0x74, 0x61, 0x63, 0x6b, 0x01,
  0x0a, 0x08, 0x00, 0x07, 0x73, 0x63, 0x61, 0x6c, 0x69, 0x6e, 0x67, 0x00,
  0x20, 0x77, 0x68, 0x65, 0x6e, 0x5f, 0x63, 0x61, 0x75, 0x73, 0x65, 0x64,
  0x5f, 0x62, 0x79, 0x5f, 0x6c, 0x69, 0x76, 0x69, 0x6e, 0x67, 0x5f, 0x6e,
  0x6f, 0x6e, 0x5f, 0x70, 0x6c, 0x61, 0x79, 0x65, 0x72, 0x05, 0x00, 0x0a,
  0x65, 0x78, 0x68, 0x61, 0x75, 0x73, 0x74, 0x69, 0x6f, 0x6e, 0x3d, 0xcc,
  0xcc, 0xcd, 0x08, 0x00, 0x0a, 0x6d, 0x65, 0x73, 0x73, 0x61, 0x67, 0x65,
  0x5f, 0x69, 0x64, 0x00, 0x06, 0x70, 0x6c, 0x61, 0x79, 0x65, 0x72, 0x00,
  0x1a, 0x6d, 0x69, 0x6e, 0x65, 0x63, 0x72, 0x61, 0x66, 0x74, 0x3a, 0x70,
  0x6c, 0x61, 0x79, 0x65, 0x72, 0x5f, 0x65, 0x78, 0x70, 0x6c, 0x6f, 0x73,
  0x69, 0x6f, 0x6e, 0x01, 0x0a, 0x08, 0x00, 0x07, 0x73, 0x63, 0x61, 0x6c,
  0x69, 0x6e, 0x67, 0x00, 0x06, 0x61, 0x6c, 0x77, 0x61, 0x79, 0x73, 0x05,
  0x00, 0x0a, 0x65, 0x78, 0x68, 0x61, 0x75, 0x73, 0x74, 0x69, 0x6f, 0x6e,
  0x3d, 0xcc, 0xcc, 0xcd, 0x08, 0x00, 0x0a, 0x6d, 0x65, 0x73, 0x73, 0x61,
  0x67, 0x65, 0x5f, 0x69, 0x64, 0x00, 0x10, 0x65, 0x78, 0x70, 0x6c, 0x6f,
  0x73, 0x69, 0x6f, 0x6e, 0x2e, 0x70, 0x6c, 0x61, 0x79, 0x65, 0x72, 0x00,
  0x14, 0x6d, 0x69, 0x6e, 0x65, 0x63, 0x72, 0x61, 0x66, 0x74, 0x3a, 0x73,
  0x6f, 0x6e, 0x69, 0x63, 0x5f, 0x62, 0x6f, 0x6f, 0x6d, 0x01, 0x0a, 0x08,
  0x00, 0x07, 0x73, 0x63, 0x61, 0x6c, 0x69, 0x6e, 0x67, 0x00, 0x06, 0x61,
  0x6c, 0x77, 0x61, 0x79, 0x73, 0x05, 0x00, 0x0a, 0x65, 0x78, 0x68, 0x61,
  0x75, 0x73, 0x74, 0x69, 0x6f, 0x6e, 0x00, 0x00, 0x00, 0x00, 0x08, 0x00,
  0x0a, 0x6d, 0x65, 0x73, 0x73, 0x61, 0x67, 0x65, 0x5f, 0x69, 0x64, 0x00,
  0x0a, 0x73, 0x6f, 0x6e, 0x69, 0x63, 0x5f, 0x62, 0x6f, 0x6f, 0x6d, 0x00,
  0x0e, 0x6d, 0x69, 0x6e, 0x65, 0x63, 0x72, 0x61, 0x66, 0x74, 0x3a, 0x73,
  0x70, 0x69, 0x74, 0x01, 0x0a, 0x08, 0x00, 0x07, 0x73, 0x63, 0x61, 0x6c,
  0x69, 0x6e, 0x67, 0x00, 0x20, 0x77, 0x68, 0x65, 0x6e, 0x5f, 0x63, 0x61,
  0x75, 0x73, 0x65, 0x64, 0x5f, 0x62, 0x79, 0x5f, 0x6c, 0x69, 0x76, 0x69,
  0x6e, 0x67, 0x5f, 0x6e, 0x6f, 0x6e, 0x5f, 0x70, 0x6c, 0x61, 0x79, 0x65,
  0x72, 0x05, 0x00, 0x0a, 0x65, 0x78, 0x68, 0x61, 0x75, 0x73, 0x74, 0x69,
  0x6f, 0x6e, 0x3d, 0xcc, 0xcc, 0xcd, 0x08, 0x00, 0x0a, 0x6d, 0x65, 0x73,
  0x73, 0x61, 0x67, 0x65, 0x5f, 0x69, 0x64, 0x00, 0x03, 0x6d, 0x6f, 0x62,
  0x00, 0x14, 0x6d, 0x69, 0x6e, 0x65, 0x63, 0x72, 0x61, 0x66, 0x74, 0x3a,
  0x73, 0x74, 0x61, 0x6c, 0x61, 0x67, 0x6d, 0x69, 0x74, 0x65, 0x01, 0x0a,
  0x08, 0x00, 0x07, 0x73, 0x63, 0x61, 0x6c, 0x69, 0x6e, 0x67, 0x00, 0x20,
  0x77, 0x68, 0x65, 0x6e, 0x5f, 0x63, 0x61, 0x75, 0x73, 0x65, 0x64, 0x5f,
  0x62, 0x79, 0x5f, 0x6c, 0x69, 0x76, 0x69, 0x6e, 0x67, 0x5f, 0x6e, 0x6f,
  0x6e, 0x5f, 0x70, 0x6c, 0x61, 0x79, 0x65, 0x72, 0x05, 0x00, 0x0a, 0x65,
  0x78, 0x68, 0x61, 0x75, 0x73, 0x74, 0x69, 0x6f, 0x6e, 0x00, 0x00, 0x00,
  0x00, 0x08, 0x00, 0x0a, 0x6d, 0x65, 0x73, 0x73, 0x61, 0x67, 0x65, 0x5f,
  0x69, 0x64, 0x00, 0x0a, 0x73, 0x74, 0x61, 0x6c, 0x61, 0x67, 0x6d, 0x69,
  0x74, 0x65, 0x00, 0x10, 0x6d, 0x69, 0x6e, 0x65, 0x63, 0x72, 0x61, 0x66,
  0x74, 0x3a, 0x73, 0x74, 0x61, 0x72, 0x76, 0x65, 0x01, 0x0a, 0x08, 0x00,
  0x07, 0x73, 0x63, 0x61, 0x6c, 0x69, 0x6e, 0x67, 0x00, 0x20, 0x77, 0x68,
  0x65, 0x6e, 0x5f, 0x63, 0x61, 0x75, 0x73, 0x65, 0x64, 0x5f, 0x62, 0x79,
  0x5f, 0x6c, 0x69, 0x76, 0x69, 0x6e, 0x67, 0x5f, 0x6e, 0x6f, 0x6e, 0x5f,
  0x70, 0x6c, 0x61, 0x79, 0x65, 0x72, 0x05, 0x00, 0x0a, 0x65, 0x78, 0x68,
  0x61, 0x75, 0x73, 0x74, 0x69, 0x6f, 0x6e, 0x00, 0x00, 0x00, 0x00, 0x08,
  0x00, 0x0a, 0x6d, 0x65, 0x73, 0x73, 0x61, 0x67, 0x65, 0x5f, 0x69, 0x64,
  0x00, 0x06, 0x73, 0x74, 0x61, 0x72, 0x76, 0x65, 0x00, 0x0f, 0x6d, 0x69,
  0x6e, 0x65, 0x63, 0x72, 0x61, 0x66, 0x74, 0x3a, 0x73, 0x74, 0x69, 0x6e,
  0x67, 0x01, 0x0a, 0x08, 0x00, 0x07, 0x73, 0x63, 0x61, 0x6c, 0x69, 0x6e,
  0x67, 0x00, 0x20, 0x77, 0x68, 0x65, 0x6e, 0x5f, 0x63, 0x61, 0x75, 0x73,
  0x65, 0x64, 0x5f, 0x62, 0x79, 0x5f, 0x6c, 0x69, 0x76, 0x69, 0x6e, 0x67,
  0x5f, 0x6e, 0x6f, 0x6e, 0x5f, 0x70, 0x6c, 0x61, 0x79, 0x65, 0x72, 0x05,
  0x00, 0x0a, 0x65, 0x78, 0x68, 0x61, 0x75, 0x73, 0x74, 0x69, 0x6f, 0x6e,
  0x3d, 0xcc, 0xcc, 0xcd, 0x08, 0x00, 0x0a, 0x6d, 0x65, 0x73, 0x73, 0x61,
  0x67, 0x65, 0x5f, 0x69, 0x64, 0x00, 0x05, 0x73, 0x74, 0x69, 0x6e, 0x67,
  0x00, 0x1a, 0x6d, 0x69, 0x6e, 0x65, 0x63, 0x72, 0x61, 0x66, 0x74, 0x3a,
  0x73, 0x77, 0x65, 0x65, 0x74, 0x5f, 0x62, 0x65, 0x72, 0x72, 0x79, 0x5f,
  0x62, 0x75, 0x73, 0x68, 0x01, 0x0a, 0x08, 0x00, 0x07, 0x65, 0x66, 0x66,
  0x65, 0x63, 0x74, 0x73, 0x00, 0x06, 0x70, 0x6f, 0x6b, 0x69, 0x6e, 0x67,
  0x08, 0x00, 0x07, 0x73, 0x63, 0x61, 0x6c, 0x69, 0x6e, 0x67, 0x00, 0x20,
  0x77, 0x68, 0x65, 0x6e, 0x5f, 0x63, 0x61, 0x75, 0x73, 0x65, 0x64, 0x5f,
  0x62, 0x79, 0x5f, 0x6c, 0x69, 0x76, 0x69, 0x6e, 0x67, 0x5f, 0x6e, 0x6f,
  0x6e, 0x5f, 0x70, 0x6c, 0x61, 0x79, 0x65, 0x72, 0x05, 0x00, 0x0a, 0x65,
  0x78, 0x68, 0x61, 0x75, 0x73, 0x74, 0x69, 0x6f, 0x6e, 0x3d, 0xcc, 0xcc,
  0xcd, 0x08, 0x00, 0x0a, 0x6d, 0x65, 0x73, 0x73, 0x61, 0x67, 0x65, 0x5f,
  0x69, 0x64, 0x00, 0x0e, 0x73, 0x77, 0x65, 0x65, 0x74, 0x42, 0x65, 0x72,
  0x72, 0x79, 0x42, 0x75, 0x73, 0x68, 0x00, 0x10, 0x6d, 0x69, 0x6e, 0x65,
  0x63, 0x72, 0x61, 0x66, 0x74, 0x3a, 0x74, 0x68, 0x6f, 0x72, 0x6e, 0x73,
  0x01, 0x0a, 0x08, 0x00, 0x07, 0x65, 0x66, 0x66, 0x65, 0x63, 0x74, 0x73,
  0x00, 0x06, 0x74, 0x68, 0x6f, 0x72, 0x6e, 0x73, 0x08, 0x00, 0x07, 0x73,
  0x63, 0x61, 0x6c, 0x69, 0x6e, 0x67, 0x00, 0x20, 0x77, 0x68, 0x65, 0x6e,
  0x5f, 0x63, 0x61, 0x75, 0x73, 0x65, 0x64, 0x5f, 0x62, 0x79, 0x5f, 0x6c,
  0x69, 0x76, 0x69, 0x6e, 0x67, 0x5f, 0x6e, 0x6f, 0x6e, 0x5f, 0x70, 0x6c,
  0x61, 0x79, 0x65, 0x72, 0x05, 0x00, 0x0a, 0x65, 0x78, 0x68, 0x61, 0x75,
  0x73, 0x74, 0x69, 0x6f, 0x6e, 0x3d, 0xcc, 0xcc, 0xcd, 0x08, 0x00, 0x0a,
  0x6d, 0x65, 0x73, 0x73, 0x61, 0x67, 0x65, 0x5f, 0x69, 0x64, 0x00, 0x06,
  0x74, 0x68, 0x6f, 0x72, 0x6e, 0x73, 0x00, 0x10, 0x6d, 0x69, 0x6e, 0x65,
  0x63, 0x72, 0x61, 0x66, 0x74, 0x3a, 0x74, 0x68, 0x72, 0x6f, 0x77, 0x6e,
  0x01, 0x0a, 0x08, 0x00, 0x07, 0x73, 0x63, 0x61, 0x6c, 0x69, 0x6e, 0x67,
  0x00, 0x20, 0x77, 0x68, 0x65, 0x6e, 0x5f, 0x63, 0x61, 0x75, 0x73, 0x65,
  0x64, 0x5f, 0x62, 0x79, 0x5f, 0x6c, 0x69, 0x76, 0x69, 0x6e, 0x67, 0x5f,
  0x6e, 0x6f, 0x6e, 0x5f, 0x70, 0x6c, 0x61, 0x79, 0x65, 0x72, 0x05, 0x00,
  0x0a, 0x65, 0x78, 0x68, 0x61, 0x75, 0x73, 0x74, 0x69, 0x6f, 0x6e, 0x3d,
  0xcc, 0xcc, 0xcd, 0x08, 0x00, 0x0a, 0x6d, 0x65, 0x73, 0x73, 0x61, 0x67,
  0x65, 0x5f, 0x69, 0x64, 0x00, 0x06, 0x74, 0x68, 0x72, 0x6f, 0x77, 0x6e,
  0x00, 0x11, 0x6d, 0x69, 0x6e, 0x65, 0x63, 0x72, 0x61, 0x66, 0x74, 0x3a,
  0x74, 0x72, 0x69, 0x64, 0x65, 0x6e, 0x74, 0x01, 0x0a, 0x08, 0x00, 0x07,
  0x73, 0x63, 0x61, 0x6c, 0x69, 0x6e, 0x67, 0x00, 0x20, 0x77, 0x68, 0x65,
  0x6e, 0x5f, 0x63, 0x61, 0x75, 0x73, 0x65, 0x64, 0x5f, 0x62, 0x79, 0x5f,
  0x6c, 0x69, 0x76, 0x69, 0x6e, 0x67, 0x5f, 0x6e, 0x6f, 0x6e, 0x5f, 0x70,
  0x6c, 0x61, 0x79, 0x65, 0x72, 0x05, 0x00, 0x0a, 0x65, 0x78, 0x68, 0x61,
  0x75, 0x73, 0x74, 0x69, 0x6f, 0x6e, 0x3d, 0xcc, 0xcc, 0xcd, 0x08, 0x00,
  0x0a, 0x6d, 0x65, 0x73, 0x73, 0x61, 0x67, 0x65, 0x5f, 0x69, 0x64, 0x00,
  0x07, 0x74, 0x72, 0x69, 0x64, 0x65, 0x6e, 0x74, 0x00, 0x1f, 0x6d, 0x69,
  0x6e, 0x65, 0x63, 0x72, 0x61, 0x66, 0x74, 0x3a, 0x75, 0x6e, 0x61, 0x74,
  0x74, 0x72, 0x69, 0x62, 0x75, 0x74, 0x65, 0x64, 0x5f, 0x66, 0x69, 0x72,
  0x65, 0x62, 0x61, 0x6c, 0x6c, 0x01, 0x0a, 0x08, 0x00, 0x07, 0x65, 0x66,
  0x66, 0x65, 0x63, 0x74, 0x73, 0x00, 0x07, 0x62, 0x75, 0x72, 0x6e, 0x69,
  0x6e, 0x67, 0x08, 0x00, 0x07, 0x73, 0x63, 0x61, 0x6c, 0x69, 0x6e, 0x67,
  0x00, 0x20, 0x77, 0x68, 0x65, 0x6e, 0x5f, 0x63, 0x61, 0x75, 0x73, 0x65,
  0x64, 0x5f, 0x62, 0x79, 0x5f, 0x6c, 0x69, 0x76, 0x69, 0x6e, 0x67, 0x5f,
  0x6e, 0x6f, 0x6e, 0x5f, 0x70, 0x6c, 0x61, 0x79, 0x65, 0x72, 0x05, 0x00,
  0x0a, 0x65, 0x78, 0x68, 0x61, 0x75, 0x73, 0x74, 0x69, 0x6f, 0x6e, 0x3d,
  0xcc, 0xcc, 0xcd, 0x08, 0x00, 0x0a, 0x6d, 0x65, 0x73, 0x73, 0x61, 0x67,
  0x65, 0x5f, 0x69, 0x64, 0x00, 0x06, 0x6f, 0x6e, 0x46, 0x69, 0x72, 0x65,
  0x00, 0x15, 0x6d, 0x69, 0x6e, 0x65, 0x63, 0x72, 0x61, 0x66, 0x74, 0x3a,
  0x77, 0x69, 0x6e, 0x64, 0x5f, 0x63, 0x68, 0x61, 0x72, 0x67, 0x65, 0x01,
  0x0a, 0x08, 0x00, 0x07, 0x73, 0x63, 0x61, 0x6c, 0x69, 0x6e, 0x67, 0x00,
  0x20, 0x77, 0x68, 0x65, 0x6e, 0x5f, 0x63, 0x61, 0x75, 0x73, 0x65, 0x64,
  0x5f, 0x62, 0x79, 0x5f, 0x6c, 0x69, 0x76, 0x69, 0x6e, 0x67, 0x5f, 0x6e,
  0x6f, 0x6e, 0x5f, 0x70, 0x6c, 0x61, 0x79, 0x65, 0x72, 0x05, 0x00, 0x0a,
  0x65, 0x78, 0x68, 0x61, 0x75, 0x73, 0x74, 0x69, 0x6f, 0x6e, 0x3d, 0xcc,
  0xcc, 0xcd, 0x08, 0x00, 0x0a, 0x6d, 0x65, 0x73, 0x73, 0x61, 0x67, 0x65,
  0x5f, 0x69, 0x64, 0x00, 0x03, 0x6d, 0x6f, 0x62, 0x00, 0x10, 0x6d, 0x69,
  0x6e, 0x65, 0x63, 0x72, 0x61, 0x66, 0x74, 0x3a, 0x77, 0x69, 0x74, 0x68,
  0x65, 0x72, 0x01, 0x0a, 0x08, 0x00, 0x07, 0x73, 0x63, 0x61, 0x6c, 0x69,
  0x6e, 0x67, 0x00, 0x20, 0x77, 0x68, 0x65, 0x6e, 0x5f, 0x63, 0x61, 0x75,
  0x73, 0x65, 0x64, 0x5f, 0x62, 0x79, 0x5f, 0x6c, 0x69, 0x76, 0x69, 0x6e,
  0x67, 0x5f, 0x6e, 0x6f, 0x6e, 0x5f, 0x70, 0x6c, 0x61, 0x79, 0x65, 0x72,
  0x05, 0x00, 0x0a, 0x65, 0x78, 0x68, 0x61, 0x75, 0x73, 0x74, 0x69, 0x6f,
  0x6e, 0x00, 0x00, 0x00, 0x00, 0x08, 0x00, 0x0a, 0x6d, 0x65, 0x73, 0x73,
  0x61, 0x67, 0x65, 0x5f, 0x69, 0x64, 0x00, 0x06, 0x77, 0x69, 0x74, 0x68,
  0x65, 0x72, 0x00, 0x16, 0x6d, 0x69, 0x6e, 0x65, 0x63, 0x72, 0x61, 0x66,
  0x74, 0x3a, 0x77, 0x69, 0x74, 0x68, 0x65, 0x72, 0x5f, 0x73, 0x6b, 0x75,
  0x6c, 0x6c, 0x01, 0x0a, 0x08, 0x00, 0x07, 0x73, 0x63, 0x61, 0x6c, 0x69,
  0x6e, 0x67, 0x00, 0x20, 0x77, 0x68, 0x65, 0x6e, 0x5f, 0x63, 0x61, 0x75,
  0x73, 0x65, 0x64, 0x5f, 0x62, 0x79, 0x5f, 0x6c, 0x69, 0x76, 0x69, 0x6e,
  0x67, 0x5f, 0x6e, 0x6f, 0x6e, 0x5f, 0x70, 0x6c, 0x61, 0x79, 0x65, 0x72,
  0x05, 0x00, 0x0a, 0x65, 0x78, 0x68, 0x61, 0x75, 0x73, 0x74, 0x69, 0x6f,
  0x6e, 0x3d, 0xcc, 0xcc, 0xcd, 0x08, 0x00, 0x0a, 0x6d, 0x65, 0x73, 0x73,
  0x61, 0x67, 0x65, 0x5f, 0x69, 0x64, 0x00, 0x0b, 0x77, 0x69, 0x74, 0x68,
  0x65, 0x72, 0x53, 0x6b, 0x75, 0x6c, 0x6c, 0x00,
};
Blob e767_damage_type() { return {k_e767_damage_type, sizeof(k_e767_damage_type)}; }

static const uint8_t k_e769_dimension_type[] = {
  0x18, 0x6d, 0x69, 0x6e, 0x65, 0x63, 0x72, 0x61, 0x66, 0x74, 0x3a, 0x64,
  0x69, 0x6d, 0x65, 0x6e, 0x73, 0x69, 0x6f, 0x6e, 0x5f, 0x74, 0x79, 0x70,
  0x65, 0x01, 0x13, 0x6d, 0x69, 0x6e, 0x65, 0x63, 0x72, 0x61, 0x66, 0x74,
  0x3a, 0x6f, 0x76, 0x65, 0x72, 0x77, 0x6f, 0x72, 0x6c, 0x64, 0x01, 0x0a,
  0x01, 0x00, 0x0b, 0x70, 0x69, 0x67, 0x6c, 0x69, 0x6e, 0x5f, 0x73, 0x61,
  0x66, 0x65, 0x00, 0x01, 0x00, 0x07, 0x6e, 0x61, 0x74, 0x75, 0x72, 0x61,
  0x6c, 0x01, 0x05, 0x00, 0x0d, 0x61, 0x6d, 0x62, 0x69, 0x65, 0x6e, 0x74,
  0x5f, 0x6c, 0x69, 0x67, 0x68, 0x74, 0x00, 0x00, 0x00, 0x00, 0x03, 0x00,
  0x1f, 0x6d, 0x6f, 0x6e, 0x73, 0x74, 0x65, 0x72, 0x5f, 0x73, 0x70, 0x61,
  0x77, 0x6e, 0x5f, 0x62, 0x6c, 0x6f, 0x63, 0x6b, 0x5f, 0x6c, 0x69, 0x67,
  0x68, 0x74, 0x5f, 0x6c, 0x69, 0x6d, 0x69, 0x74, 0x00, 0x00, 0x00, 0x00,
  0x08, 0x00, 0x0a, 0x69, 0x6e, 0x66, 0x69, 0x6e, 0x69, 0x62, 0x75, 0x72,
  0x6e, 0x00, 0x1f, 0x23, 0x6d, 0x69, 0x6e, 0x65, 0x63, 0x72, 0x61, 0x66,
  0x74, 0x3a, 0x69, 0x6e, 0x66, 0x69, 0x6e, 0x69, 0x62, 0x75, 0x72, 0x6e,
  0x5f, 0x6f, 0x76, 0x65, 0x72, 0x77, 0x6f, 0x72, 0x6c, 0x64, 0x01, 0x00,
  0x14, 0x72, 0x65, 0x73, 0x70, 0x61, 0x77, 0x6e, 0x5f, 0x61, 0x6e, 0x63,
  0x68, 0x6f, 0x72, 0x5f, 0x77, 0x6f, 0x72, 0x6b, 0x73, 0x00, 0x01, 0x00,
  0x0c, 0x68, 0x61, 0x73, 0x5f, 0x73, 0x6b, 0x79, 0x6c, 0x69, 0x67, 0x68,
  0x74, 0x01, 0x01, 0x00, 0x09, 0x62, 0x65, 0x64, 0x5f, 0x77, 0x6f, 0x72,
  0x6b, 0x73, 0x01, 0x08, 0x00, 0x07, 0x65, 0x66, 0x66, 0x65, 0x63, 0x74,
  0x73, 0x00, 0x13, 0x6d, 0x69, 0x6e, 0x65, 0x63, 0x72, 0x61, 0x66, 0x74,
  0x3a, 0x6f, 0x76, 0x65, 0x72, 0x77, 0x6f, 0x72, 0x6c, 0x64, 0x01, 0x00,
  0x09, 0x68, 0x61, 0x73, 0x5f, 0x72, 0x61, 0x69, 0x64, 0x73, 0x01, 0x03,
  0x00, 0x0e, 0x6c, 0x6f, 0x67, 0x69, 0x63, 0x61, 0x6c, 0x5f, 0x68, 0x65,
  0x69, 0x67, 0x68, 0x74, 0x00, 0x00, 0x01, 0x80, 0x06, 0x00, 0x10, 0x63,
  0x6f, 0x6f, 0x72, 0x64, 0x69, 0x6e, 0x61, 0x74, 0x65, 0x5f, 0x73, 0x63,
  0x61, 0x6c, 0x65, 0x3f, 0xf0, 0x00, 0x00, 0x00, 0x00, 0x00, 0x00, 0x0a,
  0x00, 0x19, 0x6d, 0x6f, 0x6e, 0x73, 0x74, 0x65, 0x72, 0x5f, 0x73, 0x70,
  0x61, 0x77, 0x6e, 0x5f, 0x6c, 0x69, 0x67, 0x68, 0x74, 0x5f, 0x6c, 0x65,
  0x76, 0x65, 0x6c, 0x03, 0x00, 0x0d, 0x6d, 0x69, 0x6e, 0x5f, 0x69, 0x6e,
  0x63, 0x6c, 0x75, 0x73, 0x69, 0x76, 0x65, 0x00, 0x00, 0x00, 0x00, 0x03,
  0x00, 0x0d, 0x6d, 0x61, 0x78, 0x5f, 0x69, 0x6e, 0x63, 0x6c, 0x75, 0x73,
  0x69, 0x76, 0x65, 0x00, 0x00, 0x00, 0x07, 0x08, 0x00, 0x04, 0x74, 0x79,
  0x70, 0x65, 0x00, 0x11, 0x6d, 0x69, 0x6e, 0x65, 0x63, 0x72, 0x61, 0x66,
  0x74, 0x3a, 0x75, 0x6e, 0x69, 0x66, 0x6f, 0x72, 0x6d, 0x00, 0x03, 0x00,
  0x05, 0x6d, 0x69, 0x6e, 0x5f, 0x79, 0xff, 0xff, 0xff, 0xc0, 0x01, 0x00,
  0x09, 0x75, 0x6c, 0x74, 0x72, 0x61, 0x77, 0x61, 0x72, 0x6d, 0x00, 0x01,
  0x00, 0x0b, 0x68, 0x61, 0x73, 0x5f, 0x63, 0x65, 0x69, 0x6c, 0x69, 0x6e,
  0x67, 0x00, 0x03, 0x00, 0x06, 0x68, 0x65, 0x69, 0x67, 0x68, 0x74, 0x00,
  0x00, 0x01, 0x80, 0x00,
};
Blob e769_dimension_type() { return {k_e769_dimension_type, sizeof(k_e769_dimension_type)}; }

static const uint8_t k_e769_biome[] = {
  0x18, 0x6d, 0x69, 0x6e, 0x65, 0x63, 0x72, 0x61, 0x66, 0x74, 0x3a, 0x77,
  0x6f, 0x72, 0x6c, 0x64, 0x67, 0x65, 0x6e, 0x2f, 0x62, 0x69, 0x6f, 0x6d,
  0x65, 0x01, 0x10, 0x6d, 0x69, 0x6e, 0x65, 0x63, 0x72, 0x61, 0x66, 0x74,
  0x3a, 0x70, 0x6c, 0x61, 0x69, 0x6e, 0x73, 0x01, 0x0a, 0x0a, 0x00, 0x07,
  0x65, 0x66, 0x66, 0x65, 0x63, 0x74, 0x73, 0x03, 0x00, 0x09, 0x73, 0x6b,
  0x79, 0x5f, 0x63, 0x6f, 0x6c, 0x6f, 0x72, 0x00, 0x78, 0xa7, 0xff, 0x03,
  0x00, 0x0f, 0x77, 0x61, 0x74, 0x65, 0x72, 0x5f, 0x66, 0x6f, 0x67, 0x5f,
  0x63, 0x6f, 0x6c, 0x6f, 0x72, 0x00, 0x05, 0x05, 0x33, 0x03, 0x00, 0x09,
  0x66, 0x6f, 0x67, 0x5f, 0x63, 0x6f, 0x6c, 0x6f, 0x72, 0x00, 0xc0, 0xd8,
  0xff, 0x03, 0x00, 0x0b, 0x77, 0x61, 0x74, 0x65, 0x72, 0x5f, 0x63, 0x6f,
  0x6c, 0x6f, 0x72, 0x00, 0x3f, 0x76, 0xe4, 0x0a, 0x00, 0x0a, 0x6d, 0x6f,
  0x6f, 0x64, 0x5f, 0x73, 0x6f, 0x75, 0x6e, 0x64, 0x03, 0x00, 0x0a, 0x74,
  0x69, 0x63, 0x6b, 0x5f, 0x64, 0x65, 0x6c, 0x61, 0x79, 0x00, 0x00, 0x17,
  0x70, 0x06, 0x00, 0x06, 0x6f, 0x66, 0x66, 0x73, 0x65, 0x74, 0x40, 0x00,
  0x00, 0x00, 0x00, 0x00, 0x00, 0x00, 0x08, 0x00, 0x05, 0x73, 0x6f, 0x75,
  0x6e, 0x64, 0x00, 0x16, 0x6d, 0x69, 0x6e, 0x65, 0x63, 0x72, 0x61, 0x66,
  0x74, 0x3a, 0x61, 0x6d, 0x62, 0x69, 0x65, 0x6e, 0x74, 0x2e, 0x63, 0x61,
  0x76, 0x65, 0x03, 0x00, 0x13, 0x62, 0x6c, 0x6f, 0x63, 0x6b, 0x5f, 0x73,
  0x65, 0x61, 0x72, 0x63, 0x68, 0x5f, 0x65, 0x78, 0x74, 0x65, 0x6e, 0x74,
  0x00, 0x00, 0x00, 0x08, 0x00, 0x00, 0x01, 0x00, 0x11, 0x68, 0x61, 0x73,
  0x5f, 0x70, 0x72, 0x65, 0x63, 0x69, 0x70, 0x69, 0x74, 0x61, 0x74, 0x69,
  0x6f, 0x6e, 0x01, 0x05, 0x00, 0x0b, 0x74, 0x65, 0x6d, 0x70, 0x65, 0x72,
  0x61, 0x74, 0x75, 0x72, 0x65, 0x3f, 0x4c, 0xcc, 0xcd, 0x05, 0x00, 0x08,
  0x64, 0x6f, 0x77, 0x6e, 0x66, 0x61, 0x6c, 0x6c, 0x3e, 0xcc, 0xcc, 0xcd,
  0x00,
};
Blob e769_biome() { return {k_e769_biome, sizeof(k_e769_biome)}; }

static const uint8_t k_e769_chat_type[] = {
  0x13, 0x6d, 0x69, 0x6e, 0x65, 0x63, 0x72, 0x61, 0x66, 0x74, 0x3a, 0x63,
  0x68, 0x61, 0x74, 0x5f, 0x74, 0x79, 0x70, 0x65, 0x07, 0x0e, 0x6d, 0x69,
  0x6e, 0x65, 0x63, 0x72, 0x61, 0x66, 0x74, 0x3a, 0x63, 0x68, 0x61, 0x74,
  0x01, 0x0a, 0x0a, 0x00, 0x04, 0x63, 0x68, 0x61, 0x74, 0x08, 0x00, 0x0f,
  0x74, 0x72, 0x61, 0x6e, 0x73, 0x6c, 0x61, 0x74, 0x69, 0x6f, 0x6e, 0x5f,
  0x6b, 0x65, 0x79, 0x00, 0x0e, 0x63, 0x68, 0x61, 0x74, 0x2e, 0x74, 0x79,
  0x70, 0x65, 0x2e, 0x74, 0x65, 0x78, 0x74, 0x09, 0x00, 0x0a, 0x70, 0x61,
  0x72, 0x61, 0x6d, 0x65, 0x74, 0x65, 0x72, 0x73, 0x08, 0x00, 0x00, 0x00,
  0x02, 0x00, 0x06, 0x73, 0x65, 0x6e, 0x64, 0x65, 0x72, 0x00, 0x07, 0x63,
  0x6f, 0x6e, 0x74, 0x65, 0x6e, 0x74, 0x00, 0x0a, 0x00, 0x09, 0x6e, 0x61,
  0x72, 0x72, 0x61, 0x74, 0x69, 0x6f, 0x6e, 0x08, 0x00, 0x0f, 0x74, 0x72,
  0x61, 0x6e, 0x73, 0x6c, 0x61, 0x74, 0x69, 0x6f, 0x6e, 0x5f, 0x6b, 0x65,
  0x79, 0x00, 0x16, 0x63, 0x68, 0x61, 0x74, 0x2e, 0x74, 0x79, 0x70, 0x65,
  0x2e, 0x74, 0x65, 0x78, 0x74, 0x2e, 0x6e, 0x61, 0x72, 0x72, 0x61, 0x74,
  0x65, 0x09, 0x00, 0x0a, 0x70, 0x61, 0x72, 0x61, 0x6d, 0x65, 0x74, 0x65,
  0x72, 0x73, 0x08, 0x00, 0x00, 0x00, 0x02, 0x00, 0x06, 0x73, 0x65, 0x6e,
  0x64, 0x65, 0x72, 0x00, 0x07, 0x63, 0x6f, 0x6e, 0x74, 0x65, 0x6e, 0x74,
  0x00, 0x00, 0x17, 0x6d, 0x69, 0x6e, 0x65, 0x63, 0x72, 0x61, 0x66, 0x74,
  0x3a, 0x65, 0x6d, 0x6f, 0x74, 0x65, 0x5f, 0x63, 0x6f, 0x6d, 0x6d, 0x61,
  0x6e, 0x64, 0x01, 0x0a, 0x0a, 0x00, 0x04, 0x63, 0x68, 0x61, 0x74, 0x08,
  0x00, 0x0f, 0x74, 0x72, 0x61, 0x6e, 0x73, 0x6c, 0x61, 0x74, 0x69, 0x6f,
  0x6e, 0x5f, 0x6b, 0x65, 0x79, 0x00, 0x0f, 0x63, 0x68, 0x61, 0x74, 0x2e,
  0x74, 0x79, 0x70, 0x65, 0x2e, 0x65, 0x6d, 0x6f, 0x74, 0x65, 0x09, 0x00,
  0x0a, 0x70, 0x61, 0x72, 0x61, 0x6d, 0x65, 0x74, 0x65, 0x72, 0x73, 0x08,
  0x00, 0x00, 0x00, 0x02, 0x00, 0x06, 0x73, 0x65, 0x6e, 0x64, 0x65, 0x72,
  0x00, 0x07, 0x63, 0x6f, 0x6e, 0x74, 0x65, 0x6e, 0x74, 0x00, 0x0a, 0x00,
  0x09, 0x6e, 0x61, 0x72, 0x72, 0x61, 0x74, 0x69, 0x6f, 0x6e, 0x08, 0x00,
  0x0f, 0x74, 0x72, 0x61, 0x6e, 0x73, 0x6c, 0x61, 0x74, 0x69, 0x6f, 0x6e,
  0x5f, 0x6b, 0x65, 0x79, 0x00, 0x0f, 0x63, 0x68, 0x61, 0x74, 0x2e, 0x74,
  0x79, 0x70, 0x65, 0x2e, 0x65, 0x6d, 0x6f, 0x74, 0x65, 0x09, 0x00, 0x0a,
  0x70, 0x61, 0x72, 0x61, 0x6d, 0x65, 0x74, 0x65, 0x72, 0x73, 0x08, 0x00,
  0x00, 0x00, 0x02, 0x00, 0x06, 0x73, 0x65, 0x6e, 0x64, 0x65, 0x72, 0x00,
  0x07, 0x63, 0x6f, 0x6e, 0x74, 0x65, 0x6e, 0x74, 0x00, 0x00, 0x1e, 0x6d,
  0x69, 0x6e, 0x65, 0x63, 0x72, 0x61, 0x66, 0x74, 0x3a, 0x6d, 0x73, 0x67,
  0x5f, 0x63, 0x6f, 0x6d, 0x6d, 0x61, 0x6e, 0x64, 0x5f, 0x69, 0x6e, 0x63,
  0x6f, 0x6d, 0x69, 0x6e, 0x67, 0x01, 0x0a, 0x0a, 0x00, 0x04, 0x63, 0x68,
  0x61, 0x74, 0x08, 0x00, 0x0f, 0x74, 0x72, 0x61, 0x6e, 0x73, 0x6c, 0x61,
  0x74, 0x69, 0x6f, 0x6e, 0x5f, 0x6b, 0x65, 0x79, 0x00, 0x21, 0x63, 0x6f,
  0x6d, 0x6d, 0x61, 0x6e, 0x64, 0x73, 0x2e, 0x6d, 0x65, 0x73, 0x73, 0x61,
  0x67, 0x65, 0x2e, 0x64, 0x69, 0x73, 0x70, 0x6c, 0x61, 0x79, 0x2e, 0x69,
  0x6e, 0x63, 0x6f, 0x6d, 0x69, 0x6e, 0x67, 0x0a, 0x00, 0x05, 0x73, 0x74,
  0x79, 0x6c, 0x65, 0x08, 0x00, 0x05, 0x63, 0x6f, 0x6c, 0x6f, 0x72, 0x00,
  0x04, 0x67, 0x72, 0x61, 0x79, 0x01, 0x00, 0x06, 0x69, 0x74, 0x61, 0x6c,
  0x69, 0x63, 0x01, 0x00, 0x09, 0x00, 0x0a, 0x70, 0x61, 0x72, 0x61, 0x6d,
  0x65, 0x74, 0x65, 0x72, 0x73, 0x08, 0x00, 0x00, 0x00, 0x02, 0x00, 0x06,
  0x73, 0x65, 0x6e, 0x64, 0x65, 0x72, 0x00, 0x07, 0x63, 0x6f, 0x6e, 0x74,
  0x65, 0x6e, 0x74, 0x00, 0x0a, 0x00, 0x09, 0x6e, 0x61, 0x72, 0x72, 0x61,
  0x74, 0x69, 0x6f, 0x6e, 0x08, 0x00, 0x0f, 0x74, 0x72, 0x61, 0x6e, 0x73,
  0x6c, 0x61, 0x74, 0x69, 0x6f, 0x6e, 0x5f, 0x6b, 0x65, 0x79, 0x00, 0x16,
  0x63, 0x68, 0x61, 0x74, 0x2e, 0x74, 0x79, 0x70, 0x65, 0x2e, 0x74, 0x65,
  0x78, 0x74, 0x2e, 0x6e, 0x61, 0x72, 0x72, 0x61, 0x74, 0x65, 0x09, 0x00,
  0x0a, 0x70, 0x61, 0x72, 0x61, 0x6d, 0x65, 0x74, 0x65, 0x72, 0x73, 0x08,
  0x00, 0x00, 0x00, 0x02, 0x00, 0x06, 0x73, 0x65, 0x6e, 0x64, 0x65, 0x72,
  0x00, 0x07, 0x63, 0x6f, 0x6e, 0x74, 0x65, 0x6e, 0x74, 0x00, 0x00, 0x1e,
  0x6d, 0x69, 0x6e, 0x65, 0x63, 0x72, 0x61, 0x66, 0x74, 0x3a, 0x6d, 0x73,
  0x67, 0x5f, 0x63, 0x6f, 0x6d, 0x6d, 0x61, 0x6e, 0x64, 0x5f, 0x6f, 0x75,
  0x74, 0x67, 0x6f, 0x69, 0x6e, 0x67, 0x01, 0x0a, 0x0a, 0x00, 0x04, 0x63,
  0x68, 0x61, 0x74, 0x08, 0x00, 0x0f, 0x74, 0x72, 0x61, 0x6e, 0x73, 0x6c,
  0x61, 0x74, 0x69, 0x6f, 0x6e, 0x5f, 0x6b, 0x65, 0x79, 0x00, 0x21, 0x63,
  0x6f, 0x6d, 0x6d, 0x61, 0x6e, 0x64, 0x73, 0x2e, 0x6d, 0x65, 0x73, 0x73,
  0x61, 0x67, 0x65, 0x2e, 0x64, 0x69, 0x73, 0x70, 0x6c, 0x61, 0x79, 0x2e,
  0x6f, 0x75, 0x74, 0x67, 0x6f, 0x69, 0x6e, 0x67, 0x0a, 0x00, 0x05, 0x73,
  0x74, 0x79, 0x6c, 0x65, 0x08, 0x00, 0x05, 0x63, 0x6f, 0x6c, 0x6f, 0x72,
  0x00, 0x04, 0x67, 0x72, 0x61, 0x79, 0x01, 0x00, 0x06, 0x69, 0x74, 0x61,
  0x6c, 0x69, 0x63, 0x01, 0x00, 0x09, 0x00, 0x0a, 0x70, 0x61, 0x72, 0x61,
  0x6d, 0x65, 0x74, 0x65, 0x72, 0x73, 0x08, 0x00, 0x00, 0x00, 0x02, 0x00,
  0x06, 0x74, 0x61, 0x72, 0x67, 0x65, 0x74, 0x00, 0x07, 0x63, 0x6f, 0x6e,
  0x74, 0x65, 0x6e, 0x74, 0x00, 0x0a, 0x00, 0x09, 0x6e, 0x61, 0x72, 0x72,
  0x61, 0x74, 0x69, 0x6f, 0x6e, 0x08, 0x00, 0x0f, 0x74, 0x72, 0x61, 0x6e,
  0x73, 0x6c, 0x61, 0x74, 0x69, 0x6f, 0x6e, 0x5f, 0x6b, 0x65, 0x79, 0x00,
  0x16, 0x63, 0x68, 0x61, 0x74, 0x2e, 0x74, 0x79, 0x70, 0x65, 0x2e, 0x74,
  0x65, 0x78, 0x74, 0x2e, 0x6e, 0x61, 0x72, 0x72, 0x61, 0x74, 0x65, 0x09,
  0x00, 0x0a, 0x70, 0x61, 0x72, 0x61, 0x6d, 0x65, 0x74, 0x65, 0x72, 0x73,
  0x08, 0x00, 0x00, 0x00, 0x02, 0x00, 0x06, 0x73, 0x65, 0x6e, 0x64, 0x65,
  0x72, 0x00, 0x07, 0x63, 0x6f, 0x6e, 0x74, 0x65, 0x6e, 0x74, 0x00, 0x00,
  0x15, 0x6d, 0x69, 0x6e, 0x65, 0x63, 0x72, 0x61, 0x66, 0x74, 0x3a, 0x73,
  0x61, 0x79, 0x5f, 0x63, 0x6f, 0x6d, 0x6d, 0x61, 0x6e, 0x64, 0x01, 0x0a,
  0x0a, 0x00, 0x04, 0x63, 0x68, 0x61, 0x74, 0x08, 0x00, 0x0f, 0x74, 0x72,
  0x61, 0x6e, 0x73, 0x6c, 0x61, 0x74, 0x69, 0x6f, 0x6e, 0x5f, 0x6b, 0x65,
  0x79, 0x00, 0x16, 0x63, 0x68, 0x61, 0x74, 0x2e, 0x74, 0x79, 0x70, 0x65,
  0x2e, 0x61, 0x6e, 0x6e, 0x6f, 0x75, 0x6e, 0x63, 0x65, 0x6d, 0x65, 0x6e,
  0x74, 0x09, 0x00, 0x0a, 0x70, 0x61, 0x72, 0x61, 0x6d, 0x65, 0x74, 0x65,
  0x72, 0x73, 0x08, 0x00, 0x00, 0x00, 0x02, 0x00, 0x06, 0x73, 0x65, 0x6e,
  0x64, 0x65, 0x72, 0x00, 0x07, 0x63, 0x6f, 0x6e, 0x74, 0x65, 0x6e, 0x74,
  0x00, 0x0a, 0x00, 0x09, 0x6e, 0x61, 0x72, 0x72, 0x61, 0x74, 0x69, 0x6f,
  0x6e, 0x08, 0x00, 0x0f, 0x74, 0x72, 0x61, 0x6e, 0x73, 0x6c, 0x61, 0x74,
  0x69, 0x6f, 0x6e, 0x5f, 0x6b, 0x65, 0x79, 0x00, 0x16, 0x63, 0x68, 0x61,
  0x74, 0x2e, 0x74, 0x79, 0x70, 0x65, 0x2e, 0x74, 0x65, 0x78, 0x74, 0x2e,
  0x6e, 0x61, 0x72, 0x72, 0x61, 0x74, 0x65, 0x09, 0x00, 0x0a, 0x70, 0x61,
  0x72, 0x61, 0x6d, 0x65, 0x74, 0x65, 0x72, 0x73, 0x08, 0x00, 0x00, 0x00,
  0x02, 0x00, 0x06, 0x73, 0x65, 0x6e, 0x64, 0x65, 0x72, 0x00, 0x07, 0x63,
  0x6f, 0x6e, 0x74, 0x65, 0x6e, 0x74, 0x00, 0x00, 0x23, 0x6d, 0x69, 0x6e,
  0x65, 0x63, 0x72, 0x61, 0x66, 0x74, 0x3a, 0x74, 0x65, 0x61, 0x6d, 0x5f,
  0x6d, 0x73, 0x67, 0x5f, 0x63, 0x6f, 0x6d, 0x6d, 0x61, 0x6e, 0x64, 0x5f,
  0x69, 0x6e, 0x63, 0x6f, 0x6d, 0x69, 0x6e, 0x67, 0x01, 0x0a, 0x0a, 0x00,
  0x04, 0x63, 0x68, 0x61, 0x74, 0x08, 0x00, 0x0f, 0x74, 0x72, 0x61, 0x6e,
  0x73, 0x6c, 0x61, 0x74, 0x69, 0x6f, 0x6e, 0x5f, 0x6b, 0x65, 0x79, 0x00,
  0x13, 0x63, 0x68, 0x61, 0x74, 0x2e, 0x74, 0x79, 0x70, 0x65, 0x2e, 0x74,
  0x65, 0x61, 0x6d, 0x2e, 0x74, 0x65, 0x78, 0x74, 0x09, 0x00, 0x0a, 0x70,
  0x61, 0x72, 0x61, 0x6d, 0x65, 0x74, 0x65, 0x72, 0x73, 0x08, 0x00, 0x00,
  0x00, 0x03, 0x00, 0x06, 0x74, 0x61, 0x72, 0x67, 0x65, 0x74, 0x00, 0x06,
  0x73, 0x65, 0x6e, 0x64, 0x65, 0x72, 0x00, 0x07, 0x63, 0x6f, 0x6e, 0x74,
  0x65, 0x6e, 0x74, 0x00, 0x0a, 0x00, 0x09, 0x6e, 0x61, 0x72, 0x72, 0x61,
  0x74, 0x69, 0x6f, 0x6e, 0x08, 0x00, 0x0f, 0x74, 0x72, 0x61, 0x6e, 0x73,
  0x6c, 0x61, 0x74, 0x69, 0x6f, 0x6e, 0x5f, 0x6b, 0x65, 0x79, 0x00, 0x16,
  0x63, 0x68, 0x61, 0x74, 0x2e, 0x74, 0x79, 0x70, 0x65, 0x2e, 0x74, 0x65,
  0x78, 0x74, 0x2e, 0x6e, 0x61, 0x72, 0x72, 0x61, 0x74, 0x65, 0x09, 0x00,
  0x0a, 0x70, 0x61, 0x72, 0x61, 0x6d, 0x65, 0x74, 0x65, 0x72, 0x73, 0x08,
  0x00, 0x00, 0x00, 0x02, 0x00, 0x06, 0x73, 0x65, 0x6e, 0x64, 0x65, 0x72,
  0x00, 0x07, 0x63, 0x6f, 0x6e, 0x74, 0x65, 0x6e, 0x74, 0x00, 0x00, 0x23,
  0x6d, 0x69, 0x6e, 0x65, 0x63, 0x72, 0x61, 0x66, 0x74, 0x3a, 0x74, 0x65,
  0x61, 0x6d, 0x5f, 0x6d, 0x73, 0x67, 0x5f, 0x63, 0x6f, 0x6d, 0x6d, 0x61,
  0x6e, 0x64, 0x5f, 0x6f, 0x75, 0x74, 0x67, 0x6f, 0x69, 0x6e, 0x67, 0x01,
  0x0a, 0x0a, 0x00, 0x04, 0x63, 0x68, 0x61, 0x74, 0x08, 0x00, 0x0f, 0x74,
  0x72, 0x61, 0x6e, 0x73, 0x6c, 0x61, 0x74, 0x69, 0x6f, 0x6e, 0x5f, 0x6b,
  0x65, 0x79, 0x00, 0x13, 0x63, 0x68, 0x61, 0x74, 0x2e, 0x74, 0x79, 0x70,
  0x65, 0x2e, 0x74, 0x65, 0x61, 0x6d, 0x2e, 0x73, 0x65, 0x6e, 0x74, 0x09,
  0x00, 0x0a, 0x70, 0x61, 0x72, 0x61, 0x6d, 0x65, 0x74, 0x65, 0x72, 0x73,
  0x08, 0x00, 0x00, 0x00, 0x03, 0x00, 0x06, 0x74, 0x61, 0x72, 0x67, 0x65,
  0x74, 0x00, 0x06, 0x73, 0x65, 0x6e, 0x64, 0x65, 0x72, 0x00, 0x07, 0x63,
  0x6f, 0x6e, 0x74, 0x65, 0x6e, 0x74, 0x00, 0x0a, 0x00, 0x09, 0x6e, 0x61,
  0x72, 0x72, 0x61, 0x74, 0x69, 0x6f, 0x6e, 0x08, 0x00, 0x0f, 0x74, 0x72,
  0x61, 0x6e, 0x73, 0x6c, 0x61, 0x74, 0x69, 0x6f, 0x6e, 0x5f, 0x6b, 0x65,
  0x79, 0x00, 0x16, 0x63, 0x68, 0x61, 0x74, 0x2e, 0x74, 0x79, 0x70, 0x65,
  0x2e, 0x74, 0x65, 0x78, 0x74, 0x2e, 0x6e, 0x61, 0x72, 0x72, 0x61, 0x74,
  0x65, 0x09, 0x00, 0x0a, 0x70, 0x61, 0x72, 0x61, 0x6d, 0x65, 0x74, 0x65,
  0x72, 0x73, 0x08, 0x00, 0x00, 0x00, 0x02, 0x00, 0x06, 0x73, 0x65, 0x6e,
  0x64, 0x65, 0x72, 0x00, 0x07, 0x63, 0x6f, 0x6e, 0x74, 0x65, 0x6e, 0x74,
  0x00, 0x00,
};
Blob e769_chat_type() { return {k_e769_chat_type, sizeof(k_e769_chat_type)}; }

static const uint8_t k_e769_damage_type[] = {
  0x15, 0x6d, 0x69, 0x6e, 0x65, 0x63, 0x72, 0x61, 0x66, 0x74, 0x3a, 0x64,
  0x61, 0x6d, 0x61, 0x67, 0x65, 0x5f, 0x74, 0x79, 0x70, 0x65, 0x31, 0x0f,
  0x6d, 0x69, 0x6e, 0x65, 0x63, 0x72, 0x61, 0x66, 0x74, 0x3a, 0x61, 0x72,
  0x72, 0x6f, 0x77, 0x01, 0x0a, 0x08, 0x00, 0x07, 0x73, 0x63, 0x61, 0x6c,
  0x69, 0x6e, 0x67, 0x00, 0x20, 0x77, 0x68, 0x65, 0x6e, 0x5f, 0x63, 0x61,
  0x75, 0x73, 0x65, 0x64, 0x5f, 0x62, 0x79, 0x5f, 0x6c, 0x69, 0x76, 0x69,
  0x6e, 0x67, 0x5f, 0x6e, 0x6f, 0x6e, 0x5f, 0x70, 0x6c, 0x61, 0x79, 0x65,
  0x72, 0x05, 0x00, 0x0a, 0x65, 0x78, 0x68, 0x61, 0x75, 0x73, 0x74, 0x69,
  0x6f, 0x6e, 0x3d, 0xcc, 0xcc, 0xcd, 0x08, 0x00, 0x0a, 0x6d, 0x65, 0x73,
  0x73, 0x61, 0x67, 0x65, 0x5f, 0x69, 0x64, 0x00, 0x05, 0x61, 0x72, 0x72,
  0x6f, 0x77, 0x00, 0x1b, 0x6d, 0x69, 0x6e, 0x65, 0x63, 0x72, 0x61, 0x66,
  0x74, 0x3a, 0x62, 0x61, 0x64, 0x5f, 0x72, 0x65, 0x73, 0x70, 0x61, 0x77,
  0x6e, 0x5f, 0x70, 0x6f, 0x69, 0x6e, 0x74, 0x01, 0x0a, 0x08, 0x00, 0x07,
  0x73, 0x63, 0x61, 0x6c, 0x69, 0x6e, 0x67, 0x00, 0x06, 0x61, 0x6c, 0x77,
  0x61, 0x79, 0x73, 0x05, 0x00, 0x0a, 0x65, 0x78, 0x68, 0x61, 0x75, 0x73,
  0x74, 0x69, 0x6f, 0x6e, 0x3d, 0xcc, 0xcc, 0xcd, 0x08, 0x00, 0x0a, 0x6d,
  0x65, 0x73, 0x73, 0x61, 0x67, 0x65, 0x5f, 0x69, 0x64, 0x00, 0x0f, 0x62,
  0x61, 0x64, 0x52, 0x65, 0x73, 0x70, 0x61, 0x77, 0x6e, 0x50, 0x6f, 0x69,
  0x6e, 0x74, 0x08, 0x00, 0x12, 0x64, 0x65, 0x61, 0x74, 0x68, 0x5f, 0x6d,
  0x65, 0x73, 0x73, 0x61, 0x67, 0x65, 0x5f, 0x74, 0x79, 0x70, 0x65, 0x00,
  0x17, 0x69, 0x6e, 0x74, 0x65, 0x6e, 0x74, 0x69, 0x6f, 0x6e, 0x61, 0x6c,
  0x5f, 0x67, 0x61, 0x6d, 0x65, 0x5f, 0x64, 0x65, 0x73, 0x69, 0x67, 0x6e,
  0x00, 0x10, 0x6d, 0x69, 0x6e, 0x65, 0x63, 0x72, 0x61, 0x66, 0x74, 0x3a,
  0x63, 0x61, 0x63, 0x74, 0x75, 0x73, 0x01, 0x0a, 0x08, 0x00, 0x07, 0x73,
  0x63, 0x61, 0x6c, 0x69, 0x6e, 0x67, 0x00, 0x20, 0x77, 0x68, 0x65, 0x6e,
  0x5f, 0x63, 0x61, 0x75, 0x73, 0x65, 0x64, 0x5f, 0x62, 0x79, 0x5f, 0x6c,
  0x69, 0x76, 0x69, 0x6e, 0x67, 0x5f, 0x6e, 0x6f, 0x6e, 0x5f, 0x70, 0x6c,
  0x61, 0x79, 0x65, 0x72, 0x05, 0x00, 0x0a, 0x65, 0x78, 0x68, 0x61, 0x75,
  0x73, 0x74, 0x69, 0x6f, 0x6e, 0x3d, 0xcc, 0xcc, 0xcd, 0x08, 0x00, 0x0a,
  0x6d, 0x65, 0x73, 0x73, 0x61, 0x67, 0x65, 0x5f, 0x69, 0x64, 0x00, 0x06,
  0x63, 0x61, 0x63, 0x74, 0x75, 0x73, 0x00, 0x12, 0x6d, 0x69, 0x6e, 0x65,
  0x63, 0x72, 0x61, 0x66, 0x74, 0x3a, 0x63, 0x61, 0x6d, 0x70, 0x66, 0x69,
  0x72, 0x65, 0x01, 0x0a, 0x08, 0x00, 0x07, 0x65, 0x66, 0x66, 0x65, 0x63,
  0x74, 0x73, 0x00, 0x07, 0x62, 0x75, 0x72, 0x6e, 0x69, 0x6e, 0x67, 0x08,
  0x00, 0x07, 0x73, 0x63, 0x61, 0x6c, 0x69, 0x6e, 0x67, 0x00, 0x20, 0x77,
  0x68, 0x65, 0x6e, 0x5f, 0x63, 0x61, 0x75, 0x73, 0x65, 0x64, 0x5f, 0x62,
  0x79, 0x5f, 0x6c, 0x69, 0x76, 0x69, 0x6e, 0x67, 0x5f, 0x6e, 0x6f, 0x6e,
  0x5f, 0x70, 0x6c, 0x61, 0x79, 0x65, 0x72, 0x05, 0x00, 0x0a, 0x65, 0x78,
  0x68, 0x61, 0x75, 0x73, 0x74, 0x69, 0x6f, 0x6e, 0x3d, 0xcc, 0xcc, 0xcd,
  0x08, 0x00, 0x0a, 0x6d, 0x65, 0x73, 0x73, 0x61, 0x67, 0x65, 0x5f, 0x69,
  0x64, 0x00, 0x06, 0x69, 0x6e, 0x46, 0x69, 0x72, 0x65, 0x00, 0x12, 0x6d,
  0x69, 0x6e, 0x65, 0x63, 0x72, 0x61, 0x66, 0x74, 0x3a, 0x63, 0x72, 0x61,
  0x6d, 0x6d, 0x69, 0x6e, 0x67, 0x01, 0x0a, 0x08, 0x00, 0x07, 0x73, 0x63,
  0x61, 0x6c, 0x69, 0x6e, 0x67, 0x00, 0x20, 0x77, 0x68, 0x65, 0x6e, 0x5f,
  0x63, 0x61, 0x75, 0x73, 0x65, 0x64, 0x5f, 0x62, 0x79, 0x5f, 0x6c, 0x69,
  0x76, 0x69, 0x6e, 0x67, 0x5f, 0x6e, 0x6f, 0x6e, 0x5f, 0x70, 0x6c, 0x61,
  0x79, 0x65, 0x72, 0x05, 0x00, 0x0a, 0x65, 0x78, 0x68, 0x61, 0x75, 0x73,
  0x74, 0x69, 0x6f, 0x6e, 0x00, 0x00, 0x00, 0x00, 0x08, 0x00, 0x0a, 0x6d,
  0x65, 0x73, 0x73, 0x61, 0x67, 0x65, 0x5f, 0x69, 0x64, 0x00, 0x08, 0x63,
  0x72, 0x61, 0x6d, 0x6d, 0x69, 0x6e, 0x67, 0x00, 0x17, 0x6d, 0x69, 0x6e,
  0x65, 0x63, 0x72, 0x61, 0x66, 0x74, 0x3a, 0x64, 0x72, 0x61, 0x67, 0x6f,
  0x6e, 0x5f, 0x62, 0x72, 0x65, 0x61, 0x74, 0x68, 0x01, 0x0a, 0x08, 0x00,
  0x07, 0x73, 0x63, 0x61, 0x6c, 0x69, 0x6e, 0x67, 0x00, 0x20, 0x77, 0x68,
  0x65, 0x6e, 0x5f, 0x63, 0x61, 0x75, 0x73, 0x65, 0x64, 0x5f, 0x62, 0x79,
  0x5f, 0x6c, 0x69, 0x76, 0x69, 0x6e, 0x67, 0x5f, 0x6e, 0x6f, 0x6e, 0x5f,
  0x70, 0x6c, 0x61, 0x79, 0x65, 0x72, 0x05, 0x00, 0x0a, 0x65, 0x78, 0x68,
  0x61, 0x75, 0x73, 0x74, 0x69, 0x6f, 0x6e, 0x00, 0x00, 0x00, 0x00, 0x08,
  0x00, 0x0a, 0x6d, 0x65, 0x73, 0x73, 0x61, 0x67, 0x65, 0x5f, 0x69, 0x64,
  0x00, 0x0c, 0x64, 0x72, 0x61, 0x67, 0x6f, 0x6e, 0x42, 0x72, 0x65, 0x61,
  0x74, 0x68, 0x00, 0x0f, 0x6d, 0x69, 0x6e, 0x65, 0x63, 0x72, 0x61, 0x66,
  0x74, 0x3a, 0x64, 0x72, 0x6f, 0x77, 0x6e, 0x01, 0x0a, 0x08, 0x00, 0x07,
  0x65, 0x66, 0x66, 0x65, 0x63, 0x74, 0x73, 0x00, 0x08, 0x64, 0x72, 0x6f,
  0x77, 0x6e, 0x69, 0x6e, 0x67, 0x08, 0x00, 0x07, 0x73, 0x63, 0x61, 0x6c,
  0x69, 0x6e, 0x67, 0x00, 0x20, 0x77, 0x68, 0x65, 0x6e, 0x5f, 0x63, 0x61,
  0x75, 0x73, 0x65, 0x64, 0x5f, 0x62, 0x79, 0x5f, 0x6c, 0x69, 0x76, 0x69,
  0x6e, 0x67, 0x5f, 0x6e, 0x6f, 0x6e, 0x5f, 0x70, 0x6c, 0x61, 0x79, 0x65,
  0x72, 0x05, 0x00, 0x0a, 0x65, 0x78, 0x68, 0x61, 0x75, 0x73, 0x74, 0x69,
  0x6f, 0x6e, 0x00, 0x00, 0x00, 0x00, 0x08, 0x00, 0x0a, 0x6d, 0x65, 0x73,
  0x73, 0x61, 0x67, 0x65, 0x5f, 0x69, 0x64, 0x00, 0x05, 0x64, 0x72, 0x6f,
  0x77, 0x6e, 0x00, 0x11, 0x6d, 0x69, 0x6e, 0x65, 0x63, 0x72, 0x61, 0x66,
  0x74, 0x3a, 0x64, 0x72, 0x79, 0x5f, 0x6f, 0x75, 0x74, 0x01, 0x0a, 0x08,
  0x00, 0x07, 0x73, 0x63, 0x61, 0x6c, 0x69, 0x6e, 0x67, 0x00, 0x20, 0x77,
  0x68, 0x65, 0x6e, 0x5f, 0x63, 0x61, 0x75, 0x73, 0x65, 0x64, 0x5f, 0x62,
  0x79, 0x5f, 0x6c, 0x69, 0x76, 0x69, 0x6e, 0x67, 0x5f, 0x6e, 0x6f, 0x6e,
  0x5f, 0x70, 0x6c, 0x61, 0x79, 0x65, 0x72, 0x05, 0x00, 0x0a, 0x65, 0x78,
  0x68, 0x61, 0x75, 0x73, 0x74, 0x69, 0x6f, 0x6e, 0x3d, 0xcc, 0xcc, 0xcd,
  0x08, 0x00, 0x0a, 0x6d, 0x65, 0x73, 0x73, 0x61, 0x67, 0x65, 0x5f, 0x69,
  0x64, 0x00, 0x06, 0x64, 0x72, 0x79, 0x6f, 0x75, 0x74, 0x00, 0x15, 0x6d,
  0x69, 0x6e, 0x65, 0x63, 0x72, 0x61, 0x66, 0x74, 0x3a, 0x65, 0x6e, 0x64,
  0x65, 0x72, 0x5f, 0x70, 0x65, 0x61, 0x72, 0x6c, 0x01, 0x0a, 0x08, 0x00,
  0x07, 0x73, 0x63, 0x61, 0x6c, 0x69, 0x6e, 0x67, 0x00, 0x20, 0x77, 0x68,
  0x65, 0x6e, 0x5f, 0x63, 0x61, 0x75, 0x73, 0x65, 0x64, 0x5f, 0x62, 0x79,
  0x5f, 0x6c, 0x69, 0x76, 0x69, 0x6e, 0x67, 0x5f, 0x6e, 0x6f, 0x6e, 0x5f,
  0x70, 0x6c, 0x61, 0x79, 0x65, 0x72, 0x05, 0x00, 0x0a, 0x65, 0x78, 0x68,
  0x61, 0x75, 0x73, 0x74, 0x69, 0x6f, 0x6e, 0x00, 0x00, 0x00, 0x00, 0x08,
  0x00, 0x0a, 0x6d, 0x65, 0x73, 0x73, 0x61, 0x67, 0x65, 0x5f, 0x69, 0x64,
  0x00, 0x04, 0x66, 0x61, 0x6c, 0x6c, 0x08, 0x00, 0x12, 0x64, 0x65, 0x61,
  0x74, 0x68, 0x5f, 0x6d, 0x65, 0x73, 0x73, 0x61, 0x67, 0x65, 0x5f, 0x74,
  0x79, 0x70, 0x65, 0x00, 0x0d, 0x66, 0x61, 0x6c, 0x6c, 0x5f, 0x76, 0x61,
  0x72, 0x69, 0x61, 0x6e, 0x74, 0x73, 0x00, 0x13, 0x6d, 0x69, 0x6e, 0x65,
  0x63, 0x72, 0x61, 0x66, 0x74, 0x3a, 0x65, 0x78, 0x70, 0x6c, 0x6f, 0x73,
  0x69, 0x6f, 0x6e, 0x01, 0x0a, 0x08, 0x00, 0x07, 0x73, 0x63, 0x61, 0x6c,
  0x69, 0x6e, 0x67, 0x00, 0x06, 0x61, 0x6c, 0x77, 0x61, 0x79, 0x73, 0x05,
  0x00, 0x0a, 0x65, 0x78, 0x68, 0x61, 0x75, 0x73, 0x74, 0x69, 0x6f, 0x6e,
  0x3d, 0xcc, 0xcc, 0xcd, 0x08, 0x00, 0x0a, 0x6d, 0x65, 0x73, 0x73, 0x61,
  0x67, 0x65, 0x5f, 0x69, 0x64, 0x00, 0x09, 0x65, 0x78, 0x70, 0x6c, 0x6f,
  0x73, 0x69, 0x6f, 0x6e, 0x00, 0x0e, 0x6d, 0x69, 0x6e, 0x65, 0x63, 0x72,
  0x61, 0x66, 0x74, 0x3a, 0x66, 0x61, 0x6c, 0x6c, 0x01, 0x0a, 0x08, 0x00,
  0x07, 0x73, 0x63, 0x61, 0x6c, 0x69, 0x6e, 0x67, 0x00, 0x20, 0x77, 0x68,
  0x65, 0x6e, 0x5f, 0x63, 0x61, 0x75, 0x73, 0x65, 0x64, 0x5f, 0x62, 0x79,
  0x5f, 0x6c, 0x69, 0x76, 0x69, 0x6e, 0x67, 0x5f, 0x6e, 0x6f, 0x6e, 0x5f,
  0x70, 0x6c, 0x61, 0x79, 0x65, 0x72, 0x05, 0x00, 0x0a, 0x65, 0x78, 0x68,
  0x61, 0x75, 0x73, 0x74, 0x69, 0x6f, 0x6e, 0x00, 0x00, 0x00, 0x00, 0x08,
  0x00, 0x0a, 0x6d, 0x65, 0x73, 0x73, 0x61, 0x67, 0x65, 0x5f, 0x69, 0x64,
  0x00, 0x04, 0x66, 0x61, 0x6c, 0x6c, 0x08, 0x00, 0x12, 0x64, 0x65, 0x61,
  0x74, 0x68, 0x5f, 0x6d, 0x65, 0x73, 0x73, 0x61, 0x67, 0x65, 0x5f, 0x74,
  0x79, 0x70, 0x65, 0x00, 0x0d, 0x66, 0x61, 0x6c, 0x6c, 0x5f, 0x76, 0x61,
  0x72, 0x69, 0x61, 0x6e, 0x74, 0x73, 0x00, 0x17, 0x6d, 0x69, 0x6e, 0x65,
  0x63, 0x72, 0x61, 0x66, 0x74, 0x3a, 0x66, 0x61, 0x6c, 0x6c, 0x69, 0x6e,
  0x67, 0x5f, 0x61, 0x6e, 0x76, 0x69, 0x6c, 0x01, 0x0a, 0x08, 0x00, 0x07,
  0x73, 0x63, 0x61, 0x6c, 0x69, 0x6e, 0x67, 0x00, 0x20, 0x77, 0x68, 0x65,
  0x6e, 0x5f, 0x63, 0x61, 0x75, 0x73, 0x65, 0x64, 0x5f, 0x62, 0x79, 0x5f,
  0x6c, 0x69, 0x76, 0x69, 0x6e, 0x67, 0x5f, 0x6e, 0x6f, 0x6e, 0x5f, 0x70,
  0x6c, 0x61, 0x79, 0x65, 0x72, 0x05, 0x00, 0x0a, 0x65, 0x78, 0x68, 0x61,
  0x75, 0x73, 0x74, 0x69, 0x6f, 0x6e, 0x3d, 0xcc, 0xcc, 0xcd, 0x08, 0x00,
  0x0a, 0x6d, 0x65, 0x73, 0x73, 0x61, 0x67, 0x65, 0x5f, 0x69, 0x64, 0x00,
  0x05, 0x61, 0x6e, 0x76, 0x69, 0x6c, 0x00, 0x17, 0x6d, 0x69, 0x6e, 0x65,
  0x63, 0x72, 0x61, 0x66, 0x74, 0x3a, 0x66, 0x61, 0x6c, 0x6c, 0x69, 0x6e,
  0x67, 0x5f, 0x62, 0x6c, 0x6f, 0x63, 0x6b, 0x01, 0x0a, 0x08, 0x00, 0x07,
  0x73, 0x63, 0x61, 0x6c, 0x69, 0x6e, 0x67, 0x00, 0x20, 0x77, 0x68, 0x65,
  0x6e, 0x5f, 0x63, 0x61, 0x75, 0x73, 0x65, 0x64, 0x5f, 0x62, 0x79, 0x5f,
  0x6c, 0x69, 0x76, 0x69, 0x6e, 0x67, 0x5f, 0x6e, 0x6f, 0x6e, 0x5f, 0x70,
  0x6c, 0x61, 0x79, 0x65, 0x72, 0x05, 0x00, 0x0a, 0x65, 0x78, 0x68, 0x61,
  0x75, 0x73, 0x74, 0x69, 0x6f, 0x6e, 0x3d, 0xcc, 0xcc, 0xcd, 0x08, 0x00,
  0x0a, 0x6d, 0x65, 0x73, 0x73, 0x61, 0x67, 0x65, 0x5f, 0x69, 0x64, 0x00,
  0x0c, 0x66, 0x61, 0x6c, 0x6c, 0x69, 0x6e, 0x67, 0x42, 0x6c, 0x6f, 0x63,
  0x6b, 0x00, 0x1c, 0x6d, 0x69, 0x6e, 0x65, 0x63, 0x72, 0x61, 0x66, 0x74,
  0x3a, 0x66, 0x61, 0x6c, 0x6c, 0x69, 0x6e, 0x67, 0x5f, 0x73, 0x74, 0x61,
  0x6c, 0x61, 0x63, 0x74, 0x69, 0x74, 0x65, 0x01, 0x0a, 0x08, 0x00, 0x07,
  0x73, 0x63, 0x61, 0x6c, 0x69, 0x6e, 0x67, 0x00, 0x20, 0x77, 0x68, 0x65,
  0x6e, 0x5f, 0x63, 0x61, 0x75, 0x73, 0x65, 0x64, 0x5f, 0x62, 0x79, 0x5f,
  0x6c, 0x69, 0x76, 0x69, 0x6e, 0x67, 0x5f, 0x6e, 0x6f, 0x6e, 0x5f, 0x70,
  0x6c, 0x61, 0x79, 0x65, 0x72, 0x05, 0x00, 0x0a, 0x65, 0x78, 0x68, 0x61,
  0x75, 0x73, 0x74, 0x69, 0x6f, 0x6e, 0x3d, 0xcc, 0xcc, 0xcd, 0x08, 0x00,
  0x0a, 0x6d, 0x65, 0x73, 0x73, 0x61, 0x67, 0x65, 0x5f, 0x69, 0x64, 0x00,
  0x11, 0x66, 0x61, 0x6c, 0x6c, 0x69, 0x6e, 0x67, 0x53, 0x74, 0x61, 0x6c,
  0x61, 0x63, 0x74, 0x69, 0x74, 0x65, 0x00, 0x12, 0x6d, 0x69, 0x6e, 0x65,
  0x63, 0x72, 0x61, 0x66, 0x74, 0x3a, 0x66, 0x69, 0x72, 0x65, 0x62, 0x61,
  0x6c, 0x6c, 0x01, 0x0a, 0x08, 0x00, 0x07, 0x65, 0x66, 0x66, 0x65, 0x63,
  0x74, 0x73, 0x00, 0x07, 0x62, 0x75, 0x72, 0x6e, 0x69, 0x6e, 0x67, 0x08,
  0x00, 0x07, 0x73, 0x63, 0x61, 0x6c, 0x69, 0x6e, 0x67, 0x00, 0x20, 0x77,
  0x68, 0x65, 0x6e, 0x5f, 0x63, 0x61, 0x75, 0x73, 0x65, 0x64, 0x5f, 0x62,
  0x79, 0x5f, 0x6c, 0x69, 0x76, 0x69, 0x6e, 0x67, 0x5f, 0x6e, 0x6f, 0x6e,
  0x5f, 0x70, 0x6c, 0x61, 0x79, 0x65, 0x72, 0x05, 0x00, 0x0a, 0x65, 0x78,
  0x68, 0x61, 0x75, 0x73, 0x74, 0x69, 0x6f, 0x6e, 0x3d, 0xcc, 0xcc, 0xcd,
  0x08, 0x00, 0x0a, 0x6d, 0x65, 0x73, 0x73, 0x61, 0x67, 0x65, 0x5f, 0x69,
  0x64, 0x00, 0x08, 0x66, 0x69, 0x72, 0x65, 0x62, 0x61, 0x6c, 0x6c, 0x00,
  0x13, 0x6d, 0x69, 0x6e, 0x65, 0x63, 0x72, 0x61, 0x66, 0x74, 0x3a, 0x66,
  0x69, 0x72, 0x65, 0x77, 0x6f, 0x72, 0x6b, 0x73, 0x01, 0x0a, 0x08, 0x00,
  0x07, 0x73, 0x63, 0x61, 0x6c, 0x69, 0x6e, 0x67, 0x00, 0x20, 0x77, 0x68,
  0x65, 0x6e, 0x5f, 0x63, 0x61, 0x75, 0x73, 0x65, 0x64, 0x5f, 0x62, 0x79,
  0x5f, 0x6c, 0x69, 0x76, 0x69, 0x6e, 0x67, 0x5f, 0x6e, 0x6f, 0x6e, 0x5f,
  0x70, 0x6c, 0x61, 0x79, 0x65, 0x72, 0x05, 0x00, 0x0a, 0x65, 0x78, 0x68,
  0x61, 0x75, 0x73, 0x74, 0x69, 0x6f, 0x6e, 0x3d, 0xcc, 0xcc, 0xcd, 0x08,
  0x00, 0x0a, 0x6d, 0x65, 0x73, 0x73, 0x61, 0x67, 0x65, 0x5f, 0x69, 0x64,
  0x00, 0x09, 0x66, 0x69, 0x72, 0x65, 0x77, 0x6f, 0x72, 0x6b, 0x73, 0x00,
  0x17, 0x6d, 0x69, 0x6e, 0x65, 0x63, 0x72, 0x61, 0x66, 0x74, 0x3a, 0x66,
  0x6c, 0x79, 0x5f, 0x69, 0x6e, 0x74, 0x6f, 0x5f, 0x77, 0x61, 0x6c, 0x6c,
  0x01, 0x0a, 0x08, 0x00, 0x07, 0x73, 0x63, 0x61, 0x6c, 0x69, 0x6e, 0x67,
  0x00, 0x20, 0x77, 0x68, 0x65, 0x6e, 0x5f, 0x63, 0x61, 0x75, 0x73, 0x65,
  0x64, 0x5f, 0x62, 0x79, 0x5f, 0x6c, 0x69, 0x76, 0x69, 0x6e, 0x67, 0x5f,
  0x6e, 0x6f, 0x6e, 0x5f, 0x70, 0x6c, 0x61, 0x79, 0x65, 0x72, 0x05, 0x00,
  0x0a, 0x65, 0x78, 0x68, 0x61, 0x75, 0x73, 0x74, 0x69, 0x6f, 0x6e, 0x00,
  0x00, 0x00, 0x00, 0x08, 0x00, 0x0a, 0x6d, 0x65, 0x73, 0x73, 0x61, 0x67,
  0x65, 0x5f, 0x69, 0x64, 0x00, 0x0b, 0x66, 0x6c, 0x79, 0x49, 0x6e, 0x74,
  0x6f, 0x57, 0x61, 0x6c, 0x6c, 0x00, 0x10, 0x6d, 0x69, 0x6e, 0x65, 0x63,
  0x72, 0x61, 0x66, 0x74, 0x3a, 0x66, 0x72, 0x65, 0x65, 0x7a, 0x65, 0x01,
  0x0a, 0x08, 0x00, 0x07, 0x65, 0x66, 0x66, 0x65, 0x63, 0x74, 0x73, 0x00,
  0x08, 0x66, 0x72, 0x65, 0x65, 0x7a, 0x69, 0x6e, 0x67, 0x08, 0x00, 0x07,
  0x73, 0x63, 0x61, 0x6c, 0x69, 0x6e, 0x67, 0x00, 0x20, 0x77, 0x68, 0x65,
  0x6e, 0x5f, 0x63, 0x61, 0x75, 0x73, 0x65, 0x64, 0x5f, 0x62, 0x79, 0x5f,
  0x6c, 0x69, 0x76, 0x69, 0x6e, 0x67, 0x5f, 0x6e, 0x6f, 0x6e, 0x5f, 0x70,
  0x6c, 0x61, 0x79, 0x65, 0x72, 0x05, 0x00, 0x0a, 0x65, 0x78, 0x68, 0x61,
  0x75, 0x73, 0x74, 0x69, 0x6f, 0x6e, 0x00, 0x00, 0x00, 0x00, 0x08, 0x00,
  0x0a, 0x6d, 0x65, 0x73, 0x73, 0x61, 0x67, 0x65, 0x5f, 0x69, 0x64, 0x00,
  0x06, 0x66, 0x72, 0x65, 0x65, 0x7a, 0x65, 0x00, 0x11, 0x6d, 0x69, 0x6e,
  0x65, 0x63, 0x72, 0x61, 0x66, 0x74, 0x3a, 0x67, 0x65, 0x6e, 0x65, 0x72,
  0x69, 0x63, 0x01, 0x0a, 0x08, 0x00, 0x07, 0x73, 0x63, 0x61, 0x6c, 0x69,
  0x6e, 0x67, 0x00, 0x20, 0x77, 0x68, 0x65, 0x6e, 0x5f, 0x63, 0x61, 0x75,
  0x73, 0x65, 0x64, 0x5f, 0x62, 0x79, 0x5f, 0x6c, 0x69, 0x76, 0x69, 0x6e,
  0x67, 0x5f, 0x6e, 0x6f, 0x6e, 0x5f, 0x70, 0x6c, 0x61, 0x79, 0x65, 0x72,
  0x05, 0x00, 0x0a, 0x65, 0x78, 0x68, 0x61, 0x75, 0x73, 0x74, 0x69, 0x6f,
  0x6e, 0x00, 0x00, 0x00, 0x00, 0x08, 0x00, 0x0a, 0x6d, 0x65, 0x73, 0x73,
  0x61, 0x67, 0x65, 0x5f, 0x69, 0x64, 0x00, 0x07, 0x67, 0x65, 0x6e, 0x65,
  0x72, 0x69, 0x63, 0x00, 0x16, 0x6d, 0x69, 0x6e, 0x65, 0x63, 0x72, 0x61,
  0x66, 0x74, 0x3a, 0x67, 0x65, 0x6e, 0x65, 0x72, 0x69, 0x63, 0x5f, 0x6b,
  0x69, 0x6c, 0x6c, 0x01, 0x0a, 0x08, 0x00, 0x07, 0x73, 0x63, 0x61, 0x6c,
  0x69, 0x6e, 0x67, 0x00, 0x20, 0x77, 0x68, 0x65, 0x6e, 0x5f, 0x63, 0x61,
  0x75, 0x73, 0x65, 0x64, 0x5f, 0x62, 0x79, 0x5f, 0x6c, 0x69, 0x76, 0x69,
  0x6e, 0x67, 0x5f, 0x6e, 0x6f, 0x6e, 0x5f, 0x70, 0x6c, 0x61, 0x79, 0x65,
  0x72, 0x05, 0x00, 0x0a, 0x65, 0x78, 0x68, 0x61, 0x75, 0x73, 0x74, 0x69,
  0x6f, 0x6e, 0x00, 0x00, 0x00, 0x00, 0x08, 0x00, 0x0a, 0x6d, 0x65, 0x73,
  0x73, 0x61, 0x67, 0x65, 0x5f, 0x69, 0x64, 0x00, 0x0b, 0x67, 0x65, 0x6e,
  0x65, 0x72, 0x69, 0x63, 0x4b, 0x69, 0x6c, 0x6c, 0x00, 0x13, 0x6d, 0x69,
  0x6e, 0x65, 0x63, 0x72, 0x61, 0x66, 0x74, 0x3a, 0x68, 0x6f, 0x74, 0x5f,
  0x66, 0x6c, 0x6f, 0x6f, 0x72, 0x01, 0x0a, 0x08, 0x00, 0x07, 0x65, 0x66,
  0x66, 0x65, 0x63, 0x74, 0x73, 0x00, 0x07, 0x62, 0x75, 0x72, 0x6e, 0x69,
  0x6e, 0x67, 0x08, 0x00, 0x07, 0x73, 0x63, 0x61, 0x6c, 0x69, 0x6e, 0x67,
  0x00, 0x20, 0x77, 0x68, 0x65, 0x6e, 0x5f, 0x63, 0x61, 0x75, 0x73, 0x65,
  0x64, 0x5f, 0x62, 0x79, 0x5f, 0x6c, 0x69, 0x76, 0x69, 0x6e, 0x67, 0x5f,
  0x6e, 0x6f, 0x6e, 0x5f, 0x70, 0x6c, 0x61, 0x79, 0x65, 0x72, 0x05, 0x00,
  0x0a, 0x65, 0x78, 0x68, 0x61, 0x75, 0x73, 0x74, 0x69, 0x6f, 0x6e, 0x3d,
  0xcc, 0xcc, 0xcd, 0x08, 0x00, 0x0a, 0x6d, 0x65, 0x73, 0x73, 0x61, 0x67,
  0x65, 0x5f, 0x69, 0x64, 0x00, 0x08, 0x68, 0x6f, 0x74, 0x46, 0x6c, 0x6f,
  0x6f, 0x72, 0x00, 0x11, 0x6d, 0x69, 0x6e, 0x65, 0x63, 0x72, 0x61, 0x66,
  0x74, 0x3a, 0x69, 0x6e, 0x5f, 0x66, 0x69, 0x72, 0x65, 0x01, 0x0a, 0x08,
  0x00, 0x07, 0x65, 0x66, 0x66, 0x65, 0x63, 0x74, 0x73, 0x00, 0x07, 0x62,
  0x75, 0x72, 0x6e, 0x69, 0x6e, 0x67, 0x08, 0x00, 0x07, 0x73, 0x63, 0x61,
  0x6c, 0x69, 0x6e, 0x67, 0x00, 0x20, 0x77, 0x68, 0x65, 0x6e, 0x5f, 0x63,
  0x61, 0x75, 0x73, 0x65, 0x64, 0x5f, 0x62, 0x79, 0x5f, 0x6c, 0x69, 0x76,
  0x69, 0x6e, 0x67, 0x5f, 0x6e, 0x6f, 0x6e, 0x5f, 0x70, 0x6c, 0x61, 0x79,
  0x65, 0x72, 0x05, 0x00, 0x0a, 0x65, 0x78, 0x68, 0x61, 0x75, 0x73, 0x74,
  0x69, 0x6f, 0x6e, 0x3d, 0xcc, 0xcc, 0xcd, 0x08, 0x00, 0x0a, 0x6d, 0x65,
  0x73, 0x73, 0x61, 0x67, 0x65, 0x5f, 0x69, 0x64, 0x00, 0x06, 0x69, 0x6e,
  0x46, 0x69, 0x72, 0x65, 0x00, 0x11, 0x6d, 0x69, 0x6e, 0x65, 0x63, 0x72,
  0x61, 0x66, 0x74, 0x3a, 0x69, 0x6e, 0x5f, 0x77, 0x61, 0x6c, 0x6c, 0x01,
  0x0a, 0x08, 0x00, 0x07, 0x73, 0x63, 0x61, 0x6c, 0x69, 0x6e, 0x67, 0x00,
  0x20, 0x77, 0x68, 0x65, 0x6e, 0x5f, 0x63, 0x61, 0x75, 0x73, 0x65, 0x64,
  0x5f, 0x62, 0x79, 0x5f, 0x6c, 0x69, 0x76, 0x69, 0x6e, 0x67, 0x5f, 0x6e,
  0x6f, 0x6e, 0x5f, 0x70, 0x6c, 0x61, 0x79, 0x65, 0x72, 0x05, 0x00, 0x0a,
  0x65, 0x78, 0x68, 0x61, 0x75, 0x73, 0x74, 0x69, 0x6f, 0x6e, 0x00, 0x00,
  0x00, 0x00, 0x08, 0x00, 0x0a, 0x6d, 0x65, 0x73, 0x73, 0x61, 0x67, 0x65,
  0x5f, 0x69, 0x64, 0x00, 0x06, 0x69, 0x6e, 0x57, 0x61, 0x6c, 0x6c, 0x00,
  0x18, 0x6d, 0x69, 0x6e, 0x65, 0x63, 0x72, 0x61, 0x66, 0x74, 0x3a, 0x69,
  0x6e, 0x64, 0x69, 0x72, 0x65, 0x63, 0x74, 0x5f, 0x6d, 0x61, 0x67, 0x69,
  0x63, 0x01, 0x0a, 0x08, 0x00, 0x07, 0x73, 0x63, 0x61, 0x6c, 0x69, 0x6e,
  0x67, 0x00, 0x20, 0x77, 0x68, 0x65, 0x6e, 0x5f, 0x63, 0x61, 0x75, 0x73,
  0x65, 0x64, 0x5f, 0x62, 0x79, 0x5f, 0x6c, 0x69, 0x76, 0x69, 0x6e, 0x67,
  0x5f, 0x6e, 0x6f, 0x6e, 0x5f, 0x70, 0x6c, 0x61, 0x79, 0x65, 0x72, 0x05,
  0x00, 0x0a, 0x65, 0x78, 0x68, 0x61, 0x75, 0x73, 0x74, 0x69, 0x6f, 0x6e,
  0x00, 0x00, 0x00, 0x00, 0x08, 0x00, 0x0a, 0x6d, 0x65, 0x73, 0x73, 0x61,
  0x67, 0x65, 0x5f, 0x69, 0x64, 0x00, 0x0d, 0x69, 0x6e, 0x64, 0x69, 0x72,
  0x65, 0x63, 0x74, 0x4d, 0x61, 0x67, 0x69, 0x63, 0x00, 0x0e, 0x6d, 0x69,
  0x6e, 0x65, 0x63, 0x72, 0x61, 0x66, 0x74, 0x3a, 0x6c, 0x61, 0x76, 0x61,
  0x01, 0x0a, 0x08, 0x00, 0x07, 0x65, 0x66, 0x66, 0x65, 0x63, 0x74, 0x73,
  0x00, 0x07, 0x62, 0x75, 0x72, 0x6e, 0x69, 0x6e, 0x67, 0x08, 0x00, 0x07,
  0x73, 0x63, 0x61, 0x6c, 0x69, 0x6e, 0x67, 0x00, 0x20, 0x77, 0x68, 0x65,
  0x6e, 0x5f, 0x63, 0x61, 0x75, 0x73, 0x65, 0x64, 0x5f, 0x62, 0x79, 0x5f,
  0x6c, 0x69, 0x76, 0x69, 0x6e, 0x67, 0x5f, 0x6e, 0x6f, 0x6e, 0x5f, 0x70,
  0x6c, 0x61, 0x79, 0x65, 0x72, 0x05, 0x00, 0x0a, 0x65, 0x78, 0x68, 0x61,
  0x75, 0x73, 0x74, 0x69, 0x6f, 0x6e, 0x3d, 0xcc, 0xcc, 0xcd, 0x08, 0x00,
  0x0a, 0x6d, 0x65, 0x73, 0x73, 0x61, 0x67, 0x65, 0x5f, 0x69, 0x64, 0x00,
  0x04, 0x6c, 0x61, 0x76, 0x61, 0x00, 0x18, 0x6d, 0x69, 0x6e, 0x65, 0x63,
  0x72, 0x61, 0x66, 0x74, 0x3a, 0x6c, 0x69, 0x67, 0x68, 0x74, 0x6e, 0x69,
  0x6e, 0x67, 0x5f, 0x62, 0x6f, 0x6c, 0x74, 0x01, 0x0a, 0x08, 0x00, 0x07,
  0x73, 0x63, 0x61, 0x6c, 0x69, 0x6e, 0x67, 0x00, 0x20, 0x77, 0x68, 0x65,
  0x6e, 0x5f, 0x63, 0x61, 0x75, 0x73, 0x65, 0x64, 0x5f, 0x62, 0x79, 0x5f,
  0x6c, 0x69, 0x76, 0x69, 0x6e, 0x67, 0x5f, 0x6e, 0x6f, 0x6e, 0x5f, 0x70,
  0x6c, 0x61, 0x79, 0x65, 0x72, 0x05, 0x00, 0x0a, 0x65, 0x78, 0x68, 0x61,
  0x75, 0x73, 0x74, 0x69, 0x6f, 0x6e, 0x3d, 0xcc, 0xcc, 0xcd, 0x08, 0x00,
  0x0a, 0x6d, 0x65, 0x73, 0x73, 0x61, 0x67, 0x65, 0x5f, 0x69, 0x64, 0x00,
  0x0d, 0x6c, 0x69, 0x67, 0x68, 0x74, 0x6e, 0x69, 0x6e, 0x67, 0x42, 0x6f,
  0x6c, 0x74, 0x00, 0x14, 0x6d, 0x69, 0x6e, 0x65, 0x63, 0x72, 0x61, 0x66,
  0x74, 0x3a, 0x6d, 0x61, 0x63, 0x65, 0x5f, 0x73, 0x6d, 0x61, 0x73, 0x68,
  0x01, 0x0a, 0x08, 0x00, 0x07, 0x73, 0x63, 0x61, 0x6c, 0x69, 0x6e, 0x67,
  0x00, 0x20, 0x77, 0x68, 0x65, 0x6e, 0x5f, 0x63, 0x61, 0x75, 0x73, 0x65,
  0x64, 0x5f, 0x62, 0x79, 0x5f, 0x6c, 0x69, 0x76, 0x69, 0x6e, 0x67, 0x5f,
  0x6e, 0x6f, 0x6e, 0x5f, 0x70, 0x6c, 0x61, 0x79, 0x65, 0x72, 0x05, 0x00,
  0x0a, 0x65, 0x78, 0x68, 0x61, 0x75, 0x73, 0x74, 0x69, 0x6f, 0x6e, 0x3d,
  0xcc, 0xcc, 0xcd, 0x08, 0x00, 0x0a, 0x6d, 0x65, 0x73, 0x73, 0x61, 0x67,
  0x65, 0x5f, 0x69, 0x64, 0x00, 0x0a, 0x6d, 0x61, 0x63, 0x65, 0x5f, 0x73,
  0x6d, 0x61, 0x73, 0x68, 0x00, 0x0f, 0x6d, 0x69, 0x6e, 0x65, 0x63, 0x72,
  0x61, 0x66, 0x74, 0x3a, 0x6d, 0x61, 0x67, 0x69, 0x63, 0x01, 0x0a, 0x08,
  0x00, 0x07, 0x73, 0x63, 0x61, 0x6c, 0x69, 0x6e, 0x67, 0x00, 0x20, 0x77,
  0x68, 0x65, 0x6e, 0x5f, 0x63, 0x61, 0x75, 0x73, 0x65, 0x64, 0x5f, 0x62,
  0x79, 0x5f, 0x6c, 0x69, 0x76, 0x69, 0x6e, 0x67, 0x5f, 0x6e, 0x6f, 0x6e,
  0x5f, 0x70, 0x6c, 0x61, 0x79, 0x65, 0x72, 0x05, 0x00, 0x0a, 0x65, 0x78,
  0x68, 0x61, 0x75, 0x73, 0x74, 0x69, 0x6f, 0x6e, 0x00, 0x00, 0x00, 0x00,
  0x08, 0x00, 0x0a, 0x6d, 0x65, 0x73, 0x73, 0x61, 0x67, 0x65, 0x5f, 0x69,
  0x64, 0x00, 0x05, 0x6d, 0x61, 0x67, 0x69, 0x63, 0x00, 0x14, 0x6d, 0x69,
  0x6e, 0x65, 0x63, 0x72, 0x61, 0x66, 0x74, 0x3a, 0x6d, 0x6f, 0x62, 0x5f,
  0x61, 0x74, 0x74, 0x61, 0x63, 0x6b, 0x01, 0x0a, 0x08, 0x00, 0x07, 0x73,
  0x63, 0x61, 0x6c, 0x69, 0x6e, 0x67, 0x00, 0x20, 0x77, 0x68, 0x65, 0x6e,
  0x5f, 0x63, 0x61, 0x75, 0x73, 0x65, 0x64, 0x5f, 0x62, 0x79, 0x5f, 0x6c,
  0x69, 0x76, 0x69, 0x6e, 0x67, 0x5f, 0x6e, 0x6f, 0x6e, 0x5f, 0x70, 0x6c,
  0x61, 0x79, 0x65, 0x72, 0x05, 0x00, 0x0a, 0x65, 0x78, 0x68, 0x61, 0x75,
  0x73, 0x74, 0x69, 0x6f, 0x6e, 0x3d, 0xcc, 0xcc, 0xcd, 0x08, 0x00, 0x0a,
  0x6d, 0x65, 0x73, 0x73, 0x61, 0x67, 0x65, 0x5f, 0x69, 0x64, 0x00, 0x03,
  0x6d, 0x6f, 0x62, 0x00, 0x1d, 0x6d, 0x69, 0x6e, 0x65, 0x63, 0x72, 0x61,
  0x66, 0x74, 0x3a, 0x6d, 0x6f, 0x62, 0x5f, 0x61, 0x74, 0x74, 0x61, 0x63,
  0x6b, 0x5f, 0x6e, 0x6f, 0x5f, 0x61, 0x67, 0x67, 0x72, 0x6f, 0x01, 0x0a,
  0x08, 0x00, 0x07, 0x73, 0x63, 0x61, 0x6c, 0x69, 0x6e, 0x67, 0x00, 0x20,
  0x77, 0x68, 0x65, 0x6e, 0x5f, 0x63, 0x61, 0x75, 0x73, 0x65, 0x64, 0x5f,
  0x62, 0x79, 0x5f, 0x6c, 0x69, 0x76, 0x69, 0x6e, 0x67, 0x5f, 0x6e, 0x6f,
  0x6e, 0x5f, 0x70, 0x6c, 0x61, 0x79, 0x65, 0x72, 0x05, 0x00, 0x0a, 0x65,
  0x78, 0x68, 0x61, 0x75, 0x73, 0x74, 0x69, 0x6f, 0x6e, 0x3d, 0xcc, 0xcc,
  0xcd, 0x08, 0x00, 0x0a, 0x6d, 0x65, 0x73, 0x73, 0x61, 0x67, 0x65, 0x5f,
  0x69, 0x64, 0x00, 0x03, 0x6d, 0x6f, 0x62, 0x00, 0x18, 0x6d, 0x69, 0x6e,
  0x65, 0x63, 0x72, 0x61, 0x66, 0x74, 0x3a, 0x6d, 0x6f, 0x62, 0x5f, 0x70,
  0x72, 0x6f, 0x6a, 0x65, 0x63, 0x74, 0x69, 0x6c, 0x65, 0x01, 0x0a, 0x08,
  0x00, 0x07, 0x73, 0x63, 0x61, 0x6c, 0x69, 0x6e, 0x67, 0x00, 0x20, 0x77,
  0x68, 0x65, 0x6e, 0x5f, 0x63, 0x61, 0x75, 0x73, 0x65, 0x64, 0x5f, 0x62,
  0x79, 0x5f, 0x6c, 0x69, 0x76, 0x69, 0x6e, 0x67, 0x5f, 0x6e, 0x6f, 0x6e,
  0x5f, 0x70, 0x6c, 0x61, 0x79, 0x65, 0x72, 0x05, 0x00, 0x0a, 0x65, 0x78,
  0x68, 0x61, 0x75, 0x73, 0x74, 0x69, 0x6f, 0x6e, 0x3d, 0xcc, 0xcc, 0xcd,
  0x08, 0x00, 0x0a, 0x6d, 0x65, 0x73, 0x73, 0x61, 0x67, 0x65, 0x5f, 0x69,
  0x64, 0x00, 0x03, 0x6d, 0x6f, 0x62, 0x00, 0x11, 0x6d, 0x69, 0x6e, 0x65,
  0x63, 0x72, 0x61, 0x66, 0x74, 0x3a, 0x6f, 0x6e, 0x5f, 0x66, 0x69, 0x72,
  0x65, 0x01, 0x0a, 0x08, 0x00, 0x07, 0x65, 0x66, 0x66, 0x65, 0x63, 0x74,
  0x73, 0x00, 0x07, 0x62, 0x75, 0x72, 0x6e, 0x69, 0x6e, 0x67, 0x08, 0x00,
  0x07, 0x73, 0x63, 0x61, 0x6c, 0x69, 0x6e, 0x67, 0x00, 0x20, 0x77, 0x68,
  0x65, 0x6e, 0x5f, 0x63, 0x61, 0x75, 0x73, 0x65, 0x64, 0x5f, 0x62, 0x79,
  0x5f, 0x6c, 0x69, 0x76, 0x69, 0x6e, 0x67, 0x5f, 0x6e, 0x6f, 0x6e, 0x5f,
  0x70, 0x6c, 0x61, 0x79, 0x65, 0x72, 0x05, 0x00, 0x0a, 0x65, 0x78, 0x68,
  0x61, 0x75, 0x73, 0x74, 0x69, 0x6f, 0x6e, 0x00, 0x00, 0x00, 0x00, 0x08,
  0x00, 0x0a, 0x6d, 0x65, 0x73, 0x73, 0x61, 0x67, 0x65, 0x5f, 0x69, 0x64,
  0x00, 0x06, 0x6f, 0x6e, 0x46, 0x69, 0x72, 0x65, 0x00, 0x16, 0x6d, 0x69,
  0x6e, 0x65, 0x63, 0x72, 0x61, 0x66, 0x74, 0x3a, 0x6f, 0x75, 0x74, 0x5f,
  0x6f, 0x66, 0x5f, 0x77, 0x6f, 0x72, 0x6c, 0x64, 0x01, 0x0a, 0x08, 0x00,
  0x07, 0x73, 0x63, 0x61, 0x6c, 0x69, 0x6e, 0x67, 0x00, 0x20, 0x77, 0x68,
  0x65, 0x6e, 0x5f, 0x63, 0x61, 0x75, 0x73, 0x65, 0x64, 0x5f, 0x62, 0x79,
  0x5f, 0x6c, 0x69, 0x76, 0x69, 0x6e, 0x67, 0x5f, 0x6e, 0x6f, 0x6e, 0x5f,
  0x70, 0x6c, 0x61, 0x79, 0x65, 0x72, 0x05, 0x00, 0x0a, 0x65, 0x78, 0x68,
  0x61, 0x75, 0x73, 0x74, 0x69, 0x6f, 0x6e, 0x00, 0x00, 0x00, 0x00, 0x08,
  0x00, 0x0a, 0x6d, 0x65, 0x73, 0x73, 0x61, 0x67, 0x65, 0x5f, 0x69, 0x64,
  0x00, 0x0a, 0x6f, 0x75, 0x74, 0x4f, 0x66, 0x57, 0x6f, 0x72, 0x6c, 0x64,
  0x00, 0x18, 0x6d, 0x69, 0x6e, 0x65, 0x63, 0x72, 0x61, 0x66, 0x74, 0x3a,
  0x6f, 0x75, 0x74, 0x73, 0x69, 0x64, 0x65, 0x5f, 0x62, 0x6f, 0x72, 0x64,
  0x65, 0x72, 0x01, 0x0a, 0x08, 0x00, 0x07, 0x73, 0x63, 0x61, 0x6c, 0x69,
  0x6e, 0x67, 0x00, 0x20, 0x77, 0x68, 0x65, 0x6e, 0x5f, 0x63, 0x61, 0x75,
  0x73, 0x65, 0x64, 0x5f, 0x62, 0x79, 0x5f, 0x6c, 0x69, 0x76, 0x69, 0x6e,
  0x67, 0x5f, 0x6e, 0x6f, 0x6e, 0x5f, 0x70, 0x6c, 0x61, 0x79, 0x65, 0x72,
  0x05, 0x00, 0x0a, 0x65, 0x78, 0x68, 0x61, 0x75, 0x73, 0x74, 0x69, 0x6f,
  0x6e, 0x00, 0x00, 0x00, 0x00, 0x08, 0x00, 0x0a, 0x6d, 0x65, 0x73, 0x73,
  0x61, 0x67, 0x65, 0x5f, 0x69, 0x64, 0x00, 0x0d, 0x6f, 0x75, 0x74, 0x73,
  0x69, 0x64, 0x65, 0x42, 0x6f, 0x72, 0x64, 0x65, 0x72, 0x00, 0x17, 0x6d,
  0x69, 0x6e, 0x65, 0x63, 0x72, 0x61, 0x66, 0x74, 0x3a, 0x70, 0x6c, 0x61,
  0x79, 0x65, 0x72, 0x5f, 0x61, 0x74, 0x74, 0x61, 0x63, 0x6b, 0x01, 0x0a,
  0x08, 0x00, 0x07, 0x73, 0x63, 0x61, 0x6c, 0x69, 0x6e, 0x67, 0x00, 0x20,
  0x77, 0x68, 0x65, 0x6e, 0x5f, 0x63, 0x61, 0x75, 0x73, 0x65, 0x64, 0x5f,
  0x62, 0x79, 0x5f, 0x6c, 0x69, 0x76, 0x69, 0x6e, 0x67, 0x5f, 0x6e, 0x6f,
  0x6e, 0x5f, 0x70, 0x6c, 0x61, 0x79, 0x65, 0x72, 0x05, 0x00, 0x0a, 0x65,
  0x78, 0x68, 0x61, 0x75, 0x73, 0x74, 0x69, 0x6f, 0x6e, 0x3d, 0xcc, 0xcc,
  0xcd, 0x08, 0x00, 0x0a, 0x6d, 0x65, 0x73, 0x73, 0x61, 0x67, 0x65, 0x5f,
  0x69, 0x64, 0x00, 0x06, 0x70, 0x6c, 0x61, 0x79, 0x65, 0x72, 0x00, 0x1a,
  0x6d, 0x69, 0x6e, 0x65, 0x63, 0x72, 0x61, 0x66, 0x74, 0x3a, 0x70, 0x6c,
  0x61, 0x79, 0x65, 0x72, 0x5f, 0x65, 0x78, 0x70, 0x6c, 0x6f, 0x73, 0x69,
  0x6f, 0x6e, 0x01, 0x0a, 0x08, 0x00, 0x07, 0x73, 0x63, 0x61, 0x6c, 0x69,
  0x6e, 0x67, 0x00, 0x06, 0x61, 0x6c, 0x77, 0x61, 0x79, 0x73, 0x05, 0x00,
  0x0a, 0x65, 0x78, 0x68, 0x61, 0x75, 0x73, 0x74, 0x69, 0x6f, 0x6e, 0x3d,
  0xcc, 0xcc, 0xcd, 0x08, 0x00, 0x0a, 0x6d, 0x65, 0x73, 0x73, 0x61, 0x67,
  0x65, 0x5f, 0x69, 0x64, 0x00, 0x10, 0x65, 0x78, 0x70, 0x6c, 0x6f, 0x73,
  0x69, 0x6f, 0x6e, 0x2e, 0x70, 0x6c, 0x61, 0x79, 0x65, 0x72, 0x00, 0x14,
  0x6d, 0x69, 0x6e, 0x65, 0x63, 0x72, 0x61, 0x66, 0x74, 0x3a, 0x73, 0x6f,
  0x6e, 0x69, 0x63, 0x5f, 0x62, 0x6f, 0x6f, 0x6d, 0x01, 0x0a, 0x08, 0x00,
  0x07, 0x73, 0x63, 0x61, 0x6c, 0x69, 0x6e, 0x67, 0x00, 0x06, 0x61, 0x6c,
  0x77, 0x61, 0x79, 0x73, 0x05, 0x00, 0x0a, 0x65, 0x78, 0x68, 0x61, 0x75,
  0x73, 0x74, 0x69, 0x6f, 0x6e, 0x00, 0x00, 0x00, 0x00, 0x08, 0x00, 0x0a,
  0x6d, 0x65, 0x73, 0x73, 0x61, 0x67, 0x65, 0x5f, 0x69, 0x64, 0x00, 0x0a,
  0x73, 0x6f, 0x6e, 0x69, 0x63, 0x5f, 0x62, 0x6f, 0x6f, 0x6d, 0x00, 0x0e,
  0x6d, 0x69, 0x6e, 0x65, 0x63, 0x72, 0x61, 0x66, 0x74, 0x3a, 0x73, 0x70,
  0x69, 0x74, 0x01, 0x0a, 0x08, 0x00, 0x07, 0x73, 0x63, 0x61, 0x6c, 0x69,
  0x6e, 0x67, 0x00, 0x20, 0x77, 0x68, 0x65, 0x6e, 0x5f, 0x63, 0x61, 0x75,
  0x73, 0x65, 0x64, 0x5f, 0x62, 0x79, 0x5f, 0x6c, 0x69, 0x76, 0x69, 0x6e,
  0x67, 0x5f, 0x6e, 0x6f, 0x6e, 0x5f, 0x70, 0x6c, 0x61, 0x79, 0x65, 0x72,
  0x05, 0x00, 0x0a, 0x65, 0x78, 0x68, 0x61, 0x75, 0x73, 0x74, 0x69, 0x6f,
  0x6e, 0x3d, 0xcc, 0xcc, 0xcd, 0x08, 0x00, 0x0a, 0x6d, 0x65, 0x73, 0x73,
  0x61, 0x67, 0x65, 0x5f, 0x69, 0x64, 0x00, 0x03, 0x6d, 0x6f, 0x62, 0x00,
  0x14, 0x6d, 0x69, 0x6e, 0x65, 0x63, 0x72, 0x61, 0x66, 0x74, 0x3a, 0x73,
  0x74, 0x61, 0x6c, 0x61, 0x67, 0x6d, 0x69, 0x74, 0x65, 0x01, 0x0a, 0x08,
  0x00, 0x07, 0x73, 0x63, 0x61, 0x6c, 0x69, 0x6e, 0x67, 0x00, 0x20, 0x77,
  0x68, 0x65, 0x6e, 0x5f, 0x63, 0x61, 0x75, 0x73, 0x65, 0x64, 0x5f, 0x62,
  0x79, 0x5f, 0x6c, 0x69, 0x76, 0x69, 0x6e, 0x67, 0x5f, 0x6e, 0x6f, 0x6e,
  0x5f, 0x70, 0x6c, 0x61, 0x79, 0x65, 0x72, 0x05, 0x00, 0x0a, 0x65, 0x78,
  0x68, 0x61, 0x75, 0x73, 0x74, 0x69, 0x6f, 0x6e, 0x00, 0x00, 0x00, 0x00,
  0x08, 0x00, 0x0a, 0x6d, 0x65, 0x73, 0x73, 0x61, 0x67, 0x65, 0x5f, 0x69,
  0x64, 0x00, 0x0a, 0x73, 0x74, 0x61, 0x6c, 0x61, 0x67, 0x6d, 0x69, 0x74,
  0x65, 0x00, 0x10, 0x6d, 0x69, 0x6e, 0x65, 0x63, 0x72, 0x61, 0x66, 0x74,
  0x3a, 0x73, 0x74, 0x61, 0x72, 0x76, 0x65, 0x01, 0x0a, 0x08, 0x00, 0x07,
  0x73, 0x63, 0x61, 0x6c, 0x69, 0x6e, 0x67, 0x00, 0x20, 0x77, 0x68, 0x65,
  0x6e, 0x5f, 0x63, 0x61, 0x75, 0x73, 0x65, 0x64, 0x5f, 0x62, 0x79, 0x5f,
  0x6c, 0x69, 0x76, 0x69, 0x6e, 0x67, 0x5f, 0x6e, 0x6f, 0x6e, 0x5f, 0x70,
  0x6c, 0x61, 0x79, 0x65, 0x72, 0x05, 0x00, 0x0a, 0x65, 0x78, 0x68, 0x61,
  0x75, 0x73, 0x74, 0x69, 0x6f, 0x6e, 0x00, 0x00, 0x00, 0x00, 0x08, 0x00,
  0x0a, 0x6d, 0x65, 0x73, 0x73, 0x61, 0x67, 0x65, 0x5f, 0x69, 0x64, 0x00,
  0x06, 0x73, 0x74, 0x61, 0x72, 0x76, 0x65, 0x00, 0x0f, 0x6d, 0x69, 0x6e,
  0x65, 0x63, 0x72, 0x61, 0x66, 0x74, 0x3a, 0x73, 0x74, 0x69, 0x6e, 0x67,
  0x01, 0x0a, 0x08, 0x00, 0x07, 0x73, 0x63, 0x61, 0x6c, 0x69, 0x6e, 0x67,
  0x00, 0x20, 0x77, 0x68, 0x65, 0x6e, 0x5f, 0x63, 0x61, 0x75, 0x73, 0x65,
  0x64, 0x5f, 0x62, 0x79, 0x5f, 0x6c, 0x69, 0x76, 0x69, 0x6e, 0x67, 0x5f,
  0x6e, 0x6f, 0x6e, 0x5f, 0x70, 0x6c, 0x61, 0x79, 0x65, 0x72, 0x05, 0x00,
  0x0a, 0x65, 0x78, 0x68, 0x61, 0x75, 0x73, 0x74, 0x69, 0x6f, 0x6e, 0x3d,
  0xcc, 0xcc, 0xcd, 0x08, 0x00, 0x0a, 0x6d, 0x65, 0x73, 0x73, 0x61, 0x67,
  0x65, 0x5f, 0x69, 0x64, 0x00, 0x05, 0x73, 0x74, 0x69, 0x6e, 0x67, 0x00,
  0x1a, 0x6d, 0x69, 0x6e, 0x65, 0x63, 0x72, 0x61, 0x66, 0x74, 0x3a, 0x73,
  0x77, 0x65, 0x65, 0x74, 0x5f, 0x62, 0x65, 0x72, 0x72, 0x79, 0x5f, 0x62,
  0x75, 0x73, 0x68, 0x01, 0x0a, 0x08, 0x00, 0x07, 0x65, 0x66, 0x66, 0x65,
  0x63, 0x74, 0x73, 0x00, 0x06, 0x70, 0x6f, 0x6b, 0x69, 0x6e, 0x67, 0x08,
  0x00, 0x07, 0x73, 0x63, 0x61, 0x6c, 0x69, 0x6e, 0x67, 0x00, 0x20, 0x77,
  0x68, 0x65, 0x6e, 0x5f, 0x63, 0x61, 0x75, 0x73, 0x65, 0x64, 0x5f, 0x62,
  0x79, 0x5f, 0x6c, 0x69, 0x76, 0x69, 0x6e, 0x67, 0x5f, 0x6e, 0x6f, 0x6e,
  0x5f, 0x70, 0x6c, 0x61, 0x79, 0x65, 0x72, 0x05, 0x00, 0x0a, 0x65, 0x78,
  0x68, 0x61, 0x75, 0x73, 0x74, 0x69, 0x6f, 0x6e, 0x3d, 0xcc, 0xcc, 0xcd,
  0x08, 0x00, 0x0a, 0x6d, 0x65, 0x73, 0x73, 0x61, 0x67, 0x65, 0x5f, 0x69,
  0x64, 0x00, 0x0e, 0x73, 0x77, 0x65, 0x65, 0x74, 0x42, 0x65, 0x72, 0x72,
  0x79, 0x42, 0x75, 0x73, 0x68, 0x00, 0x10, 0x6d, 0x69, 0x6e, 0x65, 0x63,
  0x72, 0x61, 0x66, 0x74, 0x3a, 0x74, 0x68, 0x6f, 0x72, 0x6e, 0x73, 0x01,
  0x0a, 0x08, 0x00, 0x07, 0x65, 0x66, 0x66, 0x65, 0x63, 0x74, 0x73, 0x00,
  0x06, 0x74, 0x68, 0x6f, 0x72, 0x6e, 0x73, 0x08, 0x00, 0x07, 0x73, 0x63,
  0x61, 0x6c, 0x69, 0x6e, 0x67, 0x00, 0x20, 0x77, 0x68, 0x65, 0x6e, 0x5f,
  0x63, 0x61, 0x75, 0x73, 0x65, 0x64, 0x5f, 0x62, 0x79, 0x5f, 0x6c, 0x69,
  0x76, 0x69, 0x6e, 0x67, 0x5f, 0x6e, 0x6f, 0x6e, 0x5f, 0x70, 0x6c, 0x61,
  0x79, 0x65, 0x72, 0x05, 0x00, 0x0a, 0x65, 0x78, 0x68, 0x61, 0x75, 0x73,
  0x74, 0x69, 0x6f, 0x6e, 0x3d, 0xcc, 0xcc, 0xcd, 0x08, 0x00, 0x0a, 0x6d,
  0x65, 0x73, 0x73, 0x61, 0x67, 0x65, 0x5f, 0x69, 0x64, 0x00, 0x06, 0x74,
  0x68, 0x6f, 0x72, 0x6e, 0x73, 0x00, 0x10, 0x6d, 0x69, 0x6e, 0x65, 0x63,
  0x72, 0x61, 0x66, 0x74, 0x3a, 0x74, 0x68, 0x72, 0x6f, 0x77, 0x6e, 0x01,
  0x0a, 0x08, 0x00, 0x07, 0x73, 0x63, 0x61, 0x6c, 0x69, 0x6e, 0x67, 0x00,
  0x20, 0x77, 0x68, 0x65, 0x6e, 0x5f, 0x63, 0x61, 0x75, 0x73, 0x65, 0x64,
  0x5f, 0x62, 0x79, 0x5f, 0x6c, 0x69, 0x76, 0x69, 0x6e, 0x67, 0x5f, 0x6e,
  0x6f, 0x6e, 0x5f, 0x70, 0x6c, 0x61, 0x79, 0x65, 0x72, 0x05, 0x00, 0x0a,
  0x65, 0x78, 0x68, 0x61, 0x75, 0x73, 0x74, 0x69, 0x6f, 0x6e, 0x3d, 0xcc,
  0xcc, 0xcd, 0x08, 0x00, 0x0a, 0x6d, 0x65, 0x73, 0x73, 0x61, 0x67, 0x65,
  0x5f, 0x69, 0x64, 0x00, 0x06, 0x74, 0x68, 0x72, 0x6f, 0x77, 0x6e, 0x00,
  0x11, 0x6d, 0x69, 0x6e, 0x65, 0x63, 0x72, 0x61, 0x66, 0x74, 0x3a, 0x74,
  0x72, 0x69, 0x64, 0x65, 0x6e, 0x74, 0x01, 0x0a, 0x08, 0x00, 0x07, 0x73,
  0x63, 0x61, 0x6c, 0x69, 0x6e, 0x67, 0x00, 0x20, 0x77, 0x68, 0x65, 0x6e,
  0x5f, 0x63, 0x61, 0x75, 0x73, 0x65, 0x64, 0x5f, 0x62, 0x79, 0x5f, 0x6c,
  0x69, 0x76, 0x69, 0x6e, 0x67, 0x5f, 0x6e, 0x6f, 0x6e, 0x5f, 0x70, 0x6c,
  0x61, 0x79, 0x65, 0x72, 0x05, 0x00, 0x0a, 0x65, 0x78, 0x68, 0x61, 0x75,
  0x73, 0x74, 0x69, 0x6f, 0x6e, 0x3d, 0xcc, 0xcc, 0xcd, 0x08, 0x00, 0x0a,
  0x6d, 0x65, 0x73, 0x73, 0x61, 0x67, 0x65, 0x5f, 0x69, 0x64, 0x00, 0x07,
  0x74, 0x72, 0x69, 0x64, 0x65, 0x6e, 0x74, 0x00, 0x1f, 0x6d, 0x69, 0x6e,
  0x65, 0x63, 0x72, 0x61, 0x66, 0x74, 0x3a, 0x75, 0x6e, 0x61, 0x74, 0x74,
  0x72, 0x69, 0x62, 0x75, 0x74, 0x65, 0x64, 0x5f, 0x66, 0x69, 0x72, 0x65,
  0x62, 0x61, 0x6c, 0x6c, 0x01, 0x0a, 0x08, 0x00, 0x07, 0x65, 0x66, 0x66,
  0x65, 0x63, 0x74, 0x73, 0x00, 0x07, 0x62, 0x75, 0x72, 0x6e, 0x69, 0x6e,
  0x67, 0x08, 0x00, 0x07, 0x73, 0x63, 0x61, 0x6c, 0x69, 0x6e, 0x67, 0x00,
  0x20, 0x77, 0x68, 0x65, 0x6e, 0x5f, 0x63, 0x61, 0x75, 0x73, 0x65, 0x64,
  0x5f, 0x62, 0x79, 0x5f, 0x6c, 0x69, 0x76, 0x69, 0x6e, 0x67, 0x5f, 0x6e,
  0x6f, 0x6e, 0x5f, 0x70, 0x6c, 0x61, 0x79, 0x65, 0x72, 0x05, 0x00, 0x0a,
  0x65, 0x78, 0x68, 0x61, 0x75, 0x73, 0x74, 0x69, 0x6f, 0x6e, 0x3d, 0xcc,
  0xcc, 0xcd, 0x08, 0x00, 0x0a, 0x6d, 0x65, 0x73, 0x73, 0x61, 0x67, 0x65,
  0x5f, 0x69, 0x64, 0x00, 0x06, 0x6f, 0x6e, 0x46, 0x69, 0x72, 0x65, 0x00,
  0x15, 0x6d, 0x69, 0x6e, 0x65, 0x63, 0x72, 0x61, 0x66, 0x74, 0x3a, 0x77,
  0x69, 0x6e, 0x64, 0x5f, 0x63, 0x68, 0x61, 0x72, 0x67, 0x65, 0x01, 0x0a,
  0x08, 0x00, 0x07, 0x73, 0x63, 0x61, 0x6c, 0x69, 0x6e, 0x67, 0x00, 0x20,
  0x77, 0x68, 0x65, 0x6e, 0x5f, 0x63, 0x61, 0x75, 0x73, 0x65, 0x64, 0x5f,
  0x62, 0x79, 0x5f, 0x6c, 0x69, 0x76, 0x69, 0x6e, 0x67, 0x5f, 0x6e, 0x6f,
  0x6e, 0x5f, 0x70, 0x6c, 0x61, 0x79, 0x65, 0x72, 0x05, 0x00, 0x0a, 0x65,
  0x78, 0x68, 0x61, 0x75, 0x73, 0x74, 0x69, 0x6f, 0x6e, 0x3d, 0xcc, 0xcc,
  0xcd, 0x08, 0x00, 0x0a, 0x6d, 0x65, 0x73, 0x73, 0x61, 0x67, 0x65, 0x5f,
  0x69, 0x64, 0x00, 0x03, 0x6d, 0x6f, 0x62, 0x00, 0x10, 0x6d, 0x69, 0x6e,
  0x65, 0x63, 0x72, 0x61, 0x66, 0x74, 0x3a, 0x77, 0x69, 0x74, 0x68, 0x65,
  0x72, 0x01, 0x0a, 0x08, 0x00, 0x07, 0x73, 0x63, 0x61, 0x6c, 0x69, 0x6e,
  0x67, 0x00, 0x20, 0x77, 0x68, 0x65, 0x6e, 0x5f, 0x63, 0x61, 0x75, 0x73,
  0x65, 0x64, 0x5f, 0x62, 0x79, 0x5f, 0x6c, 0x69, 0x76, 0x69, 0x6e, 0x67,
  0x5f, 0x6e, 0x6f, 0x6e, 0x5f, 0x70, 0x6c, 0x61, 0x79, 0x65, 0x72, 0x05,
  0x00, 0x0a, 0x65, 0x78, 0x68, 0x61, 0x75, 0x73, 0x74, 0x69, 0x6f, 0x6e,
  0x00, 0x00, 0x00, 0x00, 0x08, 0x00, 0x0a, 0x6d, 0x65, 0x73, 0x73, 0x61,
  0x67, 0x65, 0x5f, 0x69, 0x64, 0x00, 0x06, 0x77, 0x69, 0x74, 0x68, 0x65,
  0x72, 0x00, 0x16, 0x6d, 0x69, 0x6e, 0x65, 0x63, 0x72, 0x61, 0x66, 0x74,
  0x3a, 0x77, 0x69, 0x74, 0x68, 0x65, 0x72, 0x5f, 0x73, 0x6b, 0x75, 0x6c,
  0x6c, 0x01, 0x0a, 0x08, 0x00, 0x07, 0x73, 0x63, 0x61, 0x6c, 0x69, 0x6e,
  0x67, 0x00, 0x20, 0x77, 0x68, 0x65, 0x6e, 0x5f, 0x63, 0x61, 0x75, 0x73,
  0x65, 0x64, 0x5f, 0x62, 0x79, 0x5f, 0x6c, 0x69, 0x76, 0x69, 0x6e, 0x67,
  0x5f, 0x6e, 0x6f, 0x6e, 0x5f, 0x70, 0x6c, 0x61, 0x79, 0x65, 0x72, 0x05,
  0x00, 0x0a, 0x65, 0x78, 0x68, 0x61, 0x75, 0x73, 0x74, 0x69, 0x6f, 0x6e,
  0x3d, 0xcc, 0xcc, 0xcd, 0x08, 0x00, 0x0a, 0x6d, 0x65, 0x73, 0x73, 0x61,
  0x67, 0x65, 0x5f, 0x69, 0x64, 0x00, 0x0b, 0x77, 0x69, 0x74, 0x68, 0x65,
  0x72, 0x53, 0x6b, 0x75, 0x6c, 0x6c, 0x00,
};
Blob e769_damage_type() { return {k_e769_damage_type, sizeof(k_e769_damage_type)}; }

static const uint8_t k_e770_dimension_type[] = {
  0x18, 0x6d, 0x69, 0x6e, 0x65, 0x63, 0x72, 0x61, 0x66, 0x74, 0x3a, 0x64,
  0x69, 0x6d, 0x65, 0x6e, 0x73, 0x69, 0x6f, 0x6e, 0x5f, 0x74, 0x79, 0x70,
  0x65, 0x01, 0x13, 0x6d, 0x69, 0x6e, 0x65, 0x63, 0x72, 0x61, 0x66, 0x74,
  0x3a, 0x6f, 0x76, 0x65, 0x72, 0x77, 0x6f, 0x72, 0x6c, 0x64, 0x01, 0x0a,
  0x01, 0x00, 0x0b, 0x70, 0x69, 0x67, 0x6c, 0x69, 0x6e, 0x5f, 0x73, 0x61,
  0x66, 0x65, 0x00, 0x01, 0x00, 0x07, 0x6e, 0x61, 0x74, 0x75, 0x72, 0x61,
  0x6c, 0x01, 0x05, 0x00, 0x0d, 0x61, 0x6d, 0x62, 0x69, 0x65, 0x6e, 0x74,
  0x5f, 0x6c, 0x69, 0x67, 0x68, 0x74, 0x00, 0x00, 0x00, 0x00, 0x03, 0x00,
  0x1f, 0x6d, 0x6f, 0x6e, 0x73, 0x74, 0x65, 0x72, 0x5f, 0x73, 0x70, 0x61,
  0x77, 0x6e, 0x5f, 0x62, 0x6c, 0x6f, 0x63, 0x6b, 0x5f, 0x6c, 0x69, 0x67,
  0x68, 0x74, 0x5f, 0x6c, 0x69, 0x6d, 0x69, 0x74, 0x00, 0x00, 0x00, 0x00,
  0x08, 0x00, 0x0a, 0x69, 0x6e, 0x66, 0x69, 0x6e, 0x69, 0x62, 0x75, 0x72,
  0x6e, 0x00, 0x1f, 0x23, 0x6d, 0x69, 0x6e, 0x65, 0x63, 0x72, 0x61, 0x66,
  0x74, 0x3a, 0x69, 0x6e, 0x66, 0x69, 0x6e, 0x69, 0x62, 0x75, 0x72, 0x6e,
  0x5f, 0x6f, 0x76, 0x65, 0x72, 0x77, 0x6f, 0x72, 0x6c, 0x64, 0x01, 0x00,
  0x14, 0x72, 0x65, 0x73, 0x70, 0x61, 0x77, 0x6e, 0x5f, 0x61, 0x6e, 0x63,
  0x68, 0x6f, 0x72, 0x5f, 0x77, 0x6f, 0x72, 0x6b, 0x73, 0x00, 0x01, 0x00,
  0x0c, 0x68, 0x61, 0x73, 0x5f, 0x73, 0x6b, 0x79, 0x6c, 0x69, 0x67, 0x68,
  0x74, 0x01, 0x01, 0x00, 0x09, 0x62, 0x65, 0x64, 0x5f, 0x77, 0x6f, 0x72,
  0x6b, 0x73, 0x01, 0x08, 0x00, 0x07, 0x65, 0x66, 0x66, 0x65, 0x63, 0x74,
  0x73, 0x00, 0x13, 0x6d, 0x69, 0x6e, 0x65, 0x63, 0x72, 0x61, 0x66, 0x74,
  0x3a, 0x6f, 0x76, 0x65, 0x72, 0x77, 0x6f, 0x72, 0x6c, 0x64, 0x01, 0x00,
  0x09, 0x68, 0x61, 0x73, 0x5f, 0x72, 0x61, 0x69, 0x64, 0x73, 0x01, 0x03,
  0x00, 0x0e, 0x6c, 0x6f, 0x67, 0x69, 0x63, 0x61, 0x6c, 0x5f, 0x68, 0x65,
  0x69, 0x67, 0x68, 0x74, 0x00, 0x00, 0x01, 0x80, 0x06, 0x00, 0x10, 0x63,
  0x6f, 0x6f, 0x72, 0x64, 0x69, 0x6e, 0x61, 0x74, 0x65, 0x5f, 0x73, 0x63,
  0x61, 0x6c, 0x65, 0x3f, 0xf0, 0x00, 0x00, 0x00, 0x00, 0x00, 0x00, 0x0a,
  0x00, 0x19, 0x6d, 0x6f, 0x6e, 0x73, 0x74, 0x65, 0x72, 0x5f, 0x73, 0x70,
  0x61, 0x77, 0x6e, 0x5f, 0x6c, 0x69, 0x67, 0x68, 0x74, 0x5f, 0x6c, 0x65,
  0x76, 0x65, 0x6c, 0x03, 0x00, 0x0d, 0x6d, 0x69, 0x6e, 0x5f, 0x69, 0x6e,
  0x63, 0x6c, 0x75, 0x73, 0x69, 0x76, 0x65, 0x00, 0x00, 0x00, 0x00, 0x03,
  0x00, 0x0d, 0x6d, 0x61, 0x78, 0x5f, 0x69, 0x6e, 0x63, 0x6c, 0x75, 0x73,
  0x69, 0x76, 0x65, 0x00, 0x00, 0x00, 0x07, 0x08, 0x00, 0x04, 0x74, 0x79,
  0x70, 0x65, 0x00, 0x11, 0x6d, 0x69, 0x6e, 0x65, 0x63, 0x72, 0x61, 0x66,
  0x74, 0x3a, 0x75, 0x6e, 0x69, 0x66, 0x6f, 0x72, 0x6d, 0x00, 0x03, 0x00,
  0x05, 0x6d, 0x69, 0x6e, 0x5f, 0x79, 0xff, 0xff, 0xff, 0xc0, 0x01, 0x00,
  0x09, 0x75, 0x6c, 0x74, 0x72, 0x61, 0x77, 0x61, 0x72, 0x6d, 0x00, 0x01,
  0x00, 0x0b, 0x68, 0x61, 0x73, 0x5f, 0x63, 0x65, 0x69, 0x6c, 0x69, 0x6e,
  0x67, 0x00, 0x03, 0x00, 0x06, 0x68, 0x65, 0x69, 0x67, 0x68, 0x74, 0x00,
  0x00, 0x01, 0x80, 0x00,
};
Blob e770_dimension_type() { return {k_e770_dimension_type, sizeof(k_e770_dimension_type)}; }

static const uint8_t k_e770_biome[] = {
  0x18, 0x6d, 0x69, 0x6e, 0x65, 0x63, 0x72, 0x61, 0x66, 0x74, 0x3a, 0x77,
  0x6f, 0x72, 0x6c, 0x64, 0x67, 0x65, 0x6e, 0x2f, 0x62, 0x69, 0x6f, 0x6d,
  0x65, 0x01, 0x10, 0x6d, 0x69, 0x6e, 0x65, 0x63, 0x72, 0x61, 0x66, 0x74,
  0x3a, 0x70, 0x6c, 0x61, 0x69, 0x6e, 0x73, 0x01, 0x0a, 0x0a, 0x00, 0x07,
  0x65, 0x66, 0x66, 0x65, 0x63, 0x74, 0x73, 0x03, 0x00, 0x09, 0x73, 0x6b,
  0x79, 0x5f, 0x63, 0x6f, 0x6c, 0x6f, 0x72, 0x00, 0x78, 0xa7, 0xff, 0x03,
  0x00, 0x0f, 0x77, 0x61, 0x74, 0x65, 0x72, 0x5f, 0x66, 0x6f, 0x67, 0x5f,
  0x63, 0x6f, 0x6c, 0x6f, 0x72, 0x00, 0x05, 0x05, 0x33, 0x03, 0x00, 0x09,
  0x66, 0x6f, 0x67, 0x5f, 0x63, 0x6f, 0x6c, 0x6f, 0x72, 0x00, 0xc0, 0xd8,
  0xff, 0x03, 0x00, 0x0b, 0x77, 0x61, 0x74, 0x65, 0x72, 0x5f, 0x63, 0x6f,
  0x6c, 0x6f, 0x72, 0x00, 0x3f, 0x76, 0xe4, 0x0a, 0x00, 0x0a, 0x6d, 0x6f,
  0x6f, 0x64, 0x5f, 0x73, 0x6f, 0x75, 0x6e, 0x64, 0x03, 0x00, 0x0a, 0x74,
  0x69, 0x63, 0x6b, 0x5f, 0x64, 0x65, 0x6c, 0x61, 0x79, 0x00, 0x00, 0x17,
  0x70, 0x06, 0x00, 0x06, 0x6f, 0x66, 0x66, 0x73, 0x65, 0x74, 0x40, 0x00,
  0x00, 0x00, 0x00, 0x00, 0x00, 0x00, 0x08, 0x00, 0x05, 0x73, 0x6f, 0x75,
  0x6e, 0x64, 0x00, 0x16, 0x6d, 0x69, 0x6e, 0x65, 0x63, 0x72, 0x61, 0x66,
  0x74, 0x3a, 0x61, 0x6d, 0x62, 0x69, 0x65, 0x6e, 0x74, 0x2e, 0x63, 0x61,
  0x76, 0x65, 0x03, 0x00, 0x13, 0x62, 0x6c, 0x6f, 0x63, 0x6b, 0x5f, 0x73,
  0x65, 0x61, 0x72, 0x63, 0x68, 0x5f, 0x65, 0x78, 0x74, 0x65, 0x6e, 0x74,
  0x00, 0x00, 0x00, 0x08, 0x00, 0x00, 0x01, 0x00, 0x11, 0x68, 0x61, 0x73,
  0x5f, 0x70, 0x72, 0x65, 0x63, 0x69, 0x70, 0x69, 0x74, 0x61, 0x74, 0x69,
  0x6f, 0x6e, 0x01, 0x05, 0x00, 0x0b, 0x74, 0x65, 0x6d, 0x70, 0x65, 0x72,
  0x61, 0x74, 0x75, 0x72, 0x65, 0x3f, 0x4c, 0xcc, 0xcd, 0x05, 0x00, 0x08,
  0x64, 0x6f, 0x77, 0x6e, 0x66, 0x61, 0x6c, 0x6c, 0x3e, 0xcc, 0xcc, 0xcd,
  0x00,
};
Blob e770_biome() { return {k_e770_biome, sizeof(k_e770_biome)}; }

static const uint8_t k_e770_chat_type[] = {
  0x13, 0x6d, 0x69, 0x6e, 0x65, 0x63, 0x72, 0x61, 0x66, 0x74, 0x3a, 0x63,
  0x68, 0x61, 0x74, 0x5f, 0x74, 0x79, 0x70, 0x65, 0x07, 0x0e, 0x6d, 0x69,
  0x6e, 0x65, 0x63, 0x72, 0x61, 0x66, 0x74, 0x3a, 0x63, 0x68, 0x61, 0x74,
  0x01, 0x0a, 0x0a, 0x00, 0x04, 0x63, 0x68, 0x61, 0x74, 0x08, 0x00, 0x0f,
  0x74, 0x72, 0x61, 0x6e, 0x73, 0x6c, 0x61, 0x74, 0x69, 0x6f, 0x6e, 0x5f,
  0x6b, 0x65, 0x79, 0x00, 0x0e, 0x63, 0x68, 0x61, 0x74, 0x2e, 0x74, 0x79,
  0x70, 0x65, 0x2e, 0x74, 0x65, 0x78, 0x74, 0x09, 0x00, 0x0a, 0x70, 0x61,
  0x72, 0x61, 0x6d, 0x65, 0x74, 0x65, 0x72, 0x73, 0x08, 0x00, 0x00, 0x00,
  0x02, 0x00, 0x06, 0x73, 0x65, 0x6e, 0x64, 0x65, 0x72, 0x00, 0x07, 0x63,
  0x6f, 0x6e, 0x74, 0x65, 0x6e, 0x74, 0x00, 0x0a, 0x00, 0x09, 0x6e, 0x61,
  0x72, 0x72, 0x61, 0x74, 0x69, 0x6f, 0x6e, 0x08, 0x00, 0x0f, 0x74, 0x72,
  0x61, 0x6e, 0x73, 0x6c, 0x61, 0x74, 0x69, 0x6f, 0x6e, 0x5f, 0x6b, 0x65,
  0x79, 0x00, 0x16, 0x63, 0x68, 0x61, 0x74, 0x2e, 0x74, 0x79, 0x70, 0x65,
  0x2e, 0x74, 0x65, 0x78, 0x74, 0x2e, 0x6e, 0x61, 0x72, 0x72, 0x61, 0x74,
  0x65, 0x09, 0x00, 0x0a, 0x70, 0x61, 0x72, 0x61, 0x6d, 0x65, 0x74, 0x65,
  0x72, 0x73, 0x08, 0x00, 0x00, 0x00, 0x02, 0x00, 0x06, 0x73, 0x65, 0x6e,
  0x64, 0x65, 0x72, 0x00, 0x07, 0x63, 0x6f, 0x6e, 0x74, 0x65, 0x6e, 0x74,
  0x00, 0x00, 0x17, 0x6d, 0x69, 0x6e, 0x65, 0x63, 0x72, 0x61, 0x66, 0x74,
  0x3a, 0x65, 0x6d, 0x6f, 0x74, 0x65, 0x5f, 0x63, 0x6f, 0x6d, 0x6d, 0x61,
  0x6e, 0x64, 0x01, 0x0a, 0x0a, 0x00, 0x04, 0x63, 0x68, 0x61, 0x74, 0x08,
  0x00, 0x0f, 0x74, 0x72, 0x61, 0x6e, 0x73, 0x6c, 0x61, 0x74, 0x69, 0x6f,
  0x6e, 0x5f, 0x6b, 0x65, 0x79, 0x00, 0x0f, 0x63, 0x68, 0x61, 0x74, 0x2e,
  0x74, 0x79, 0x70, 0x65, 0x2e, 0x65, 0x6d, 0x6f, 0x74, 0x65, 0x09, 0x00,
  0x0a, 0x70, 0x61, 0x72, 0x61, 0x6d, 0x65, 0x74, 0x65, 0x72, 0x73, 0x08,
  0x00, 0x00, 0x00, 0x02, 0x00, 0x06, 0x73, 0x65, 0x6e, 0x64, 0x65, 0x72,
  0x00, 0x07, 0x63, 0x6f, 0x6e, 0x74, 0x65, 0x6e, 0x74, 0x00, 0x0a, 0x00,
  0x09, 0x6e, 0x61, 0x72, 0x72, 0x61, 0x74, 0x69, 0x6f, 0x6e, 0x08, 0x00,
  0x0f, 0x74, 0x72, 0x61, 0x6e, 0x73, 0x6c, 0x61, 0x74, 0x69, 0x6f, 0x6e,
  0x5f, 0x6b, 0x65, 0x79, 0x00, 0x0f, 0x63, 0x68, 0x61, 0x74, 0x2e, 0x74,
  0x79, 0x70, 0x65, 0x2e, 0x65, 0x6d, 0x6f, 0x74, 0x65, 0x09, 0x00, 0x0a,
  0x70, 0x61, 0x72, 0x61, 0x6d, 0x65, 0x74, 0x65, 0x72, 0x73, 0x08, 0x00,
  0x00, 0x00, 0x02, 0x00, 0x06, 0x73, 0x65, 0x6e, 0x64, 0x65, 0x72, 0x00,
  0x07, 0x63, 0x6f, 0x6e, 0x74, 0x65, 0x6e, 0x74, 0x00, 0x00, 0x1e, 0x6d,
  0x69, 0x6e, 0x65, 0x63, 0x72, 0x61, 0x66, 0x74, 0x3a, 0x6d, 0x73, 0x67,
  0x5f, 0x63, 0x6f, 0x6d, 0x6d, 0x61, 0x6e, 0x64, 0x5f, 0x69, 0x6e, 0x63,
  0x6f, 0x6d, 0x69, 0x6e, 0x67, 0x01, 0x0a, 0x0a, 0x00, 0x04, 0x63, 0x68,
  0x61, 0x74, 0x08, 0x00, 0x0f, 0x74, 0x72, 0x61, 0x6e, 0x73, 0x6c, 0x61,
  0x74, 0x69, 0x6f, 0x6e, 0x5f, 0x6b, 0x65, 0x79, 0x00, 0x21, 0x63, 0x6f,
  0x6d, 0x6d, 0x61, 0x6e, 0x64, 0x73, 0x2e, 0x6d, 0x65, 0x73, 0x73, 0x61,
  0x67, 0x65, 0x2e, 0x64, 0x69, 0x73, 0x70, 0x6c, 0x61, 0x79, 0x2e, 0x69,
  0x6e, 0x63, 0x6f, 0x6d, 0x69, 0x6e, 0x67, 0x0a, 0x00, 0x05, 0x73, 0x74,
  0x79, 0x6c, 0x65, 0x08, 0x00, 0x05, 0x63, 0x6f, 0x6c, 0x6f, 0x72, 0x00,
  0x04, 0x67, 0x72, 0x61, 0x79, 0x01, 0x00, 0x06, 0x69, 0x74, 0x61, 0x6c,
  0x69, 0x63, 0x01, 0x00, 0x09, 0x00, 0x0a, 0x70, 0x61, 0x72, 0x61, 0x6d,
  0x65, 0x74, 0x65, 0x72, 0x73, 0x08, 0x00, 0x00, 0x00, 0x02, 0x00, 0x06,
  0x73, 0x65, 0x6e, 0x64, 0x65, 0x72, 0x00, 0x07, 0x63, 0x6f, 0x6e, 0x74,
  0x65, 0x6e, 0x74, 0x00, 0x0a, 0x00, 0x09, 0x6e, 0x61, 0x72, 0x72, 0x61,
  0x74, 0x69, 0x6f, 0x6e, 0x08, 0x00, 0x0f, 0x74, 0x72, 0x61, 0x6e, 0x73,
  0x6c, 0x61, 0x74, 0x69, 0x6f, 0x6e, 0x5f, 0x6b, 0x65, 0x79, 0x00, 0x16,
  0x63, 0x68, 0x61, 0x74, 0x2e, 0x74, 0x79, 0x70, 0x65, 0x2e, 0x74, 0x65,
  0x78, 0x74, 0x2e, 0x6e, 0x61, 0x72, 0x72, 0x61, 0x74, 0x65, 0x09, 0x00,
  0x0a, 0x70, 0x61, 0x72, 0x61, 0x6d, 0x65, 0x74, 0x65, 0x72, 0x73, 0x08,
  0x00, 0x00, 0x00, 0x02, 0x00, 0x06, 0x73, 0x65, 0x6e, 0x64, 0x65, 0x72,
  0x00, 0x07, 0x63, 0x6f, 0x6e, 0x74, 0x65, 0x6e, 0x74, 0x00, 0x00, 0x1e,
  0x6d, 0x69, 0x6e, 0x65, 0x63, 0x72, 0x61, 0x66, 0x74, 0x3a, 0x6d, 0x73,
  0x67, 0x5f, 0x63, 0x6f, 0x6d, 0x6d, 0x61, 0x6e, 0x64, 0x5f, 0x6f, 0x75,
  0x74, 0x67, 0x6f, 0x69, 0x6e, 0x67, 0x01, 0x0a, 0x0a, 0x00, 0x04, 0x63,
  0x68, 0x61, 0x74, 0x08, 0x00, 0x0f, 0x74, 0x72, 0x61, 0x6e, 0x73, 0x6c,
  0x61, 0x74, 0x69, 0x6f, 0x6e, 0x5f, 0x6b, 0x65, 0x79, 0x00, 0x21, 0x63,
  0x6f, 0x6d, 0x6d, 0x61, 0x6e, 0x64, 0x73, 0x2e, 0x6d, 0x65, 0x73, 0x73,
  0x61, 0x67, 0x65, 0x2e, 0x64, 0x69, 0x73, 0x70, 0x6c, 0x61, 0x79, 0x2e,
  0x6f, 0x75, 0x74, 0x67, 0x6f, 0x69, 0x6e, 0x67, 0x0a, 0x00, 0x05, 0x73,
  0x74, 0x79, 0x6c, 0x65, 0x08, 0x00, 0x05, 0x63, 0x6f, 0x6c, 0x6f, 0x72,
  0x00, 0x04, 0x67, 0x72, 0x61, 0x79, 0x01, 0x00, 0x06, 0x69, 0x74, 0x61,
  0x6c, 0x69, 0x63, 0x01, 0x00, 0x09, 0x00, 0x0a, 0x70, 0x61, 0x72, 0x61,
  0x6d, 0x65, 0x74, 0x65, 0x72, 0x73, 0x08, 0x00, 0x00, 0x00, 0x02, 0x00,
  0x06, 0x74, 0x61, 0x72, 0x67, 0x65, 0x74, 0x00, 0x07, 0x63, 0x6f, 0x6e,
  0x74, 0x65, 0x6e, 0x74, 0x00, 0x0a, 0x00, 0x09, 0x6e, 0x61, 0x72, 0x72,
  0x61, 0x74, 0x69, 0x6f, 0x6e, 0x08, 0x00, 0x0f, 0x74, 0x72, 0x61, 0x6e,
  0x73, 0x6c, 0x61, 0x74, 0x69, 0x6f, 0x6e, 0x5f, 0x6b, 0x65, 0x79, 0x00,
  0x16, 0x63, 0x68, 0x61, 0x74, 0x2e, 0x74, 0x79, 0x70, 0x65, 0x2e, 0x74,
  0x65, 0x78, 0x74, 0x2e, 0x6e, 0x61, 0x72, 0x72, 0x61, 0x74, 0x65, 0x09,
  0x00, 0x0a, 0x70, 0x61, 0x72, 0x61, 0x6d, 0x65, 0x74, 0x65, 0x72, 0x73,
  0x08, 0x00, 0x00, 0x00, 0x02, 0x00, 0x06, 0x73, 0x65, 0x6e, 0x64, 0x65,
  0x72, 0x00, 0x07, 0x63, 0x6f, 0x6e, 0x74, 0x65, 0x6e, 0x74, 0x00, 0x00,
  0x15, 0x6d, 0x69, 0x6e, 0x65, 0x63, 0x72, 0x61, 0x66, 0x74, 0x3a, 0x73,
  0x61, 0x79, 0x5f, 0x63, 0x6f, 0x6d, 0x6d, 0x61, 0x6e, 0x64, 0x01, 0x0a,
  0x0a, 0x00, 0x04, 0x63, 0x68, 0x61, 0x74, 0x08, 0x00, 0x0f, 0x74, 0x72,
  0x61, 0x6e, 0x73, 0x6c, 0x61, 0x74, 0x69, 0x6f, 0x6e, 0x5f, 0x6b, 0x65,
  0x79, 0x00, 0x16, 0x63, 0x68, 0x61, 0x74, 0x2e, 0x74, 0x79, 0x70, 0x65,
  0x2e, 0x61, 0x6e, 0x6e, 0x6f, 0x75, 0x6e, 0x63, 0x65, 0x6d, 0x65, 0x6e,
  0x74, 0x09, 0x00, 0x0a, 0x70, 0x61, 0x72, 0x61, 0x6d, 0x65, 0x74, 0x65,
  0x72, 0x73, 0x08, 0x00, 0x00, 0x00, 0x02, 0x00, 0x06, 0x73, 0x65, 0x6e,
  0x64, 0x65, 0x72, 0x00, 0x07, 0x63, 0x6f, 0x6e, 0x74, 0x65, 0x6e, 0x74,
  0x00, 0x0a, 0x00, 0x09, 0x6e, 0x61, 0x72, 0x72, 0x61, 0x74, 0x69, 0x6f,
  0x6e, 0x08, 0x00, 0x0f, 0x74, 0x72, 0x61, 0x6e, 0x73, 0x6c, 0x61, 0x74,
  0x69, 0x6f, 0x6e, 0x5f, 0x6b, 0x65, 0x79, 0x00, 0x16, 0x63, 0x68, 0x61,
  0x74, 0x2e, 0x74, 0x79, 0x70, 0x65, 0x2e, 0x74, 0x65, 0x78, 0x74, 0x2e,
  0x6e, 0x61, 0x72, 0x72, 0x61, 0x74, 0x65, 0x09, 0x00, 0x0a, 0x70, 0x61,
  0x72, 0x61, 0x6d, 0x65, 0x74, 0x65, 0x72, 0x73, 0x08, 0x00, 0x00, 0x00,
  0x02, 0x00, 0x06, 0x73, 0x65, 0x6e, 0x64, 0x65, 0x72, 0x00, 0x07, 0x63,
  0x6f, 0x6e, 0x74, 0x65, 0x6e, 0x74, 0x00, 0x00, 0x23, 0x6d, 0x69, 0x6e,
  0x65, 0x63, 0x72, 0x61, 0x66, 0x74, 0x3a, 0x74, 0x65, 0x61, 0x6d, 0x5f,
  0x6d, 0x73, 0x67, 0x5f, 0x63, 0x6f, 0x6d, 0x6d, 0x61, 0x6e, 0x64, 0x5f,
  0x69, 0x6e, 0x63, 0x6f, 0x6d, 0x69, 0x6e, 0x67, 0x01, 0x0a, 0x0a, 0x00,
  0x04, 0x63, 0x68, 0x61, 0x74, 0x08, 0x00, 0x0f, 0x74, 0x72, 0x61, 0x6e,
  0x73, 0x6c, 0x61, 0x74, 0x69, 0x6f, 0x6e, 0x5f, 0x6b, 0x65, 0x79, 0x00,
  0x13, 0x63, 0x68, 0x61, 0x74, 0x2e, 0x74, 0x79, 0x70, 0x65, 0x2e, 0x74,
  0x65, 0x61, 0x6d, 0x2e, 0x74, 0x65, 0x78, 0x74, 0x09, 0x00, 0x0a, 0x70,
  0x61, 0x72, 0x61, 0x6d, 0x65, 0x74, 0x65, 0x72, 0x73, 0x08, 0x00, 0x00,
  0x00, 0x03, 0x00, 0x06, 0x74, 0x61, 0x72, 0x67, 0x65, 0x74, 0x00, 0x06,
  0x73, 0x65, 0x6e, 0x64, 0x65, 0x72, 0x00, 0x07, 0x63, 0x6f, 0x6e, 0x74,
  0x65, 0x6e, 0x74, 0x00, 0x0a, 0x00, 0x09, 0x6e, 0x61, 0x72, 0x72, 0x61,
  0x74, 0x69, 0x6f, 0x6e, 0x08, 0x00, 0x0f, 0x74, 0x72, 0x61, 0x6e, 0x73,
  0x6c, 0x61, 0x74, 0x69, 0x6f, 0x6e, 0x5f, 0x6b, 0x65, 0x79, 0x00, 0x16,
  0x63, 0x68, 0x61, 0x74, 0x2e, 0x74, 0x79, 0x70, 0x65, 0x2e, 0x74, 0x65,
  0x78, 0x74, 0x2e, 0x6e, 0x61, 0x72, 0x72, 0x61, 0x74, 0x65, 0x09, 0x00,
  0x0a, 0x70, 0x61, 0x72, 0x61, 0x6d, 0x65, 0x74, 0x65, 0x72, 0x73, 0x08,
  0x00, 0x00, 0x00, 0x02, 0x00, 0x06, 0x73, 0x65, 0x6e, 0x64, 0x65, 0x72,
  0x00, 0x07, 0x63, 0x6f, 0x6e, 0x74, 0x65, 0x6e, 0x74, 0x00, 0x00, 0x23,
  0x6d, 0x69, 0x6e, 0x65, 0x63, 0x72, 0x61, 0x66, 0x74, 0x3a, 0x74, 0x65,
  0x61, 0x6d, 0x5f, 0x6d, 0x73, 0x67, 0x5f, 0x63, 0x6f, 0x6d, 0x6d, 0x61,
  0x6e, 0x64, 0x5f, 0x6f, 0x75, 0x74, 0x67, 0x6f, 0x69, 0x6e, 0x67, 0x01,
  0x0a, 0x0a, 0x00, 0x04, 0x63, 0x68, 0x61, 0x74, 0x08, 0x00, 0x0f, 0x74,
  0x72, 0x61, 0x6e, 0x73, 0x6c, 0x61, 0x74, 0x69, 0x6f, 0x6e, 0x5f, 0x6b,
  0x65, 0x79, 0x00, 0x13, 0x63, 0x68, 0x61, 0x74, 0x2e, 0x74, 0x79, 0x70,
  0x65, 0x2e, 0x74, 0x65, 0x61, 0x6d, 0x2e, 0x73, 0x65, 0x6e, 0x74, 0x09,
  0x00, 0x0a, 0x70, 0x61, 0x72, 0x61, 0x6d, 0x65, 0x74, 0x65, 0x72, 0x73,
  0x08, 0x00, 0x00, 0x00, 0x03, 0x00, 0x06, 0x74, 0x61, 0x72, 0x67, 0x65,
  0x74, 0x00, 0x06, 0x73, 0x65, 0x6e, 0x64, 0x65, 0x72, 0x00, 0x07, 0x63,
  0x6f, 0x6e, 0x74, 0x65, 0x6e, 0x74, 0x00, 0x0a, 0x00, 0x09, 0x6e, 0x61,
  0x72, 0x72, 0x61, 0x74, 0x69, 0x6f, 0x6e, 0x08, 0x00, 0x0f, 0x74, 0x72,
  0x61, 0x6e, 0x73, 0x6c, 0x61, 0x74, 0x69, 0x6f, 0x6e, 0x5f, 0x6b, 0x65,
  0x79, 0x00, 0x16, 0x63, 0x68, 0x61, 0x74, 0x2e, 0x74, 0x79, 0x70, 0x65,
  0x2e, 0x74, 0x65, 0x78, 0x74, 0x2e, 0x6e, 0x61, 0x72, 0x72, 0x61, 0x74,
  0x65, 0x09, 0x00, 0x0a, 0x70, 0x61, 0x72, 0x61, 0x6d, 0x65, 0x74, 0x65,
  0x72, 0x73, 0x08, 0x00, 0x00, 0x00, 0x02, 0x00, 0x06, 0x73, 0x65, 0x6e,
  0x64, 0x65, 0x72, 0x00, 0x07, 0x63, 0x6f, 0x6e, 0x74, 0x65, 0x6e, 0x74,
  0x00, 0x00,
};
Blob e770_chat_type() { return {k_e770_chat_type, sizeof(k_e770_chat_type)}; }

static const uint8_t k_e770_damage_type[] = {
  0x15, 0x6d, 0x69, 0x6e, 0x65, 0x63, 0x72, 0x61, 0x66, 0x74, 0x3a, 0x64,
  0x61, 0x6d, 0x61, 0x67, 0x65, 0x5f, 0x74, 0x79, 0x70, 0x65, 0x2f, 0x0f,
  0x6d, 0x69, 0x6e, 0x65, 0x63, 0x72, 0x61, 0x66, 0x74, 0x3a, 0x61, 0x72,
  0x72, 0x6f, 0x77, 0x01, 0x0a, 0x08, 0x00, 0x07, 0x73, 0x63, 0x61, 0x6c,
  0x69, 0x6e, 0x67, 0x00, 0x20, 0x77, 0x68, 0x65, 0x6e, 0x5f, 0x63, 0x61,
  0x75, 0x73, 0x65, 0x64, 0x5f, 0x62, 0x79, 0x5f, 0x6c, 0x69, 0x76, 0x69,
  0x6e, 0x67, 0x5f, 0x6e, 0x6f, 0x6e, 0x5f, 0x70, 0x6c, 0x61, 0x79, 0x65,
  0x72, 0x05, 0x00, 0x0a, 0x65, 0x78, 0x68, 0x61, 0x75, 0x73, 0x74, 0x69,
  0x6f, 0x6e, 0x3d, 0xcc, 0xcc, 0xcd, 0x08, 0x00, 0x0a, 0x6d, 0x65, 0x73,
  0x73, 0x61, 0x67, 0x65, 0x5f, 0x69, 0x64, 0x00, 0x05, 0x61, 0x72, 0x72,
  0x6f, 0x77, 0x00, 0x1b, 0x6d, 0x69, 0x6e, 0x65, 0x63, 0x72, 0x61, 0x66,
  0x74, 0x3a, 0x62, 0x61, 0x64, 0x5f, 0x72, 0x65, 0x73, 0x70, 0x61, 0x77,
  0x6e, 0x5f, 0x70, 0x6f, 0x69, 0x6e, 0x74, 0x01, 0x0a, 0x08, 0x00, 0x07,
  0x73, 0x63, 0x61, 0x6c, 0x69, 0x6e, 0x67, 0x00, 0x06, 0x61, 0x6c, 0x77,
  0x61, 0x79, 0x73, 0x05, 0x00, 0x0a, 0x65, 0x78, 0x68, 0x61, 0x75, 0x73,
  0x74, 0x69, 0x6f, 0x6e, 0x3d, 0xcc, 0xcc, 0xcd, 0x08, 0x00, 0x0a, 0x6d,
  0x65, 0x73, 0x73, 0x61, 0x67, 0x65, 0x5f, 0x69, 0x64, 0x00, 0x0f, 0x62,
  0x61, 0x64, 0x52, 0x65, 0x73, 0x70, 0x61, 0x77, 0x6e, 0x50, 0x6f, 0x69,
  0x6e, 0x74, 0x08, 0x00, 0x12, 0x64, 0x65, 0x61, 0x74, 0x68, 0x5f, 0x6d,
  0x65, 0x73, 0x73, 0x61, 0x67, 0x65, 0x5f, 0x74, 0x79, 0x70, 0x65, 0x00,
  0x17, 0x69, 0x6e, 0x74, 0x65, 0x6e, 0x74, 0x69, 0x6f, 0x6e, 0x61, 0x6c,
  0x5f, 0x67, 0x61, 0x6d, 0x65, 0x5f, 0x64, 0x65, 0x73, 0x69, 0x67, 0x6e,
  0x00, 0x10, 0x6d, 0x69, 0x6e, 0x65, 0x63, 0x72, 0x61, 0x66, 0x74, 0x3a,
  0x63, 0x61, 0x63, 0x74, 0x75, 0x73, 0x01, 0x0a, 0x08, 0x00, 0x07, 0x73,
  0x63, 0x61, 0x6c, 0x69, 0x6e, 0x67, 0x00, 0x20, 0x77, 0x68, 0x65, 0x6e,
  0x5f, 0x63, 0x61, 0x75, 0x73, 0x65, 0x64, 0x5f, 0x62, 0x79, 0x5f, 0x6c,
  0x69, 0x76, 0x69, 0x6e, 0x67, 0x5f, 0x6e, 0x6f, 0x6e, 0x5f, 0x70, 0x6c,
  0x61, 0x79, 0x65, 0x72, 0x05, 0x00, 0x0a, 0x65, 0x78, 0x68, 0x61, 0x75,
  0x73, 0x74, 0x69, 0x6f, 0x6e, 0x3d, 0xcc, 0xcc, 0xcd, 0x08, 0x00, 0x0a,
  0x6d, 0x65, 0x73, 0x73, 0x61, 0x67, 0x65, 0x5f, 0x69, 0x64, 0x00, 0x06,
  0x63, 0x61, 0x63, 0x74, 0x75, 0x73, 0x00, 0x12, 0x6d, 0x69, 0x6e, 0x65,
  0x63, 0x72, 0x61, 0x66, 0x74, 0x3a, 0x63, 0x61, 0x6d, 0x70, 0x66, 0x69,
  0x72, 0x65, 0x01, 0x0a, 0x08, 0x00, 0x07, 0x65, 0x66, 0x66, 0x65, 0x63,
  0x74, 0x73, 0x00, 0x07, 0x62, 0x75, 0x72, 0x6e, 0x69, 0x6e, 0x67, 0x08,
  0x00, 0x07, 0x73, 0x63, 0x61, 0x6c, 0x69, 0x6e, 0x67, 0x00, 0x20, 0x77,
  0x68, 0x65, 0x6e, 0x5f, 0x63, 0x61, 0x75, 0x73, 0x65, 0x64, 0x5f, 0x62,
  0x79, 0x5f, 0x6c, 0x69, 0x76, 0x69, 0x6e, 0x67, 0x5f, 0x6e, 0x6f, 0x6e,
  0x5f, 0x70, 0x6c, 0x61, 0x79, 0x65, 0x72, 0x05, 0x00, 0x0a, 0x65, 0x78,
  0x68, 0x61, 0x75, 0x73, 0x74, 0x69, 0x6f, 0x6e, 0x3d, 0xcc, 0xcc, 0xcd,
  0x08, 0x00, 0x0a, 0x6d, 0x65, 0x73, 0x73, 0x61, 0x67, 0x65, 0x5f, 0x69,
  0x64, 0x00, 0x06, 0x69, 0x6e, 0x46, 0x69, 0x72, 0x65, 0x00, 0x12, 0x6d,
  0x69, 0x6e, 0x65, 0x63, 0x72, 0x61, 0x66, 0x74, 0x3a, 0x63, 0x72, 0x61,
  0x6d, 0x6d, 0x69, 0x6e, 0x67, 0x01, 0x0a, 0x08, 0x00, 0x07, 0x73, 0x63,
  0x61, 0x6c, 0x69, 0x6e, 0x67, 0x00, 0x20, 0x77, 0x68, 0x65, 0x6e, 0x5f,
  0x63, 0x61, 0x75, 0x73, 0x65, 0x64, 0x5f, 0x62, 0x79, 0x5f, 0x6c, 0x69,
  0x76, 0x69, 0x6e, 0x67, 0x5f, 0x6e, 0x6f, 0x6e, 0x5f, 0x70, 0x6c, 0x61,
  0x79, 0x65, 0x72, 0x05, 0x00, 0x0a, 0x65, 0x78, 0x68, 0x61, 0x75, 0x73,
  0x74, 0x69, 0x6f, 0x6e, 0x00, 0x00, 0x00, 0x00, 0x08, 0x00, 0x0a, 0x6d,
  0x65, 0x73, 0x73, 0x61, 0x67, 0x65, 0x5f, 0x69, 0x64, 0x00, 0x08, 0x63,
  0x72, 0x61, 0x6d, 0x6d, 0x69, 0x6e, 0x67, 0x00, 0x17, 0x6d, 0x69, 0x6e,
  0x65, 0x63, 0x72, 0x61, 0x66, 0x74, 0x3a, 0x64, 0x72, 0x61, 0x67, 0x6f,
  0x6e, 0x5f, 0x62, 0x72, 0x65, 0x61, 0x74, 0x68, 0x01, 0x0a, 0x08, 0x00,
  0x07, 0x73, 0x63, 0x61, 0x6c, 0x69, 0x6e, 0x67, 0x00, 0x20, 0x77, 0x68,
  0x65, 0x6e, 0x5f, 0x63, 0x61, 0x75, 0x73, 0x65, 0x64, 0x5f, 0x62, 0x79,
  0x5f, 0x6c, 0x69, 0x76, 0x69, 0x6e, 0x67, 0x5f, 0x6e, 0x6f, 0x6e, 0x5f,
  0x70, 0x6c, 0x61, 0x79, 0x65, 0x72, 0x05, 0x00, 0x0a, 0x65, 0x78, 0x68,
  0x61, 0x75, 0x73, 0x74, 0x69, 0x6f, 0x6e, 0x00, 0x00, 0x00, 0x00, 0x08,
  0x00, 0x0a, 0x6d, 0x65, 0x73, 0x73, 0x61, 0x67, 0x65, 0x5f, 0x69, 0x64,
  0x00, 0x0c, 0x64, 0x72, 0x61, 0x67, 0x6f, 0x6e, 0x42, 0x72, 0x65, 0x61,
  0x74, 0x68, 0x00, 0x0f, 0x6d, 0x69, 0x6e, 0x65, 0x63, 0x72, 0x61, 0x66,
  0x74, 0x3a, 0x64, 0x72, 0x6f, 0x77, 0x6e, 0x01, 0x0a, 0x08, 0x00, 0x07,
  0x65, 0x66, 0x66, 0x65, 0x63, 0x74, 0x73, 0x00, 0x08, 0x64, 0x72, 0x6f,
  0x77, 0x6e, 0x69, 0x6e, 0x67, 0x08, 0x00, 0x07, 0x73, 0x63, 0x61, 0x6c,
  0x69, 0x6e, 0x67, 0x00, 0x20, 0x77, 0x68, 0x65, 0x6e, 0x5f, 0x63, 0x61,
  0x75, 0x73, 0x65, 0x64, 0x5f, 0x62, 0x79, 0x5f, 0x6c, 0x69, 0x76, 0x69,
  0x6e, 0x67, 0x5f, 0x6e, 0x6f, 0x6e, 0x5f, 0x70, 0x6c, 0x61, 0x79, 0x65,
  0x72, 0x05, 0x00, 0x0a, 0x65, 0x78, 0x68, 0x61, 0x75, 0x73, 0x74, 0x69,
  0x6f, 0x6e, 0x00, 0x00, 0x00, 0x00, 0x08, 0x00, 0x0a, 0x6d, 0x65, 0x73,
  0x73, 0x61, 0x67, 0x65, 0x5f, 0x69, 0x64, 0x00, 0x05, 0x64, 0x72, 0x6f,
  0x77, 0x6e, 0x00, 0x11, 0x6d, 0x69, 0x6e, 0x65, 0x63, 0x72, 0x61, 0x66,
  0x74, 0x3a, 0x64, 0x72, 0x79, 0x5f, 0x6f, 0x75, 0x74, 0x01, 0x0a, 0x08,
  0x00, 0x07, 0x73, 0x63, 0x61, 0x6c, 0x69, 0x6e, 0x67, 0x00, 0x20, 0x77,
  0x68, 0x65, 0x6e, 0x5f, 0x63, 0x61, 0x75, 0x73, 0x65, 0x64, 0x5f, 0x62,
  0x79, 0x5f, 0x6c, 0x69, 0x76, 0x69, 0x6e, 0x67, 0x5f, 0x6e, 0x6f, 0x6e,
  0x5f, 0x70, 0x6c, 0x61, 0x79, 0x65, 0x72, 0x05, 0x00, 0x0a, 0x65, 0x78,
  0x68, 0x61, 0x75, 0x73, 0x74, 0x69, 0x6f, 0x6e, 0x3d, 0xcc, 0xcc, 0xcd,
  0x08, 0x00, 0x0a, 0x6d, 0x65, 0x73, 0x73, 0x61, 0x67, 0x65, 0x5f, 0x69,
  0x64, 0x00, 0x06, 0x64, 0x72, 0x79, 0x6f, 0x75, 0x74, 0x00, 0x13, 0x6d,
  0x69, 0x6e, 0x65, 0x63, 0x72, 0x61, 0x66, 0x74, 0x3a, 0x65, 0x78, 0x70,
  0x6c, 0x6f, 0x73, 0x69, 0x6f, 0x6e, 0x01, 0x0a, 0x08, 0x00, 0x07, 0x73,
  0x63, 0x61, 0x6c, 0x69, 0x6e, 0x67, 0x00, 0x06, 0x61, 0x6c, 0x77, 0x61,
  0x79, 0x73, 0x05, 0x00, 0x0a, 0x65, 0x78, 0x68, 0x61, 0x75, 0x73, 0x74,
  0x69, 0x6f, 0x6e, 0x3d, 0xcc, 0xcc, 0xcd, 0x08, 0x00, 0x0a, 0x6d, 0x65,
  0x73, 0x73, 0x61, 0x67, 0x65, 0x5f, 0x69, 0x64, 0x00, 0x09, 0x65, 0x78,
  0x70, 0x6c, 0x6f, 0x73, 0x69, 0x6f, 0x6e, 0x00, 0x0e, 0x6d, 0x69, 0x6e,
  0x65, 0x63, 0x72, 0x61, 0x66, 0x74, 0x3a, 0x66, 0x61, 0x6c, 0x6c, 0x01,
  0x0a, 0x08, 0x00, 0x07, 0x73, 0x63, 0x61, 0x6c, 0x69, 0x6e, 0x67, 0x00,
  0x20, 0x77, 0x68, 0x65, 0x6e, 0x5f, 0x63, 0x61, 0x75, 0x73, 0x65, 0x64,
  0x5f, 0x62, 0x79, 0x5f, 0x6c, 0x69, 0x76, 0x69, 0x6e, 0x67, 0x5f, 0x6e,
  0x6f, 0x6e, 0x5f, 0x70, 0x6c, 0x61, 0x79, 0x65, 0x72, 0x05, 0x00, 0x0a,
  0x65, 0x78, 0x68, 0x61, 0x75, 0x73, 0x74, 0x69, 0x6f, 0x6e, 0x00, 0x00,
  0x00, 0x00, 0x08, 0x00, 0x0a, 0x6d, 0x65, 0x73, 0x73, 0x61, 0x67, 0x65,
  0x5f, 0x69, 0x64, 0x00, 0x04, 0x66, 0x61, 0x6c, 0x6c, 0x08, 0x00, 0x12,
  0x64, 0x65, 0x61, 0x74, 0x68, 0x5f, 0x6d, 0x65, 0x73, 0x73, 0x61, 0x67,
  0x65, 0x5f, 0x74, 0x79, 0x70, 0x65, 0x00, 0x0d, 0x66, 0x61, 0x6c, 0x6c,
  0x5f, 0x76, 0x61, 0x72, 0x69, 0x61, 0x6e, 0x74, 0x73, 0x00, 0x17, 0x6d,
  0x69, 0x6e, 0x65, 0x63, 0x72, 0x61, 0x66, 0x74, 0x3a, 0x66, 0x61, 0x6c,
  0x6c, 0x69, 0x6e, 0x67, 0x5f, 0x61, 0x6e, 0x76, 0x69, 0x6c, 0x01, 0x0a,
  0x08, 0x00, 0x07, 0x73, 0x63, 0x61, 0x6c, 0x69, 0x6e, 0x67, 0x00, 0x20,
  0x77, 0x68, 0x65, 0x6e, 0x5f, 0x63, 0x61, 0x75, 0x73, 0x65, 0x64, 0x5f,
  0x62, 0x79, 0x5f, 0x6c, 0x69, 0x76, 0x69, 0x6e, 0x67, 0x5f, 0x6e, 0x6f,
  0x6e, 0x5f, 0x70, 0x6c, 0x61, 0x79, 0x65, 0x72, 0x05, 0x00, 0x0a, 0x65,
  0x78, 0x68, 0x61, 0x75, 0x73, 0x74, 0x69, 0x6f, 0x6e, 0x3d, 0xcc, 0xcc,
  0xcd, 0x08, 0x00, 0x0a, 0x6d, 0x65, 0x73, 0x73, 0x61, 0x67, 0x65, 0x5f,
  0x69, 0x64, 0x00, 0x05, 0x61, 0x6e, 0x76, 0x69, 0x6c, 0x00, 0x17, 0x6d,
  0x69, 0x6e, 0x65, 0x63, 0x72, 0x61, 0x66, 0x74, 0x3a, 0x66, 0x61, 0x6c,
  0x6c, 0x69, 0x6e, 0x67, 0x5f, 0x62, 0x6c, 0x6f, 0x63, 0x6b, 0x01, 0x0a,
  0x08, 0x00, 0x07, 0x73, 0x63, 0x61, 0x6c, 0x69, 0x6e, 0x67, 0x00, 0x20,
  0x77, 0x68, 0x65, 0x6e, 0x5f, 0x63, 0x61, 0x75, 0x73, 0x65, 0x64, 0x5f,
  0x62, 0x79, 0x5f, 0x6c, 0x69, 0x76, 0x69, 0x6e, 0x67, 0x5f, 0x6e, 0x6f,
  0x6e, 0x5f, 0x70, 0x6c, 0x61, 0x79, 0x65, 0x72, 0x05, 0x00, 0x0a, 0x65,
  0x78, 0x68, 0x61, 0x75, 0x73, 0x74, 0x69, 0x6f, 0x6e, 0x3d, 0xcc, 0xcc,
  0xcd, 0x08, 0x00, 0x0a, 0x6d, 0x65, 0x73, 0x73, 0x61, 0x67, 0x65, 0x5f,
  0x69, 0x64, 0x00, 0x0c, 0x66, 0x61, 0x6c, 0x6c, 0x69, 0x6e, 0x67, 0x42,
  0x6c, 0x6f, 0x63, 0x6b, 0x00, 0x1c, 0x6d, 0x69, 0x6e, 0x65, 0x63, 0x72,
  0x61, 0x66, 0x74, 0x3a, 0x66, 0x61, 0x6c, 0x6c, 0x69, 0x6e, 0x67, 0x5f,
  0x73, 0x74, 0x61, 0x6c, 0x61, 0x63, 0x74, 0x69, 0x74, 0x65, 0x01, 0x0a,
  0x08, 0x00, 0x07, 0x73, 0x63, 0x61, 0x6c, 0x69, 0x6e, 0x67, 0x00, 0x20,
  0x77, 0x68, 0x65, 0x6e, 0x5f, 0x63, 0x61, 0x75, 0x73, 0x65, 0x64, 0x5f,
  0x62, 0x79, 0x5f, 0x6c, 0x69, 0x76, 0x69, 0x6e, 0x67, 0x5f, 0x6e, 0x6f,
  0x6e, 0x5f, 0x70, 0x6c, 0x61, 0x79, 0x65, 0x72, 0x05, 0x00, 0x0a, 0x65,
  0x78, 0x68, 0x61, 0x75, 0x73, 0x74, 0x69, 0x6f, 0x6e, 0x3d, 0xcc, 0xcc,
  0xcd, 0x08, 0x00, 0x0a, 0x6d, 0x65, 0x73, 0x73, 0x61, 0x67, 0x65, 0x5f,
  0x69, 0x64, 0x00, 0x11, 0x66, 0x61, 0x6c, 0x6c, 0x69, 0x6e, 0x67, 0x53,
  0x74, 0x61, 0x6c, 0x61, 0x63, 0x74, 0x69, 0x74, 0x65, 0x00, 0x12, 0x6d,
  0x69, 0x6e, 0x65, 0x63, 0x72, 0x61, 0x66, 0x74, 0x3a, 0x66, 0x69, 0x72,
  0x65, 0x62, 0x61, 0x6c, 0x6c, 0x01, 0x0a, 0x08, 0x00, 0x07, 0x65, 0x66,
  0x66, 0x65, 0x63, 0x74, 0x73, 0x00, 0x07, 0x62, 0x75, 0x72, 0x6e, 0x69,
  0x6e, 0x67, 0x08, 0x00, 0x07, 0x73, 0x63, 0x61, 0x6c, 0x69, 0x6e, 0x67,
  0x00, 0x20, 0x77, 0x68, 0x65, 0x6e, 0x5f, 0x63, 0x61, 0x75, 0x73, 0x65,
  0x64, 0x5f, 0x62, 0x79, 0x5f, 0x6c, 0x69, 0x76, 0x69, 0x6e, 0x67, 0x5f,
  0x6e, 0x6f, 0x6e, 0x5f, 0x70, 0x6c, 0x61, 0x79, 0x65, 0x72, 0x05, 0x00,
  0x0a, 0x65, 0x78, 0x68, 0x61, 0x75, 0x73, 0x74, 0x69, 0x6f, 0x6e, 0x3d,
  0xcc, 0xcc, 0xcd, 0x08, 0x00, 0x0a, 0x6d, 0x65, 0x73, 0x73, 0x61, 0x67,
  0x65, 0x5f, 0x69, 0x64, 0x00, 0x08, 0x66, 0x69, 0x72, 0x65, 0x62, 0x61,
  0x6c, 0x6c, 0x00, 0x13, 0x6d, 0x69, 0x6e, 0x65, 0x63, 0x72, 0x61, 0x66,
  0x74, 0x3a, 0x66, 0x69, 0x72, 0x65, 0x77, 0x6f, 0x72, 0x6b, 0x73, 0x01,
  0x0a, 0x08, 0x00, 0x07, 0x73, 0x63, 0x61, 0x6c, 0x69, 0x6e, 0x67, 0x00,
  0x20, 0x77, 0x68, 0x65, 0x6e, 0x5f, 0x63, 0x61, 0x75, 0x73, 0x65, 0x64,
  0x5f, 0x62, 0x79, 0x5f, 0x6c, 0x69, 0x76, 0x69, 0x6e, 0x67, 0x5f, 0x6e,
  0x6f, 0x6e, 0x5f, 0x70, 0x6c, 0x61, 0x79, 0x65, 0x72, 0x05, 0x00, 0x0a,
  0x65, 0x78, 0x68, 0x61, 0x75, 0x73, 0x74, 0x69, 0x6f, 0x6e, 0x3d, 0xcc,
  0xcc, 0xcd, 0x08, 0x00, 0x0a, 0x6d, 0x65, 0x73, 0x73, 0x61, 0x67, 0x65,
  0x5f, 0x69, 0x64, 0x00, 0x09, 0x66, 0x69, 0x72, 0x65, 0x77, 0x6f, 0x72,
  0x6b, 0x73, 0x00, 0x17, 0x6d, 0x69, 0x6e, 0x65, 0x63, 0x72, 0x61, 0x66,
  0x74, 0x3a, 0x66, 0x6c, 0x79, 0x5f, 0x69, 0x6e, 0x74, 0x6f, 0x5f, 0x77,
  0x61, 0x6c, 0x6c, 0x01, 0x0a, 0x08, 0x00, 0x07, 0x73, 0x63, 0x61, 0x6c,
  0x69, 0x6e, 0x67, 0x00, 0x20, 0x77, 0x68, 0x65, 0x6e, 0x5f, 0x63, 0x61,
  0x75, 0x73, 0x65, 0x64, 0x5f, 0x62, 0x79, 0x5f, 0x6c, 0x69, 0x76, 0x69,
  0x6e, 0x67, 0x5f, 0x6e, 0x6f, 0x6e, 0x5f, 0x70, 0x6c, 0x61, 0x79, 0x65,
  0x72, 0x05, 0x00, 0x0a, 0x65, 0x78, 0x68, 0x61, 0x75, 0x73, 0x74, 0x69,
  0x6f, 0x6e, 0x00, 0x00, 0x00, 0x00, 0x08, 0x00, 0x0a, 0x6d, 0x65, 0x73,
  0x73, 0x61, 0x67, 0x65, 0x5f, 0x69, 0x64, 0x00, 0x0b, 0x66, 0x6c, 0x79,
  0x49, 0x6e, 0x74, 0x6f, 0x57, 0x61, 0x6c, 0x6c, 0x00, 0x10, 0x6d, 0x69,
  0x6e, 0x65, 0x63, 0x72, 0x61, 0x66, 0x74, 0x3a, 0x66, 0x72, 0x65, 0x65,
  0x7a, 0x65, 0x01, 0x0a, 0x08, 0x00, 0x07, 0x65, 0x66, 0x66, 0x65, 0x63,
  0x74, 0x73, 0x00, 0x08, 0x66, 0x72, 0x65, 0x65, 0x7a, 0x69, 0x6e, 0x67,
  0x08, 0x00, 0x07, 0x73, 0x63, 0x61, 0x6c, 0x69, 0x6e, 0x67, 0x00, 0x20,
  0x77, 0x68, 0x65, 0x6e, 0x5f, 0x63, 0x61, 0x75, 0x73, 0x65, 0x64, 0x5f,
  0x62, 0x79, 0x5f, 0x6c, 0x69, 0x76, 0x69, 0x6e, 0x67, 0x5f, 0x6e, 0x6f,
  0x6e, 0x5f, 0x70, 0x6c, 0x61, 0x79, 0x65, 0x72, 0x05, 0x00, 0x0a, 0x65,
  0x78, 0x68, 0x61, 0x75, 0x73, 0x74, 0x69, 0x6f, 0x6e, 0x00, 0x00, 0x00,
  0x00, 0x08, 0x00, 0x0a, 0x6d, 0x65, 0x73, 0x73, 0x61, 0x67, 0x65, 0x5f,
  0x69, 0x64, 0x00, 0x06, 0x66, 0x72, 0x65, 0x65, 0x7a, 0x65, 0x00, 0x11,
  0x6d, 0x69, 0x6e, 0x65, 0x63, 0x72, 0x61, 0x66, 0x74, 0x3a, 0x67, 0x65,
  0x6e, 0x65, 0x72, 0x69, 0x63, 0x01, 0x0a, 0x08, 0x00, 0x07, 0x73, 0x63,
  0x61, 0x6c, 0x69, 0x6e, 0x67, 0x00, 0x20, 0x77, 0x68, 0x65, 0x6e, 0x5f,
  0x63, 0x61, 0x75, 0x73, 0x65, 0x64, 0x5f, 0x62, 0x79, 0x5f, 0x6c, 0x69,
  0x76, 0x69, 0x6e, 0x67, 0x5f, 0x6e, 0x6f, 0x6e, 0x5f, 0x70, 0x6c, 0x61,
  0x79, 0x65, 0x72, 0x05, 0x00, 0x0a, 0x65, 0x78, 0x68, 0x61, 0x75, 0x73,
  0x74, 0x69, 0x6f, 0x6e, 0x00, 0x00, 0x00, 0x00, 0x08, 0x00, 0x0a, 0x6d,
  0x65, 0x73, 0x73, 0x61, 0x67, 0x65, 0x5f, 0x69, 0x64, 0x00, 0x07, 0x67,
  0x65, 0x6e, 0x65, 0x72, 0x69, 0x63, 0x00, 0x16, 0x6d, 0x69, 0x6e, 0x65,
  0x63, 0x72, 0x61, 0x66, 0x74, 0x3a, 0x67, 0x65, 0x6e, 0x65, 0x72, 0x69,
  0x63, 0x5f, 0x6b, 0x69, 0x6c, 0x6c, 0x01, 0x0a, 0x08, 0x00, 0x07, 0x73,
  0x63, 0x61, 0x6c, 0x69, 0x6e, 0x67, 0x00, 0x20, 0x77, 0x68, 0x65, 0x6e,
  0x5f, 0x63, 0x61, 0x75, 0x73, 0x65, 0x64, 0x5f, 0x62, 0x79, 0x5f, 0x6c,
  0x69, 0x76, 0x69, 0x6e, 0x67, 0x5f, 0x6e, 0x6f, 0x6e, 0x5f, 0x70, 0x6c,
  0x61, 0x79, 0x65, 0x72, 0x05, 0x00, 0x0a, 0x65, 0x78, 0x68, 0x61, 0x75,
  0x73, 0x74, 0x69, 0x6f, 0x6e, 0x00, 0x00, 0x00, 0x00, 0x08, 0x00, 0x0a,
  0x6d, 0x65, 0x73, 0x73, 0x61, 0x67, 0x65, 0x5f, 0x69, 0x64, 0x00, 0x0b,
  0x67, 0x65, 0x6e, 0x65, 0x72, 0x69, 0x63, 0x4b, 0x69, 0x6c, 0x6c, 0x00,
  0x13, 0x6d, 0x69, 0x6e, 0x65, 0x63, 0x72, 0x61, 0x66, 0x74, 0x3a, 0x68,
  0x6f, 0x74, 0x5f, 0x66, 0x6c, 0x6f, 0x6f, 0x72, 0x01, 0x0a, 0x08, 0x00,
  0x07, 0x65, 0x66, 0x66, 0x65, 0x63, 0x74, 0x73, 0x00, 0x07, 0x62, 0x75,
  0x72, 0x6e, 0x69, 0x6e, 0x67, 0x08, 0x00, 0x07, 0x73, 0x63, 0x61, 0x6c,
  0x69, 0x6e, 0x67, 0x00, 0x20, 0x77, 0x68, 0x65, 0x6e, 0x5f, 0x63, 0x61,
  0x75, 0x73, 0x65, 0x64, 0x5f, 0x62, 0x79, 0x5f, 0x6c, 0x69, 0x76, 0x69,
  0x6e, 0x67, 0x5f, 0x6e, 0x6f, 0x6e, 0x5f, 0x70, 0x6c, 0x61, 0x79, 0x65,
  0x72, 0x05, 0x00, 0x0a, 0x65, 0x78, 0x68, 0x61, 0x75, 0x73, 0x74, 0x69,
  0x6f, 0x6e, 0x3d, 0xcc, 0xcc, 0xcd, 0x08, 0x00, 0x0a, 0x6d, 0x65, 0x73,
  0x73, 0x61, 0x67, 0x65, 0x5f, 0x69, 0x64, 0x00, 0x08, 0x68, 0x6f, 0x74,
  0x46, 0x6c, 0x6f, 0x6f, 0x72, 0x00, 0x11, 0x6d, 0x69, 0x6e, 0x65, 0x63,
  0x72, 0x61, 0x66, 0x74, 0x3a, 0x69, 0x6e, 0x5f, 0x66, 0x69, 0x72, 0x65,
  0x01, 0x0a, 0x08, 0x00, 0x07, 0x65, 0x66, 0x66, 0x65, 0x63, 0x74, 0x73,
  0x00, 0x07, 0x62, 0x75, 0x72, 0x6e, 0x69, 0x6e, 0x67, 0x08, 0x00, 0x07,
  0x73, 0x63, 0x61, 0x6c, 0x69, 0x6e, 0x67, 0x00, 0x20, 0x77, 0x68, 0x65,
  0x6e, 0x5f, 0x63, 0x61, 0x75, 0x73, 0x65, 0x64, 0x5f, 0x62, 0x79, 0x5f,
  0x6c, 0x69, 0x76, 0x69, 0x6e, 0x67, 0x5f, 0x6e, 0x6f, 0x6e, 0x5f, 0x70,
  0x6c, 0x61, 0x79, 0x65, 0x72, 0x05, 0x00, 0x0a, 0x65, 0x78, 0x68, 0x61,
  0x75, 0x73, 0x74, 0x69, 0x6f, 0x6e, 0x3d, 0xcc, 0xcc, 0xcd, 0x08, 0x00,
  0x0a, 0x6d, 0x65, 0x73, 0x73, 0x61, 0x67, 0x65, 0x5f, 0x69, 0x64, 0x00,
  0x06, 0x69, 0x6e, 0x46, 0x69, 0x72, 0x65, 0x00, 0x11, 0x6d, 0x69, 0x6e,
  0x65, 0x63, 0x72, 0x61, 0x66, 0x74, 0x3a, 0x69, 0x6e, 0x5f, 0x77, 0x61,
  0x6c, 0x6c, 0x01, 0x0a, 0x08, 0x00, 0x07, 0x73, 0x63, 0x61, 0x6c, 0x69,
  0x6e, 0x67, 0x00, 0x20, 0x77, 0x68, 0x65, 0x6e, 0x5f, 0x63, 0x61, 0x75,
  0x73, 0x65, 0x64, 0x5f, 0x62, 0x79, 0x5f, 0x6c, 0x69, 0x76, 0x69, 0x6e,
  0x67, 0x5f, 0x6e, 0x6f, 0x6e, 0x5f, 0x70, 0x6c, 0x61, 0x79, 0x65, 0x72,
  0x05, 0x00, 0x0a, 0x65, 0x78, 0x68, 0x61, 0x75, 0x73, 0x74, 0x69, 0x6f,
  0x6e, 0x00, 0x00, 0x00, 0x00, 0x08, 0x00, 0x0a, 0x6d, 0x65, 0x73, 0x73,
  0x61, 0x67, 0x65, 0x5f, 0x69, 0x64, 0x00, 0x06, 0x69, 0x6e, 0x57, 0x61,
  0x6c, 0x6c, 0x00, 0x18, 0x6d, 0x69, 0x6e, 0x65, 0x63, 0x72, 0x61, 0x66,
  0x74, 0x3a, 0x69, 0x6e, 0x64, 0x69, 0x72, 0x65, 0x63, 0x74, 0x5f, 0x6d,
  0x61, 0x67, 0x69, 0x63, 0x01, 0x0a, 0x08, 0x00, 0x07, 0x73, 0x63, 0x61,
  0x6c, 0x69, 0x6e, 0x67, 0x00, 0x20, 0x77, 0x68, 0x65, 0x6e, 0x5f, 0x63,
  0x61, 0x75, 0x73, 0x65, 0x64, 0x5f, 0x62, 0x79, 0x5f, 0x6c, 0x69, 0x76,
  0x69, 0x6e, 0x67, 0x5f, 0x6e, 0x6f, 0x6e, 0x5f, 0x70, 0x6c, 0x61, 0x79,
  0x65, 0x72, 0x05, 0x00, 0x0a, 0x65, 0x78, 0x68, 0x61, 0x75, 0x73, 0x74,
  0x69, 0x6f, 0x6e, 0x00, 0x00, 0x00, 0x00, 0x08, 0x00, 0x0a, 0x6d, 0x65,
  0x73, 0x73, 0x61, 0x67, 0x65, 0x5f, 0x69, 0x64, 0x00, 0x0d, 0x69, 0x6e,
  0x64, 0x69, 0x72, 0x65, 0x63, 0x74, 0x4d, 0x61, 0x67, 0x69, 0x63, 0x00,
  0x0e, 0x6d, 0x69, 0x6e, 0x65, 0x63, 0x72, 0x61, 0x66, 0x74, 0x3a, 0x6c,
  0x61, 0x76, 0x61, 0x01, 0x0a, 0x08, 0x00, 0x07, 0x65, 0x66, 0x66, 0x65,
  0x63, 0x74, 0x73, 0x00, 0x07, 0x62, 0x75, 0x72, 0x6e, 0x69, 0x6e, 0x67,
  0x08, 0x00, 0x07, 0x73, 0x63, 0x61, 0x6c, 0x69, 0x6e, 0x67, 0x00, 0x20,
  0x77, 0x68, 0x65, 0x6e, 0x5f, 0x63, 0x61, 0x75, 0x73, 0x65, 0x64, 0x5f,
  0x62, 0x79, 0x5f, 0x6c, 0x69, 0x76, 0x69, 0x6e, 0x67, 0x5f, 0x6e, 0x6f,
  0x6e, 0x5f, 0x70, 0x6c, 0x61, 0x79, 0x65, 0x72, 0x05, 0x00, 0x0a, 0x65,
  0x78, 0x68, 0x61, 0x75, 0x73, 0x74, 0x69, 0x6f, 0x6e, 0x3d, 0xcc, 0xcc,
  0xcd, 0x08, 0x00, 0x0a, 0x6d, 0x65, 0x73, 0x73, 0x61, 0x67, 0x65, 0x5f,
  0x69, 0x64, 0x00, 0x04, 0x6c, 0x61, 0x76, 0x61, 0x00, 0x18, 0x6d, 0x69,
  0x6e, 0x65, 0x63, 0x72, 0x61, 0x66, 0x74, 0x3a, 0x6c, 0x69, 0x67, 0x68,
  0x74, 0x6e, 0x69, 0x6e, 0x67, 0x5f, 0x62, 0x6f, 0x6c, 0x74, 0x01, 0x0a,
  0x08, 0x00, 0x07, 0x73, 0x63, 0x61, 0x6c, 0x69, 0x6e, 0x67, 0x00, 0x20,
  0x77, 0x68, 0x65, 0x6e, 0x5f, 0x63, 0x61, 0x75, 0x73, 0x65, 0x64, 0x5f,
  0x62, 0x79, 0x5f, 0x6c, 0x69, 0x76, 0x69, 0x6e, 0x67, 0x5f, 0x6e, 0x6f,
  0x6e, 0x5f, 0x70, 0x6c, 0x61, 0x79, 0x65, 0x72, 0x05, 0x00, 0x0a, 0x65,
  0x78, 0x68, 0x61, 0x75, 0x73, 0x74, 0x69, 0x6f, 0x6e, 0x3d, 0xcc, 0xcc,
  0xcd, 0x08, 0x00, 0x0a, 0x6d, 0x65, 0x73, 0x73, 0x61, 0x67, 0x65, 0x5f,
  0x69, 0x64, 0x00, 0x0d, 0x6c, 0x69, 0x67, 0x68, 0x74, 0x6e, 0x69, 0x6e,
  0x67, 0x42, 0x6f, 0x6c, 0x74, 0x00, 0x0f, 0x6d, 0x69, 0x6e, 0x65, 0x63,
  0x72, 0x61, 0x66, 0x74, 0x3a, 0x6d, 0x61, 0x67, 0x69, 0x63, 0x01, 0x0a,
  0x08, 0x00, 0x07, 0x73, 0x63, 0x61, 0x6c, 0x69, 0x6e, 0x67, 0x00, 0x20,
  0x77, 0x68, 0x65, 0x6e, 0x5f, 0x63, 0x61, 0x75, 0x73, 0x65, 0x64, 0x5f,
  0x62, 0x79, 0x5f, 0x6c, 0x69, 0x76, 0x69, 0x6e, 0x67, 0x5f, 0x6e, 0x6f,
  0x6e, 0x5f, 0x70, 0x6c, 0x61, 0x79, 0x65, 0x72, 0x05, 0x00, 0x0a, 0x65,
  0x78, 0x68, 0x61, 0x75, 0x73, 0x74, 0x69, 0x6f, 0x6e, 0x00, 0x00, 0x00,
  0x00, 0x08, 0x00, 0x0a, 0x6d, 0x65, 0x73, 0x73, 0x61, 0x67, 0x65, 0x5f,
  0x69, 0x64, 0x00, 0x05, 0x6d, 0x61, 0x67, 0x69, 0x63, 0x00, 0x14, 0x6d,
  0x69, 0x6e, 0x65, 0x63, 0x72, 0x61, 0x66, 0x74, 0x3a, 0x6d, 0x6f, 0x62,
  0x5f, 0x61, 0x74, 0x74, 0x61, 0x63, 0x6b, 0x01, 0x0a, 0x08, 0x00, 0x07,
  0x73, 0x63, 0x61, 0x6c, 0x69, 0x6e, 0x67, 0x00, 0x20, 0x77, 0x68, 0x65,
  0x6e, 0x5f, 0x63, 0x61, 0x75, 0x73, 0x65, 0x64, 0x5f, 0x62, 0x79, 0x5f,
  0x6c, 0x69, 0x76, 0x69, 0x6e, 0x67, 0x5f, 0x6e, 0x6f, 0x6e, 0x5f, 0x70,
  0x6c, 0x61, 0x79, 0x65, 0x72, 0x05, 0x00, 0x0a, 0x65, 0x78, 0x68, 0x61,
  0x75, 0x73, 0x74, 0x69, 0x6f, 0x6e, 0x3d, 0xcc, 0xcc, 0xcd, 0x08, 0x00,
  0x0a, 0x6d, 0x65, 0x73, 0x73, 0x61, 0x67, 0x65, 0x5f, 0x69, 0x64, 0x00,
  0x03, 0x6d, 0x6f, 0x62, 0x00, 0x1d, 0x6d, 0x69, 0x6e, 0x65, 0x63, 0x72,
  0x61, 0x66, 0x74, 0x3a, 0x6d, 0x6f, 0x62, 0x5f, 0x61, 0x74, 0x74, 0x61,
  0x63, 0x6b, 0x5f, 0x6e, 0x6f, 0x5f, 0x61, 0x67, 0x67, 0x72, 0x6f, 0x01,
  0x0a, 0x08, 0x00, 0x07, 0x73, 0x63, 0x61, 0x6c, 0x69, 0x6e, 0x67, 0x00,
  0x20, 0x77, 0x68, 0x65, 0x6e, 0x5f, 0x63, 0x61, 0x75, 0x73, 0x65, 0x64,
  0x5f, 0x62, 0x79, 0x5f, 0x6c, 0x69, 0x76, 0x69, 0x6e, 0x67, 0x5f, 0x6e,
  0x6f, 0x6e, 0x5f, 0x70, 0x6c, 0x61, 0x79, 0x65, 0x72, 0x05, 0x00, 0x0a,
  0x65, 0x78, 0x68, 0x61, 0x75, 0x73, 0x74, 0x69, 0x6f, 0x6e, 0x3d, 0xcc,
  0xcc, 0xcd, 0x08, 0x00, 0x0a, 0x6d, 0x65, 0x73, 0x73, 0x61, 0x67, 0x65,
  0x5f, 0x69, 0x64, 0x00, 0x03, 0x6d, 0x6f, 0x62, 0x00, 0x18, 0x6d, 0x69,
  0x6e, 0x65, 0x63, 0x72, 0x61, 0x66, 0x74, 0x3a, 0x6d, 0x6f, 0x62, 0x5f,
  0x70, 0x72, 0x6f, 0x6a, 0x65, 0x63, 0x74, 0x69, 0x6c, 0x65, 0x01, 0x0a,
  0x08, 0x00, 0x07, 0x73, 0x63, 0x61, 0x6c, 0x69, 0x6e, 0x67, 0x00, 0x20,
  0x77, 0x68, 0x65, 0x6e, 0x5f, 0x63, 0x61, 0x75, 0x73, 0x65, 0x64, 0x5f,
  0x62, 0x79, 0x5f, 0x6c, 0x69, 0x76, 0x69, 0x6e, 0x67, 0x5f, 0x6e, 0x6f,
  0x6e, 0x5f, 0x70, 0x6c, 0x61, 0x79, 0x65, 0x72, 0x05, 0x00, 0x0a, 0x65,
  0x78, 0x68, 0x61, 0x75, 0x73, 0x74, 0x69, 0x6f, 0x6e, 0x3d, 0xcc, 0xcc,
  0xcd, 0x08, 0x00, 0x0a, 0x6d, 0x65, 0x73, 0x73, 0x61, 0x67, 0x65, 0x5f,
  0x69, 0x64, 0x00, 0x03, 0x6d, 0x6f, 0x62, 0x00, 0x11, 0x6d, 0x69, 0x6e,
  0x65, 0x63, 0x72, 0x61, 0x66, 0x74, 0x3a, 0x6f, 0x6e, 0x5f, 0x66, 0x69,
  0x72, 0x65, 0x01, 0x0a, 0x08, 0x00, 0x07, 0x65, 0x66, 0x66, 0x65, 0x63,
  0x74, 0x73, 0x00, 0x07, 0x62, 0x75, 0x72, 0x6e, 0x69, 0x6e, 0x67, 0x08,
  0x00, 0x07, 0x73, 0x63, 0x61, 0x6c, 0x69, 0x6e, 0x67, 0x00, 0x20, 0x77,
  0x68, 0x65, 0x6e, 0x5f, 0x63, 0x61, 0x75, 0x73, 0x65, 0x64, 0x5f, 0x62,
  0x79, 0x5f, 0x6c, 0x69, 0x76, 0x69, 0x6e, 0x67, 0x5f, 0x6e, 0x6f, 0x6e,
  0x5f, 0x70, 0x6c, 0x61, 0x79, 0x65, 0x72, 0x05, 0x00, 0x0a, 0x65, 0x78,
  0x68, 0x61, 0x75, 0x73, 0x74, 0x69, 0x6f, 0x6e, 0x00, 0x00, 0x00, 0x00,
  0x08, 0x00, 0x0a, 0x6d, 0x65, 0x73, 0x73, 0x61, 0x67, 0x65, 0x5f, 0x69,
  0x64, 0x00, 0x06, 0x6f, 0x6e, 0x46, 0x69, 0x72, 0x65, 0x00, 0x16, 0x6d,
  0x69, 0x6e, 0x65, 0x63, 0x72, 0x61, 0x66, 0x74, 0x3a, 0x6f, 0x75, 0x74,
  0x5f, 0x6f, 0x66, 0x5f, 0x77, 0x6f, 0x72, 0x6c, 0x64, 0x01, 0x0a, 0x08,
  0x00, 0x07, 0x73, 0x63, 0x61, 0x6c, 0x69, 0x6e, 0x67, 0x00, 0x20, 0x77,
  0x68, 0x65, 0x6e, 0x5f, 0x63, 0x61, 0x75, 0x73, 0x65, 0x64, 0x5f, 0x62,
  0x79, 0x5f, 0x6c, 0x69, 0x76, 0x69, 0x6e, 0x67, 0x5f, 0x6e, 0x6f, 0x6e,
  0x5f, 0x70, 0x6c, 0x61, 0x79, 0x65, 0x72, 0x05, 0x00, 0x0a, 0x65, 0x78,
  0x68, 0x61, 0x75, 0x73, 0x74, 0x69, 0x6f, 0x6e, 0x00, 0x00, 0x00, 0x00,
  0x08, 0x00, 0x0a, 0x6d, 0x65, 0x73, 0x73, 0x61, 0x67, 0x65, 0x5f, 0x69,
  0x64, 0x00, 0x0a, 0x6f, 0x75, 0x74, 0x4f, 0x66, 0x57, 0x6f, 0x72, 0x6c,
  0x64, 0x00, 0x18, 0x6d, 0x69, 0x6e, 0x65, 0x63, 0x72, 0x61, 0x66, 0x74,
  0x3a, 0x6f, 0x75, 0x74, 0x73, 0x69, 0x64, 0x65, 0x5f, 0x62, 0x6f, 0x72,
  0x64, 0x65, 0x72, 0x01, 0x0a, 0x08, 0x00, 0x07, 0x73, 0x63, 0x61, 0x6c,
  0x69, 0x6e, 0x67, 0x00, 0x20, 0x77, 0x68, 0x65, 0x6e, 0x5f, 0x63, 0x61,
  0x75, 0x73, 0x65, 0x64, 0x5f, 0x62, 0x79, 0x5f, 0x6c, 0x69, 0x76, 0x69,
  0x6e, 0x67, 0x5f, 0x6e, 0x6f, 0x6e, 0x5f, 0x70, 0x6c, 0x61, 0x79, 0x65,
  0x72, 0x05, 0x00, 0x0a, 0x65, 0x78, 0x68, 0x61, 0x75, 0x73, 0x74, 0x69,
  0x6f, 0x6e, 0x00, 0x00, 0x00, 0x00, 0x08, 0x00, 0x0a, 0x6d, 0x65, 0x73,
  0x73, 0x61, 0x67, 0x65, 0x5f, 0x69, 0x64, 0x00, 0x0d, 0x6f, 0x75, 0x74,
  0x73, 0x69, 0x64, 0x65, 0x42, 0x6f, 0x72, 0x64, 0x65, 0x72, 0x00, 0x17,
  0x6d, 0x69, 0x6e, 0x65, 0x63, 0x72, 0x61, 0x66, 0x74, 0x3a, 0x70, 0x6c,
  0x61, 0x79, 0x65, 0x72, 0x5f, 0x61, 0x74, 0x74, 0x61, 0x63, 0x6b, 0x01,
  0x0a, 0x08, 0x00, 0x07, 0x73, 0x63, 0x61, 0x6c, 0x69, 0x6e, 0x67, 0x00,
  0x20, 0x77, 0x68, 0x65, 0x6e, 0x5f, 0x63, 0x61, 0x75, 0x73, 0x65, 0x64,
  0x5f, 0x62, 0x79, 0x5f, 0x6c, 0x69, 0x76, 0x69, 0x6e, 0x67, 0x5f, 0x6e,
  0x6f, 0x6e, 0x5f, 0x70, 0x6c, 0x61, 0x79, 0x65, 0x72, 0x05, 0x00, 0x0a,
  0x65, 0x78, 0x68, 0x61, 0x75, 0x73, 0x74, 0x69, 0x6f, 0x6e, 0x3d, 0xcc,
  0xcc, 0xcd, 0x08, 0x00, 0x0a, 0x6d, 0x65, 0x73, 0x73, 0x61, 0x67, 0x65,
  0x5f, 0x69, 0x64, 0x00, 0x06, 0x70, 0x6c, 0x61, 0x79, 0x65, 0x72, 0x00,
  0x1a, 0x6d, 0x69, 0x6e, 0x65, 0x63, 0x72, 0x61, 0x66, 0x74, 0x3a, 0x70,
  0x6c, 0x61, 0x79, 0x65, 0x72, 0x5f, 0x65, 0x78, 0x70, 0x6c, 0x6f, 0x73,
  0x69, 0x6f, 0x6e, 0x01, 0x0a, 0x08, 0x00, 0x07, 0x73, 0x63, 0x61, 0x6c,
  0x69, 0x6e, 0x67, 0x00, 0x06, 0x61, 0x6c, 0x77, 0x61, 0x79, 0x73, 0x05,
  0x00, 0x0a, 0x65, 0x78, 0x68, 0x61, 0x75, 0x73, 0x74, 0x69, 0x6f, 0x6e,
  0x3d, 0xcc, 0xcc, 0xcd, 0x08, 0x00, 0x0a, 0x6d, 0x65, 0x73, 0x73, 0x61,
  0x67, 0x65, 0x5f, 0x69, 0x64, 0x00, 0x10, 0x65, 0x78, 0x70, 0x6c, 0x6f,
  0x73, 0x69, 0x6f, 0x6e, 0x2e, 0x70, 0x6c, 0x61, 0x79, 0x65, 0x72, 0x00,
  0x14, 0x6d, 0x69, 0x6e, 0x65, 0x63, 0x72, 0x61, 0x66, 0x74, 0x3a, 0x73,
  0x6f, 0x6e, 0x69, 0x63, 0x5f, 0x62, 0x6f, 0x6f, 0x6d, 0x01, 0x0a, 0x08,
  0x00, 0x07, 0x73, 0x63, 0x61, 0x6c, 0x69, 0x6e, 0x67, 0x00, 0x06, 0x61,
  0x6c, 0x77, 0x61, 0x79, 0x73, 0x05, 0x00, 0x0a, 0x65, 0x78, 0x68, 0x61,
  0x75, 0x73, 0x74, 0x69, 0x6f, 0x6e, 0x00, 0x00, 0x00, 0x00, 0x08, 0x00,
  0x0a, 0x6d, 0x65, 0x73, 0x73, 0x61, 0x67, 0x65, 0x5f, 0x69, 0x64, 0x00,
  0x0a, 0x73, 0x6f, 0x6e, 0x69, 0x63, 0x5f, 0x62, 0x6f, 0x6f, 0x6d, 0x00,
  0x0e, 0x6d, 0x69, 0x6e, 0x65, 0x63, 0x72, 0x61, 0x66, 0x74, 0x3a, 0x73,
  0x70, 0x69, 0x74, 0x01, 0x0a, 0x08, 0x00, 0x07, 0x73, 0x63, 0x61, 0x6c,
  0x69, 0x6e, 0x67, 0x00, 0x20, 0x77, 0x68, 0x65, 0x6e, 0x5f, 0x63, 0x61,
  0x75, 0x73, 0x65, 0x64, 0x5f, 0x62, 0x79, 0x5f, 0x6c, 0x69, 0x76, 0x69,
  0x6e, 0x67, 0x5f, 0x6e, 0x6f, 0x6e, 0x5f, 0x70, 0x6c, 0x61, 0x79, 0x65,
  0x72, 0x05, 0x00, 0x0a, 0x65, 0x78, 0x68, 0x61, 0x75, 0x73, 0x74, 0x69,
  0x6f, 0x6e, 0x3d, 0xcc, 0xcc, 0xcd, 0x08, 0x00, 0x0a, 0x6d, 0x65, 0x73,
  0x73, 0x61, 0x67, 0x65, 0x5f, 0x69, 0x64, 0x00, 0x03, 0x6d, 0x6f, 0x62,
  0x00, 0x14, 0x6d, 0x69, 0x6e, 0x65, 0x63, 0x72, 0x61, 0x66, 0x74, 0x3a,
  0x73, 0x74, 0x61, 0x6c, 0x61, 0x67, 0x6d, 0x69, 0x74, 0x65, 0x01, 0x0a,
  0x08, 0x00, 0x07, 0x73, 0x63, 0x61, 0x6c, 0x69, 0x6e, 0x67, 0x00, 0x20,
  0x77, 0x68, 0x65, 0x6e, 0x5f, 0x63, 0x61, 0x75, 0x73, 0x65, 0x64, 0x5f,
  0x62, 0x79, 0x5f, 0x6c, 0x69, 0x76, 0x69, 0x6e, 0x67, 0x5f, 0x6e, 0x6f,
  0x6e, 0x5f, 0x70, 0x6c, 0x61, 0x79, 0x65, 0x72, 0x05, 0x00, 0x0a, 0x65,
  0x78, 0x68, 0x61, 0x75, 0x73, 0x74, 0x69, 0x6f, 0x6e, 0x00, 0x00, 0x00,
  0x00, 0x08, 0x00, 0x0a, 0x6d, 0x65, 0x73, 0x73, 0x61, 0x67, 0x65, 0x5f,
  0x69, 0x64, 0x00, 0x0a, 0x73, 0x74, 0x61, 0x6c, 0x61, 0x67, 0x6d, 0x69,
  0x74, 0x65, 0x00, 0x10, 0x6d, 0x69, 0x6e, 0x65, 0x63, 0x72, 0x61, 0x66,
  0x74, 0x3a, 0x73, 0x74, 0x61, 0x72, 0x76, 0x65, 0x01, 0x0a, 0x08, 0x00,
  0x07, 0x73, 0x63, 0x61, 0x6c, 0x69, 0x6e, 0x67, 0x00, 0x20, 0x77, 0x68,
  0x65, 0x6e, 0x5f, 0x63, 0x61, 0x75, 0x73, 0x65, 0x64, 0x5f, 0x62, 0x79,
  0x5f, 0x6c, 0x69, 0x76, 0x69, 0x6e, 0x67, 0x5f, 0x6e, 0x6f, 0x6e, 0x5f,
  0x70, 0x6c, 0x61, 0x79, 0x65, 0x72, 0x05, 0x00, 0x0a, 0x65, 0x78, 0x68,
  0x61, 0x75, 0x73, 0x74, 0x69, 0x6f, 0x6e, 0x00, 0x00, 0x00, 0x00, 0x08,
  0x00, 0x0a, 0x6d, 0x65, 0x73, 0x73, 0x61, 0x67, 0x65, 0x5f, 0x69, 0x64,
  0x00, 0x06, 0x73, 0x74, 0x61, 0x72, 0x76, 0x65, 0x00, 0x0f, 0x6d, 0x69,
  0x6e, 0x65, 0x63, 0x72, 0x61, 0x66, 0x74, 0x3a, 0x73, 0x74, 0x69, 0x6e,
  0x67, 0x01, 0x0a, 0x08, 0x00, 0x07, 0x73, 0x63, 0x61, 0x6c, 0x69, 0x6e,
  0x67, 0x00, 0x20, 0x77, 0x68, 0x65, 0x6e, 0x5f, 0x63, 0x61, 0x75, 0x73,
  0x65, 0x64, 0x5f, 0x62, 0x79, 0x5f, 0x6c, 0x69, 0x76, 0x69, 0x6e, 0x67,
  0x5f, 0x6e, 0x6f, 0x6e, 0x5f, 0x70, 0x6c, 0x61, 0x79, 0x65, 0x72, 0x05,
  0x00, 0x0a, 0x65, 0x78, 0x68, 0x61, 0x75, 0x73, 0x74, 0x69, 0x6f, 0x6e,
  0x3d, 0xcc, 0xcc, 0xcd, 0x08, 0x00, 0x0a, 0x6d, 0x65, 0x73, 0x73, 0x61,
  0x67, 0x65, 0x5f, 0x69, 0x64, 0x00, 0x05, 0x73, 0x74, 0x69, 0x6e, 0x67,
  0x00, 0x1a, 0x6d, 0x69, 0x6e, 0x65, 0x63, 0x72, 0x61, 0x66, 0x74, 0x3a,
  0x73, 0x77, 0x65, 0x65, 0x74, 0x5f, 0x62, 0x65, 0x72, 0x72, 0x79, 0x5f,
  0x62, 0x75, 0x73, 0x68, 0x01, 0x0a, 0x08, 0x00, 0x07, 0x65, 0x66, 0x66,
  0x65, 0x63, 0x74, 0x73, 0x00, 0x06, 0x70, 0x6f, 0x6b, 0x69, 0x6e, 0x67,
  0x08, 0x00, 0x07, 0x73, 0x63, 0x61, 0x6c, 0x69, 0x6e, 0x67, 0x00, 0x20,
  0x77, 0x68, 0x65, 0x6e, 0x5f, 0x63, 0x61, 0x75, 0x73, 0x65, 0x64, 0x5f,
  0x62, 0x79, 0x5f, 0x6c, 0x69, 0x76, 0x69, 0x6e, 0x67, 0x5f, 0x6e, 0x6f,
  0x6e, 0x5f, 0x70, 0x6c, 0x61, 0x79, 0x65, 0x72, 0x05, 0x00, 0x0a, 0x65,
  0x78, 0x68, 0x61, 0x75, 0x73, 0x74, 0x69, 0x6f, 0x6e, 0x3d, 0xcc, 0xcc,
  0xcd, 0x08, 0x00, 0x0a, 0x6d, 0x65, 0x73, 0x73, 0x61, 0x67, 0x65, 0x5f,
  0x69, 0x64, 0x00, 0x0e, 0x73, 0x77, 0x65, 0x65, 0x74, 0x42, 0x65, 0x72,
  0x72, 0x79, 0x42, 0x75, 0x73, 0x68, 0x00, 0x10, 0x6d, 0x69, 0x6e, 0x65,
  0x63, 0x72, 0x61, 0x66, 0x74, 0x3a, 0x74, 0x68, 0x6f, 0x72, 0x6e, 0x73,
  0x01, 0x0a, 0x08, 0x00, 0x07, 0x65, 0x66, 0x66, 0x65, 0x63, 0x74, 0x73,
  0x00, 0x06, 0x74, 0x68, 0x6f, 0x72, 0x6e, 0x73, 0x08, 0x00, 0x07, 0x73,
  0x63, 0x61, 0x6c, 0x69, 0x6e, 0x67, 0x00, 0x20, 0x77, 0x68, 0x65, 0x6e,
  0x5f, 0x63, 0x61, 0x75, 0x73, 0x65, 0x64, 0x5f, 0x62, 0x79, 0x5f, 0x6c,
  0x69, 0x76, 0x69, 0x6e, 0x67, 0x5f, 0x6e, 0x6f, 0x6e, 0x5f, 0x70, 0x6c,
  0x61, 0x79, 0x65, 0x72, 0x05, 0x00, 0x0a, 0x65, 0x78, 0x68, 0x61, 0x75,
  0x73, 0x74, 0x69, 0x6f, 0x6e, 0x3d, 0xcc, 0xcc, 0xcd, 0x08, 0x00, 0x0a,
  0x6d, 0x65, 0x73, 0x73, 0x61, 0x67, 0x65, 0x5f, 0x69, 0x64, 0x00, 0x06,
  0x74, 0x68, 0x6f, 0x72, 0x6e, 0x73, 0x00, 0x10, 0x6d, 0x69, 0x6e, 0x65,
  0x63, 0x72, 0x61, 0x66, 0x74, 0x3a, 0x74, 0x68, 0x72, 0x6f, 0x77, 0x6e,
  0x01, 0x0a, 0x08, 0x00, 0x07, 0x73, 0x63, 0x61, 0x6c, 0x69, 0x6e, 0x67,
  0x00, 0x20, 0x77, 0x68, 0x65, 0x6e, 0x5f, 0x63, 0x61, 0x75, 0x73, 0x65,
  0x64, 0x5f, 0x62, 0x79, 0x5f, 0x6c, 0x69, 0x76, 0x69, 0x6e, 0x67, 0x5f,
  0x6e, 0x6f, 0x6e, 0x5f, 0x70, 0x6c, 0x61, 0x79, 0x65, 0x72, 0x05, 0x00,
  0x0a, 0x65, 0x78, 0x68, 0x61, 0x75, 0x73, 0x74, 0x69, 0x6f, 0x6e, 0x3d,
  0xcc, 0xcc, 0xcd, 0x08, 0x00, 0x0a, 0x6d, 0x65, 0x73, 0x73, 0x61, 0x67,
  0x65, 0x5f, 0x69, 0x64, 0x00, 0x06, 0x74, 0x68, 0x72, 0x6f, 0x77, 0x6e,
  0x00, 0x11, 0x6d, 0x69, 0x6e, 0x65, 0x63, 0x72, 0x61, 0x66, 0x74, 0x3a,
  0x74, 0x72, 0x69, 0x64, 0x65, 0x6e, 0x74, 0x01, 0x0a, 0x08, 0x00, 0x07,
  0x73, 0x63, 0x61, 0x6c, 0x69, 0x6e, 0x67, 0x00, 0x20, 0x77, 0x68, 0x65,
  0x6e, 0x5f, 0x63, 0x61, 0x75, 0x73, 0x65, 0x64, 0x5f, 0x62, 0x79, 0x5f,
  0x6c, 0x69, 0x76, 0x69, 0x6e, 0x67, 0x5f, 0x6e, 0x6f, 0x6e, 0x5f, 0x70,
  0x6c, 0x61, 0x79, 0x65, 0x72, 0x05, 0x00, 0x0a, 0x65, 0x78, 0x68, 0x61,
  0x75, 0x73, 0x74, 0x69, 0x6f, 0x6e, 0x3d, 0xcc, 0xcc, 0xcd, 0x08, 0x00,
  0x0a, 0x6d, 0x65, 0x73, 0x73, 0x61, 0x67, 0x65, 0x5f, 0x69, 0x64, 0x00,
  0x07, 0x74, 0x72, 0x69, 0x64, 0x65, 0x6e, 0x74, 0x00, 0x1f, 0x6d, 0x69,
  0x6e, 0x65, 0x63, 0x72, 0x61, 0x66, 0x74, 0x3a, 0x75, 0x6e, 0x61, 0x74,
  0x74, 0x72, 0x69, 0x62, 0x75, 0x74, 0x65, 0x64, 0x5f, 0x66, 0x69, 0x72,
  0x65, 0x62, 0x61, 0x6c, 0x6c, 0x01, 0x0a, 0x08, 0x00, 0x07, 0x65, 0x66,
  0x66, 0x65, 0x63, 0x74, 0x73, 0x00, 0x07, 0x62, 0x75, 0x72, 0x6e, 0x69,
  0x6e, 0x67, 0x08, 0x00, 0x07, 0x73, 0x63, 0x61, 0x6c, 0x69, 0x6e, 0x67,
  0x00, 0x20, 0x77, 0x68, 0x65, 0x6e, 0x5f, 0x63, 0x61, 0x75, 0x73, 0x65,
  0x64, 0x5f, 0x62, 0x79, 0x5f, 0x6c, 0x69, 0x76, 0x69, 0x6e, 0x67, 0x5f,
  0x6e, 0x6f, 0x6e, 0x5f, 0x70, 0x6c, 0x61, 0x79, 0x65, 0x72, 0x05, 0x00,
  0x0a, 0x65, 0x78, 0x68, 0x61, 0x75, 0x73, 0x74, 0x69, 0x6f, 0x6e, 0x3d,
  0xcc, 0xcc, 0xcd, 0x08, 0x00, 0x0a, 0x6d, 0x65, 0x73, 0x73, 0x61, 0x67,
  0x65, 0x5f, 0x69, 0x64, 0x00, 0x06, 0x6f, 0x6e, 0x46, 0x69, 0x72, 0x65,
  0x00, 0x15, 0x6d, 0x69, 0x6e, 0x65, 0x63, 0x72, 0x61, 0x66, 0x74, 0x3a,
  0x77, 0x69, 0x6e, 0x64, 0x5f, 0x63, 0x68, 0x61, 0x72, 0x67, 0x65, 0x01,
  0x0a, 0x08, 0x00, 0x07, 0x73, 0x63, 0x61, 0x6c, 0x69, 0x6e, 0x67, 0x00,
  0x20, 0x77, 0x68, 0x65, 0x6e, 0x5f, 0x63, 0x61, 0x75, 0x73, 0x65, 0x64,
  0x5f, 0x62, 0x79, 0x5f, 0x6c, 0x69, 0x76, 0x69, 0x6e, 0x67, 0x5f, 0x6e,
  0x6f, 0x6e, 0x5f, 0x70, 0x6c, 0x61, 0x79, 0x65, 0x72, 0x05, 0x00, 0x0a,
  0x65, 0x78, 0x68, 0x61, 0x75, 0x73, 0x74, 0x69, 0x6f, 0x6e, 0x3d, 0xcc,
  0xcc, 0xcd, 0x08, 0x00, 0x0a, 0x6d, 0x65, 0x73, 0x73, 0x61, 0x67, 0x65,
  0x5f, 0x69, 0x64, 0x00, 0x03, 0x6d, 0x6f, 0x62, 0x00, 0x10, 0x6d, 0x69,
  0x6e, 0x65, 0x63, 0x72, 0x61, 0x66, 0x74, 0x3a, 0x77, 0x69, 0x74, 0x68,
  0x65, 0x72, 0x01, 0x0a, 0x08, 0x00, 0x07, 0x73, 0x63, 0x61, 0x6c, 0x69,
  0x6e, 0x67, 0x00, 0x20, 0x77, 0x68, 0x65, 0x6e, 0x5f, 0x63, 0x61, 0x75,
  0x73, 0x65, 0x64, 0x5f, 0x62, 0x79, 0x5f, 0x6c, 0x69, 0x76, 0x69, 0x6e,
  0x67, 0x5f, 0x6e, 0x6f, 0x6e, 0x5f, 0x70, 0x6c, 0x61, 0x79, 0x65, 0x72,
  0x05, 0x00, 0x0a, 0x65, 0x78, 0x68, 0x61, 0x75, 0x73, 0x74, 0x69, 0x6f,
  0x6e, 0x00, 0x00, 0x00, 0x00, 0x08, 0x00, 0x0a, 0x6d, 0x65, 0x73, 0x73,
  0x61, 0x67, 0x65, 0x5f, 0x69, 0x64, 0x00, 0x06, 0x77, 0x69, 0x74, 0x68,
  0x65, 0x72, 0x00, 0x16, 0x6d, 0x69, 0x6e, 0x65, 0x63, 0x72, 0x61, 0x66,
  0x74, 0x3a, 0x77, 0x69, 0x74, 0x68, 0x65, 0x72, 0x5f, 0x73, 0x6b, 0x75,
  0x6c, 0x6c, 0x01, 0x0a, 0x08, 0x00, 0x07, 0x73, 0x63, 0x61, 0x6c, 0x69,
  0x6e, 0x67, 0x00, 0x20, 0x77, 0x68, 0x65, 0x6e, 0x5f, 0x63, 0x61, 0x75,
  0x73, 0x65, 0x64, 0x5f, 0x62, 0x79, 0x5f, 0x6c, 0x69, 0x76, 0x69, 0x6e,
  0x67, 0x5f, 0x6e, 0x6f, 0x6e, 0x5f, 0x70, 0x6c, 0x61, 0x79, 0x65, 0x72,
  0x05, 0x00, 0x0a, 0x65, 0x78, 0x68, 0x61, 0x75, 0x73, 0x74, 0x69, 0x6f,
  0x6e, 0x3d, 0xcc, 0xcc, 0xcd, 0x08, 0x00, 0x0a, 0x6d, 0x65, 0x73, 0x73,
  0x61, 0x67, 0x65, 0x5f, 0x69, 0x64, 0x00, 0x0b, 0x77, 0x69, 0x74, 0x68,
  0x65, 0x72, 0x53, 0x6b, 0x75, 0x6c, 0x6c, 0x00,
};
Blob e770_damage_type() { return {k_e770_damage_type, sizeof(k_e770_damage_type)}; }

static const uint8_t k_e773_dimension_type[] = {
  0x18, 0x6d, 0x69, 0x6e, 0x65, 0x63, 0x72, 0x61, 0x66, 0x74, 0x3a, 0x64,
  0x69, 0x6d, 0x65, 0x6e, 0x73, 0x69, 0x6f, 0x6e, 0x5f, 0x74, 0x79, 0x70,
  0x65, 0x01, 0x13, 0x6d, 0x69, 0x6e, 0x65, 0x63, 0x72, 0x61, 0x66, 0x74,
  0x3a, 0x6f, 0x76, 0x65, 0x72, 0x77, 0x6f, 0x72, 0x6c, 0x64, 0x01, 0x0a,
  0x01, 0x00, 0x0b, 0x70, 0x69, 0x67, 0x6c, 0x69, 0x6e, 0x5f, 0x73, 0x61,
  0x66, 0x65, 0x00, 0x01, 0x00, 0x07, 0x6e, 0x61, 0x74, 0x75, 0x72, 0x61,
  0x6c, 0x01, 0x05, 0x00, 0x0d, 0x61, 0x6d, 0x62, 0x69, 0x65, 0x6e, 0x74,
  0x5f, 0x6c, 0x69, 0x67, 0x68, 0x74, 0x00, 0x00, 0x00, 0x00, 0x03, 0x00,
  0x1f, 0x6d, 0x6f, 0x6e, 0x73, 0x74, 0x65, 0x72, 0x5f, 0x73, 0x70, 0x61,
  0x77, 0x6e, 0x5f, 0x62, 0x6c, 0x6f, 0x63, 0x6b, 0x5f, 0x6c, 0x69, 0x67,
  0x68, 0x74, 0x5f, 0x6c, 0x69, 0x6d, 0x69, 0x74, 0x00, 0x00, 0x00, 0x00,
  0x08, 0x00, 0x0a, 0x69, 0x6e, 0x66, 0x69, 0x6e, 0x69, 0x62, 0x75, 0x72,
  0x6e, 0x00, 0x1f, 0x23, 0x6d, 0x69, 0x6e, 0x65, 0x63, 0x72, 0x61, 0x66,
  0x74, 0x3a, 0x69, 0x6e, 0x66, 0x69, 0x6e, 0x69, 0x62, 0x75, 0x72, 0x6e,
  0x5f, 0x6f, 0x76, 0x65, 0x72, 0x77, 0x6f, 0x72, 0x6c, 0x64, 0x01, 0x00,
  0x14, 0x72, 0x65, 0x73, 0x70, 0x61, 0x77, 0x6e, 0x5f, 0x61, 0x6e, 0x63,
  0x68, 0x6f, 0x72, 0x5f, 0x77, 0x6f, 0x72, 0x6b, 0x73, 0x00, 0x01, 0x00,
  0x0c, 0x68, 0x61, 0x73, 0x5f, 0x73, 0x6b, 0x79, 0x6c, 0x69, 0x67, 0x68,
  0x74, 0x01, 0x01, 0x00, 0x09, 0x62, 0x65, 0x64, 0x5f, 0x77, 0x6f, 0x72,
  0x6b, 0x73, 0x01, 0x08, 0x00, 0x07, 0x65, 0x66, 0x66, 0x65, 0x63, 0x74,
  0x73, 0x00, 0x13, 0x6d, 0x69, 0x6e, 0x65, 0x63, 0x72, 0x61, 0x66, 0x74,
  0x3a, 0x6f, 0x76, 0x65, 0x72, 0x77, 0x6f, 0x72, 0x6c, 0x64, 0x01, 0x00,
  0x09, 0x68, 0x61, 0x73, 0x5f, 0x72, 0x61, 0x69, 0x64, 0x73, 0x01, 0x03,
  0x00, 0x0e, 0x6c, 0x6f, 0x67, 0x69, 0x63, 0x61, 0x6c, 0x5f, 0x68, 0x65,
  0x69, 0x67, 0x68, 0x74, 0x00, 0x00, 0x01, 0x80, 0x06, 0x00, 0x10, 0x63,
  0x6f, 0x6f, 0x72, 0x64, 0x69, 0x6e, 0x61, 0x74, 0x65, 0x5f, 0x73, 0x63,
  0x61, 0x6c, 0x65, 0x3f, 0xf0, 0x00, 0x00, 0x00, 0x00, 0x00, 0x00, 0x0a,
  0x00, 0x19, 0x6d, 0x6f, 0x6e, 0x73, 0x74, 0x65, 0x72, 0x5f, 0x73, 0x70,
  0x61, 0x77, 0x6e, 0x5f, 0x6c, 0x69, 0x67, 0x68, 0x74, 0x5f, 0x6c, 0x65,
  0x76, 0x65, 0x6c, 0x03, 0x00, 0x0d, 0x6d, 0x69, 0x6e, 0x5f, 0x69, 0x6e,
  0x63, 0x6c, 0x75, 0x73, 0x69, 0x76, 0x65, 0x00, 0x00, 0x00, 0x00, 0x03,
  0x00, 0x0d, 0x6d, 0x61, 0x78, 0x5f, 0x69, 0x6e, 0x63, 0x6c, 0x75, 0x73,
  0x69, 0x76, 0x65, 0x00, 0x00, 0x00, 0x07, 0x08, 0x00, 0x04, 0x74, 0x79,
  0x70, 0x65, 0x00, 0x11, 0x6d, 0x69, 0x6e, 0x65, 0x63, 0x72, 0x61, 0x66,
  0x74, 0x3a, 0x75, 0x6e, 0x69, 0x66, 0x6f, 0x72, 0x6d, 0x00, 0x03, 0x00,
  0x05, 0x6d, 0x69, 0x6e, 0x5f, 0x79, 0xff, 0xff, 0xff, 0xc0, 0x01, 0x00,
  0x09, 0x75, 0x6c, 0x74, 0x72, 0x61, 0x77, 0x61, 0x72, 0x6d, 0x00, 0x01,
  0x00, 0x0b, 0x68, 0x61, 0x73, 0x5f, 0x63, 0x65, 0x69, 0x6c, 0x69, 0x6e,
  0x67, 0x00, 0x03, 0x00, 0x06, 0x68, 0x65, 0x69, 0x67, 0x68, 0x74, 0x00,
  0x00, 0x01, 0x80, 0x00,
};
Blob e773_dimension_type() { return {k_e773_dimension_type, sizeof(k_e773_dimension_type)}; }

static const uint8_t k_e773_biome[] = {
  0x18, 0x6d, 0x69, 0x6e, 0x65, 0x63, 0x72, 0x61, 0x66, 0x74, 0x3a, 0x77,
  0x6f, 0x72, 0x6c, 0x64, 0x67, 0x65, 0x6e, 0x2f, 0x62, 0x69, 0x6f, 0x6d,
  0x65, 0x01, 0x10, 0x6d, 0x69, 0x6e, 0x65, 0x63, 0x72, 0x61, 0x66, 0x74,
  0x3a, 0x70, 0x6c, 0x61, 0x69, 0x6e, 0x73, 0x01, 0x0a, 0x0a, 0x00, 0x07,
  0x65, 0x66, 0x66, 0x65, 0x63, 0x74, 0x73, 0x03, 0x00, 0x09, 0x73, 0x6b,
  0x79, 0x5f, 0x63, 0x6f, 0x6c, 0x6f, 0x72, 0x00, 0x78, 0xa7, 0xff, 0x03,
  0x00, 0x0f, 0x77, 0x61, 0x74, 0x65, 0x72, 0x5f, 0x66, 0x6f, 0x67, 0x5f,
  0x63, 0x6f, 0x6c, 0x6f, 0x72, 0x00, 0x05, 0x05, 0x33, 0x03, 0x00, 0x09,
  0x66, 0x6f, 0x67, 0x5f, 0x63, 0x6f, 0x6c, 0x6f, 0x72, 0x00, 0xc0, 0xd8,
  0xff, 0x03, 0x00, 0x0b, 0x77, 0x61, 0x74, 0x65, 0x72, 0x5f, 0x63, 0x6f,
  0x6c, 0x6f, 0x72, 0x00, 0x3f, 0x76, 0xe4, 0x0a, 0x00, 0x0a, 0x6d, 0x6f,
  0x6f, 0x64, 0x5f, 0x73, 0x6f, 0x75, 0x6e, 0x64, 0x03, 0x00, 0x0a, 0x74,
  0x69, 0x63, 0x6b, 0x5f, 0x64, 0x65, 0x6c, 0x61, 0x79, 0x00, 0x00, 0x17,
  0x70, 0x06, 0x00, 0x06, 0x6f, 0x66, 0x66, 0x73, 0x65, 0x74, 0x40, 0x00,
  0x00, 0x00, 0x00, 0x00, 0x00, 0x00, 0x08, 0x00, 0x05, 0x73, 0x6f, 0x75,
  0x6e, 0x64, 0x00, 0x16, 0x6d, 0x69, 0x6e, 0x65, 0x63, 0x72, 0x61, 0x66,
  0x74, 0x3a, 0x61, 0x6d, 0x62, 0x69, 0x65, 0x6e, 0x74, 0x2e, 0x63, 0x61,
  0x76, 0x65, 0x03, 0x00, 0x13, 0x62, 0x6c, 0x6f, 0x63, 0x6b, 0x5f, 0x73,
  0x65, 0x61, 0x72, 0x63, 0x68, 0x5f, 0x65, 0x78, 0x74, 0x65, 0x6e, 0x74,
  0x00, 0x00, 0x00, 0x08, 0x00, 0x00, 0x01, 0x00, 0x11, 0x68, 0x61, 0x73,
  0x5f, 0x70, 0x72, 0x65, 0x63, 0x69, 0x70, 0x69, 0x74, 0x61, 0x74, 0x69,
  0x6f, 0x6e, 0x01, 0x05, 0x00, 0x0b, 0x74, 0x65, 0x6d, 0x70, 0x65, 0x72,
  0x61, 0x74, 0x75, 0x72, 0x65, 0x3f, 0x4c, 0xcc, 0xcd, 0x05, 0x00, 0x08,
  0x64, 0x6f, 0x77, 0x6e, 0x66, 0x61, 0x6c, 0x6c, 0x3e, 0xcc, 0xcc, 0xcd,
  0x00,
};
Blob e773_biome() { return {k_e773_biome, sizeof(k_e773_biome)}; }

static const uint8_t k_e773_chat_type[] = {
  0x13, 0x6d, 0x69, 0x6e, 0x65, 0x63, 0x72, 0x61, 0x66, 0x74, 0x3a, 0x63,
  0x68, 0x61, 0x74, 0x5f, 0x74, 0x79, 0x70, 0x65, 0x07, 0x0e, 0x6d, 0x69,
  0x6e, 0x65, 0x63, 0x72, 0x61, 0x66, 0x74, 0x3a, 0x63, 0x68, 0x61, 0x74,
  0x01, 0x0a, 0x0a, 0x00, 0x04, 0x63, 0x68, 0x61, 0x74, 0x08, 0x00, 0x0f,
  0x74, 0x72, 0x61, 0x6e, 0x73, 0x6c, 0x61, 0x74, 0x69, 0x6f, 0x6e, 0x5f,
  0x6b, 0x65, 0x79, 0x00, 0x0e, 0x63, 0x68, 0x61, 0x74, 0x2e, 0x74, 0x79,
  0x70, 0x65, 0x2e, 0x74, 0x65, 0x78, 0x74, 0x09, 0x00, 0x0a, 0x70, 0x61,
  0x72, 0x61, 0x6d, 0x65, 0x74, 0x65, 0x72, 0x73, 0x08, 0x00, 0x00, 0x00,
  0x02, 0x00, 0x06, 0x73, 0x65, 0x6e, 0x64, 0x65, 0x72, 0x00, 0x07, 0x63,
  0x6f, 0x6e, 0x74, 0x65, 0x6e, 0x74, 0x00, 0x0a, 0x00, 0x09, 0x6e, 0x61,
  0x72, 0x72, 0x61, 0x74, 0x69, 0x6f, 0x6e, 0x08, 0x00, 0x0f, 0x74, 0x72,
  0x61, 0x6e, 0x73, 0x6c, 0x61, 0x74, 0x69, 0x6f, 0x6e, 0x5f, 0x6b, 0x65,
  0x79, 0x00, 0x16, 0x63, 0x68, 0x61, 0x74, 0x2e, 0x74, 0x79, 0x70, 0x65,
  0x2e, 0x74, 0x65, 0x78, 0x74, 0x2e, 0x6e, 0x61, 0x72, 0x72, 0x61, 0x74,
  0x65, 0x09, 0x00, 0x0a, 0x70, 0x61, 0x72, 0x61, 0x6d, 0x65, 0x74, 0x65,
  0x72, 0x73, 0x08, 0x00, 0x00, 0x00, 0x02, 0x00, 0x06, 0x73, 0x65, 0x6e,
  0x64, 0x65, 0x72, 0x00, 0x07, 0x63, 0x6f, 0x6e, 0x74, 0x65, 0x6e, 0x74,
  0x00, 0x00, 0x17, 0x6d, 0x69, 0x6e, 0x65, 0x63, 0x72, 0x61, 0x66, 0x74,
  0x3a, 0x65, 0x6d, 0x6f, 0x74, 0x65, 0x5f, 0x63, 0x6f, 0x6d, 0x6d, 0x61,
  0x6e, 0x64, 0x01, 0x0a, 0x0a, 0x00, 0x04, 0x63, 0x68, 0x61, 0x74, 0x08,
  0x00, 0x0f, 0x74, 0x72, 0x61, 0x6e, 0x73, 0x6c, 0x61, 0x74, 0x69, 0x6f,
  0x6e, 0x5f, 0x6b, 0x65, 0x79, 0x00, 0x0f, 0x63, 0x68, 0x61, 0x74, 0x2e,
  0x74, 0x79, 0x70, 0x65, 0x2e, 0x65, 0x6d, 0x6f, 0x74, 0x65, 0x09, 0x00,
  0x0a, 0x70, 0x61, 0x72, 0x61, 0x6d, 0x65, 0x74, 0x65, 0x72, 0x73, 0x08,
  0x00, 0x00, 0x00, 0x02, 0x00, 0x06, 0x73, 0x65, 0x6e, 0x64, 0x65, 0x72,
  0x00, 0x07, 0x63, 0x6f, 0x6e, 0x74, 0x65, 0x6e, 0x74, 0x00, 0x0a, 0x00,
  0x09, 0x6e, 0x61, 0x72, 0x72, 0x61, 0x74, 0x69, 0x6f, 0x6e, 0x08, 0x00,
  0x0f, 0x74, 0x72, 0x61, 0x6e, 0x73, 0x6c, 0x61, 0x74, 0x69, 0x6f, 0x6e,
  0x5f, 0x6b, 0x65, 0x79, 0x00, 0x0f, 0x63, 0x68, 0x61, 0x74, 0x2e, 0x74,
  0x79, 0x70, 0x65, 0x2e, 0x65, 0x6d, 0x6f, 0x74, 0x65, 0x09, 0x00, 0x0a,
  0x70, 0x61, 0x72, 0x61, 0x6d, 0x65, 0x74, 0x65, 0x72, 0x73, 0x08, 0x00,
  0x00, 0x00, 0x02, 0x00, 0x06, 0x73, 0x65, 0x6e, 0x64, 0x65, 0x72, 0x00,
  0x07, 0x63, 0x6f, 0x6e, 0x74, 0x65, 0x6e, 0x74, 0x00, 0x00, 0x1e, 0x6d,
  0x69, 0x6e, 0x65, 0x63, 0x72, 0x61, 0x66, 0x74, 0x3a, 0x6d, 0x73, 0x67,
  0x5f, 0x63, 0x6f, 0x6d, 0x6d, 0x61, 0x6e, 0x64, 0x5f, 0x69, 0x6e, 0x63,
  0x6f, 0x6d, 0x69, 0x6e, 0x67, 0x01, 0x0a, 0x0a, 0x00, 0x04, 0x63, 0x68,
  0x61, 0x74, 0x08, 0x00, 0x0f, 0x74, 0x72, 0x61, 0x6e, 0x73, 0x6c, 0x61,
  0x74, 0x69, 0x6f, 0x6e, 0x5f, 0x6b, 0x65, 0x79, 0x00, 0x21, 0x63, 0x6f,
  0x6d, 0x6d, 0x61, 0x6e, 0x64, 0x73, 0x2e, 0x6d, 0x65, 0x73, 0x73, 0x61,
  0x67, 0x65, 0x2e, 0x64, 0x69, 0x73, 0x70, 0x6c, 0x61, 0x79, 0x2e, 0x69,
  0x6e, 0x63, 0x6f, 0x6d, 0x69, 0x6e, 0x67, 0x0a, 0x00, 0x05, 0x73, 0x74,
  0x79, 0x6c, 0x65, 0x08, 0x00, 0x05, 0x63, 0x6f, 0x6c, 0x6f, 0x72, 0x00,
  0x04, 0x67, 0x72, 0x61, 0x79, 0x01, 0x00, 0x06, 0x69, 0x74, 0x61, 0x6c,
  0x69, 0x63, 0x01, 0x00, 0x09, 0x00, 0x0a, 0x70, 0x61, 0x72, 0x61, 0x6d,
  0x65, 0x74, 0x65, 0x72, 0x73, 0x08, 0x00, 0x00, 0x00, 0x02, 0x00, 0x06,
  0x73, 0x65, 0x6e, 0x64, 0x65, 0x72, 0x00, 0x07, 0x63, 0x6f, 0x6e, 0x74,
  0x65, 0x6e, 0x74, 0x00, 0x0a, 0x00, 0x09, 0x6e, 0x61, 0x72, 0x72, 0x61,
  0x74, 0x69, 0x6f, 0x6e, 0x08, 0x00, 0x0f, 0x74, 0x72, 0x61, 0x6e, 0x73,
  0x6c, 0x61, 0x74, 0x69, 0x6f, 0x6e, 0x5f, 0x6b, 0x65, 0x79, 0x00, 0x16,
  0x63, 0x68, 0x61, 0x74, 0x2e, 0x74, 0x79, 0x70, 0x65, 0x2e, 0x74, 0x65,
  0x78, 0x74, 0x2e, 0x6e, 0x61, 0x72, 0x72, 0x61, 0x74, 0x65, 0x09, 0x00,
  0x0a, 0x70, 0x61, 0x72, 0x61, 0x6d, 0x65, 0x74, 0x65, 0x72, 0x73, 0x08,
  0x00, 0x00, 0x00, 0x02, 0x00, 0x06, 0x73, 0x65, 0x6e, 0x64, 0x65, 0x72,
  0x00, 0x07, 0x63, 0x6f, 0x6e, 0x74, 0x65, 0x6e, 0x74, 0x00, 0x00, 0x1e,
  0x6d, 0x69, 0x6e, 0x65, 0x63, 0x72, 0x61, 0x66, 0x74, 0x3a, 0x6d, 0x73,
  0x67, 0x5f, 0x63, 0x6f, 0x6d, 0x6d, 0x61, 0x6e, 0x64, 0x5f, 0x6f, 0x75,
  0x74, 0x67, 0x6f, 0x69, 0x6e, 0x67, 0x01, 0x0a, 0x0a, 0x00, 0x04, 0x63,
  0x68, 0x61, 0x74, 0x08, 0x00, 0x0f, 0x74, 0x72, 0x61, 0x6e, 0x73, 0x6c,
  0x61, 0x74, 0x69, 0x6f, 0x6e, 0x5f, 0x6b, 0x65, 0x79, 0x00, 0x21, 0x63,
  0x6f, 0x6d, 0x6d, 0x61, 0x6e, 0x64, 0x73, 0x2e, 0x6d, 0x65, 0x73, 0x73,
  0x61, 0x67, 0x65, 0x2e, 0x64, 0x69, 0x73, 0x70, 0x6c, 0x61, 0x79, 0x2e,
  0x6f, 0x75, 0x74, 0x67, 0x6f, 0x69, 0x6e, 0x67, 0x0a, 0x00, 0x05, 0x73,
  0x74, 0x79, 0x6c, 0x65, 0x08, 0x00, 0x05, 0x63, 0x6f, 0x6c, 0x6f, 0x72,
  0x00, 0x04, 0x67, 0x72, 0x61, 0x79, 0x01, 0x00, 0x06, 0x69, 0x74, 0x61,
  0x6c, 0x69, 0x63, 0x01, 0x00, 0x09, 0x00, 0x0a, 0x70, 0x61, 0x72, 0x61,
  0x6d, 0x65, 0x74, 0x65, 0x72, 0x73, 0x08, 0x00, 0x00, 0x00, 0x02, 0x00,
  0x06, 0x74, 0x61, 0x72, 0x67, 0x65, 0x74, 0x00, 0x07, 0x63, 0x6f, 0x6e,
  0x74, 0x65, 0x6e, 0x74, 0x00, 0x0a, 0x00, 0x09, 0x6e, 0x61, 0x72, 0x72,
  0x61, 0x74, 0x69, 0x6f, 0x6e, 0x08, 0x00, 0x0f, 0x74, 0x72, 0x61, 0x6e,
  0x73, 0x6c, 0x61, 0x74, 0x69, 0x6f, 0x6e, 0x5f, 0x6b, 0x65, 0x79, 0x00,
  0x16, 0x63, 0x68, 0x61, 0x74, 0x2e, 0x74, 0x79, 0x70, 0x65, 0x2e, 0x74,
  0x65, 0x78, 0x74, 0x2e, 0x6e, 0x61, 0x72, 0x72, 0x61, 0x74, 0x65, 0x09,
  0x00, 0x0a, 0x70, 0x61, 0x72, 0x61, 0x6d, 0x65, 0x74, 0x65, 0x72, 0x73,
  0x08, 0x00, 0x00, 0x00, 0x02, 0x00, 0x06, 0x73, 0x65, 0x6e, 0x64, 0x65,
  0x72, 0x00, 0x07, 0x63, 0x6f, 0x6e, 0x74, 0x65, 0x6e, 0x74, 0x00, 0x00,
  0x15, 0x6d, 0x69, 0x6e, 0x65, 0x63, 0x72, 0x61, 0x66, 0x74, 0x3a, 0x73,
  0x61, 0x79, 0x5f, 0x63, 0x6f, 0x6d, 0x6d, 0x61, 0x6e, 0x64, 0x01, 0x0a,
  0x0a, 0x00, 0x04, 0x63, 0x68, 0x61, 0x74, 0x08, 0x00, 0x0f, 0x74, 0x72,
  0x61, 0x6e, 0x73, 0x6c, 0x61, 0x74, 0x69, 0x6f, 0x6e, 0x5f, 0x6b, 0x65,
  0x79, 0x00, 0x16, 0x63, 0x68, 0x61, 0x74, 0x2e, 0x74, 0x79, 0x70, 0x65,
  0x2e, 0x61, 0x6e, 0x6e, 0x6f, 0x75, 0x6e, 0x63, 0x65, 0x6d, 0x65, 0x6e,
  0x74, 0x09, 0x00, 0x0a, 0x70, 0x61, 0x72, 0x61, 0x6d, 0x65, 0x74, 0x65,
  0x72, 0x73, 0x08, 0x00, 0x00, 0x00, 0x02, 0x00, 0x06, 0x73, 0x65, 0x6e,
  0x64, 0x65, 0x72, 0x00, 0x07, 0x63, 0x6f, 0x6e, 0x74, 0x65, 0x6e, 0x74,
  0x00, 0x0a, 0x00, 0x09, 0x6e, 0x61, 0x72, 0x72, 0x61, 0x74, 0x69, 0x6f,
  0x6e, 0x08, 0x00, 0x0f, 0x74, 0x72, 0x61, 0x6e, 0x73, 0x6c, 0x61, 0x74,
  0x69, 0x6f, 0x6e, 0x5f, 0x6b, 0x65, 0x79, 0x00, 0x16, 0x63, 0x68, 0x61,
  0x74, 0x2e, 0x74, 0x79, 0x70, 0x65, 0x2e, 0x74, 0x65, 0x78, 0x74, 0x2e,
  0x6e, 0x61, 0x72, 0x72, 0x61, 0x74, 0x65, 0x09, 0x00, 0x0a, 0x70, 0x61,
  0x72, 0x61, 0x6d, 0x65, 0x74, 0x65, 0x72, 0x73, 0x08, 0x00, 0x00, 0x00,
  0x02, 0x00, 0x06, 0x73, 0x65, 0x6e, 0x64, 0x65, 0x72, 0x00, 0x07, 0x63,
  0x6f, 0x6e, 0x74, 0x65, 0x6e, 0x74, 0x00, 0x00, 0x23, 0x6d, 0x69, 0x6e,
  0x65, 0x63, 0x72, 0x61, 0x66, 0x74, 0x3a, 0x74, 0x65, 0x61, 0x6d, 0x5f,
  0x6d, 0x73, 0x67, 0x5f, 0x63, 0x6f, 0x6d, 0x6d, 0x61, 0x6e, 0x64, 0x5f,
  0x69, 0x6e, 0x63, 0x6f, 0x6d, 0x69, 0x6e, 0x67, 0x01, 0x0a, 0x0a, 0x00,
  0x04, 0x63, 0x68, 0x61, 0x74, 0x08, 0x00, 0x0f, 0x74, 0x72, 0x61, 0x6e,
  0x73, 0x6c, 0x61, 0x74, 0x69, 0x6f, 0x6e, 0x5f, 0x6b, 0x65, 0x79, 0x00,
  0x13, 0x63, 0x68, 0x61, 0x74, 0x2e, 0x74, 0x79, 0x70, 0x65, 0x2e, 0x74,
  0x65, 0x61, 0x6d, 0x2e, 0x74, 0x65, 0x78, 0x74, 0x09, 0x00, 0x0a, 0x70,
  0x61, 0x72, 0x61, 0x6d, 0x65, 0x74, 0x65, 0x72, 0x73, 0x08, 0x00, 0x00,
  0x00, 0x03, 0x00, 0x06, 0x74, 0x61, 0x72, 0x67, 0x65, 0x74, 0x00, 0x06,
  0x73, 0x65, 0x6e, 0x64, 0x65, 0x72, 0x00, 0x07, 0x63, 0x6f, 0x6e, 0x74,
  0x65, 0x6e, 0x74, 0x00, 0x0a, 0x00, 0x09, 0x6e, 0x61, 0x72, 0x72, 0x61,
  0x74, 0x69, 0x6f, 0x6e, 0x08, 0x00, 0x0f, 0x74, 0x72, 0x61, 0x6e, 0x73,
  0x6c, 0x61, 0x74, 0x69, 0x6f, 0x6e, 0x5f, 0x6b, 0x65, 0x79, 0x00, 0x16,
  0x63, 0x68, 0x61, 0x74, 0x2e, 0x74, 0x79, 0x70, 0x65, 0x2e, 0x74, 0x65,
  0x78, 0x74, 0x2e, 0x6e, 0x61, 0x72, 0x72, 0x61, 0x74, 0x65, 0x09, 0x00,
  0x0a, 0x70, 0x61, 0x72, 0x61, 0x6d, 0x65, 0x74, 0x65, 0x72, 0x73, 0x08,
  0x00, 0x00, 0x00, 0x02, 0x00, 0x06, 0x73, 0x65, 0x6e, 0x64, 0x65, 0x72,
  0x00, 0x07, 0x63, 0x6f, 0x6e, 0x74, 0x65, 0x6e, 0x74, 0x00, 0x00, 0x23,
  0x6d, 0x69, 0x6e, 0x65, 0x63, 0x72, 0x61, 0x66, 0x74, 0x3a, 0x74, 0x65,
  0x61, 0x6d, 0x5f, 0x6d, 0x73, 0x67, 0x5f, 0x63, 0x6f, 0x6d, 0x6d, 0x61,
  0x6e, 0x64, 0x5f, 0x6f, 0x75, 0x74, 0x67, 0x6f, 0x69, 0x6e, 0x67, 0x01,
  0x0a, 0x0a, 0x00, 0x04, 0x63, 0x68, 0x61, 0x74, 0x08, 0x00, 0x0f, 0x74,
  0x72, 0x61, 0x6e, 0x73, 0x6c, 0x61, 0x74, 0x69, 0x6f, 0x6e, 0x5f, 0x6b,
  0x65, 0x79, 0x00, 0x13, 0x63, 0x68, 0x61, 0x74, 0x2e, 0x74, 0x79, 0x70,
  0x65, 0x2e, 0x74, 0x65, 0x61, 0x6d, 0x2e, 0x73, 0x65, 0x6e, 0x74, 0x09,
  0x00, 0x0a, 0x70, 0x61, 0x72, 0x61, 0x6d, 0x65, 0x74, 0x65, 0x72, 0x73,
  0x08, 0x00, 0x00, 0x00, 0x03, 0x00, 0x06, 0x74, 0x61, 0x72, 0x67, 0x65,
  0x74, 0x00, 0x06, 0x73, 0x65, 0x6e, 0x64, 0x65, 0x72, 0x00, 0x07, 0x63,
  0x6f, 0x6e, 0x74, 0x65, 0x6e, 0x74, 0x00, 0x0a, 0x00, 0x09, 0x6e, 0x61,
  0x72, 0x72, 0x61, 0x74, 0x69, 0x6f, 0x6e, 0x08, 0x00, 0x0f, 0x74, 0x72,
  0x61, 0x6e, 0x73, 0x6c, 0x61, 0x74, 0x69, 0x6f, 0x6e, 0x5f, 0x6b, 0x65,
  0x79, 0x00, 0x16, 0x63, 0x68, 0x61, 0x74, 0x2e, 0x74, 0x79, 0x70, 0x65,
  0x2e, 0x74, 0x65, 0x78, 0x74, 0x2e, 0x6e, 0x61, 0x72, 0x72, 0x61, 0x74,
  0x65, 0x09, 0x00, 0x0a, 0x70, 0x61, 0x72, 0x61, 0x6d, 0x65, 0x74, 0x65,
  0x72, 0x73, 0x08, 0x00, 0x00, 0x00, 0x02, 0x00, 0x06, 0x73, 0x65, 0x6e,
  0x64, 0x65, 0x72, 0x00, 0x07, 0x63, 0x6f, 0x6e, 0x74, 0x65, 0x6e, 0x74,
  0x00, 0x00,
};
Blob e773_chat_type() { return {k_e773_chat_type, sizeof(k_e773_chat_type)}; }

static const uint8_t k_e773_damage_type[] = {
  0x15, 0x6d, 0x69, 0x6e, 0x65, 0x63, 0x72, 0x61, 0x66, 0x74, 0x3a, 0x64,
  0x61, 0x6d, 0x61, 0x67, 0x65, 0x5f, 0x74, 0x79, 0x70, 0x65, 0x2f, 0x0f,
  0x6d, 0x69, 0x6e, 0x65, 0x63, 0x72, 0x61, 0x66, 0x74, 0x3a, 0x61, 0x72,
  0x72, 0x6f, 0x77, 0x01, 0x0a, 0x08, 0x00, 0x07, 0x73, 0x63, 0x61, 0x6c,
  0x69, 0x6e, 0x67, 0x00, 0x20, 0x77, 0x68, 0x65, 0x6e, 0x5f, 0x63, 0x61,
  0x75, 0x73, 0x65, 0x64, 0x5f, 0x62, 0x79, 0x5f, 0x6c, 0x69, 0x76, 0x69,
  0x6e, 0x67, 0x5f, 0x6e, 0x6f, 0x6e, 0x5f, 0x70, 0x6c, 0x61, 0x79, 0x65,
  0x72, 0x05, 0x00, 0x0a, 0x65, 0x78, 0x68, 0x61, 0x75, 0x73, 0x74, 0x69,
  0x6f, 0x6e, 0x3d, 0xcc, 0xcc, 0xcd, 0x08, 0x00, 0x0a, 0x6d, 0x65, 0x73,
  0x73, 0x61, 0x67, 0x65, 0x5f, 0x69, 0x64, 0x00, 0x05, 0x61, 0x72, 0x72,
  0x6f, 0x77, 0x00, 0x1b, 0x6d, 0x69, 0x6e, 0x65, 0x63, 0x72, 0x61, 0x66,
  0x74, 0x3a, 0x62, 0x61, 0x64, 0x5f, 0x72, 0x65, 0x73, 0x70, 0x61, 0x77,
  0x6e, 0x5f, 0x70, 0x6f, 0x69, 0x6e, 0x74, 0x01, 0x0a, 0x08, 0x00, 0x07,
  0x73, 0x63, 0x61, 0x6c, 0x69, 0x6e, 0x67, 0x00, 0x06, 0x61, 0x6c, 0x77,
  0x61, 0x79, 0x73, 0x05, 0x00, 0x0a, 0x65, 0x78, 0x68, 0x61, 0x75, 0x73,
  0x74, 0x69, 0x6f, 0x6e, 0x3d, 0xcc, 0xcc, 0xcd, 0x08, 0x00, 0x0a, 0x6d,
  0x65, 0x73, 0x73, 0x61, 0x67, 0x65, 0x5f, 0x69, 0x64, 0x00, 0x0f, 0x62,
  0x61, 0x64, 0x52, 0x65, 0x73, 0x70, 0x61, 0x77, 0x6e, 0x50, 0x6f, 0x69,
  0x6e, 0x74, 0x08, 0x00, 0x12, 0x64, 0x65, 0x61, 0x74, 0x68, 0x5f, 0x6d,
  0x65, 0x73, 0x73, 0x61, 0x67, 0x65, 0x5f, 0x74, 0x79, 0x70, 0x65, 0x00,
  0x17, 0x69, 0x6e, 0x74, 0x65, 0x6e, 0x74, 0x69, 0x6f, 0x6e, 0x61, 0x6c,
  0x5f, 0x67, 0x61, 0x6d, 0x65, 0x5f, 0x64, 0x65, 0x73, 0x69, 0x67, 0x6e,
  0x00, 0x10, 0x6d, 0x69, 0x6e, 0x65, 0x63, 0x72, 0x61, 0x66, 0x74, 0x3a,
  0x63, 0x61, 0x63, 0x74, 0x75, 0x73, 0x01, 0x0a, 0x08, 0x00, 0x07, 0x73,
  0x63, 0x61, 0x6c, 0x69, 0x6e, 0x67, 0x00, 0x20, 0x77, 0x68, 0x65, 0x6e,
  0x5f, 0x63, 0x61, 0x75, 0x73, 0x65, 0x64, 0x5f, 0x62, 0x79, 0x5f, 0x6c,
  0x69, 0x76, 0x69, 0x6e, 0x67, 0x5f, 0x6e, 0x6f, 0x6e, 0x5f, 0x70, 0x6c,
  0x61, 0x79, 0x65, 0x72, 0x05, 0x00, 0x0a, 0x65, 0x78, 0x68, 0x61, 0x75,
  0x73, 0x74, 0x69, 0x6f, 0x6e, 0x3d, 0xcc, 0xcc, 0xcd, 0x08, 0x00, 0x0a,
  0x6d, 0x65, 0x73, 0x73, 0x61, 0x67, 0x65, 0x5f, 0x69, 0x64, 0x00, 0x06,
  0x63, 0x61, 0x63, 0x74, 0x75, 0x73, 0x00, 0x12, 0x6d, 0x69, 0x6e, 0x65,
  0x63, 0x72, 0x61, 0x66, 0x74, 0x3a, 0x63, 0x61, 0x6d, 0x70, 0x66, 0x69,
  0x72, 0x65, 0x01, 0x0a, 0x08, 0x00, 0x07, 0x65, 0x66, 0x66, 0x65, 0x63,
  0x74, 0x73, 0x00, 0x07, 0x62, 0x75, 0x72, 0x6e, 0x69, 0x6e, 0x67, 0x08,
  0x00, 0x07, 0x73, 0x63, 0x61, 0x6c, 0x69, 0x6e, 0x67, 0x00, 0x20, 0x77,
  0x68, 0x65, 0x6e, 0x5f, 0x63, 0x61, 0x75, 0x73, 0x65, 0x64, 0x5f, 0x62,
  0x79, 0x5f, 0x6c, 0x69, 0x76, 0x69, 0x6e, 0x67, 0x5f, 0x6e, 0x6f, 0x6e,
  0x5f, 0x70, 0x6c, 0x61, 0x79, 0x65, 0x72, 0x05, 0x00, 0x0a, 0x65, 0x78,
  0x68, 0x61, 0x75, 0x73, 0x74, 0x69, 0x6f, 0x6e, 0x3d, 0xcc, 0xcc, 0xcd,
  0x08, 0x00, 0x0a, 0x6d, 0x65, 0x73, 0x73, 0x61, 0x67, 0x65, 0x5f, 0x69,
  0x64, 0x00, 0x06, 0x69, 0x6e, 0x46, 0x69, 0x72, 0x65, 0x00, 0x12, 0x6d,
  0x69, 0x6e, 0x65, 0x63, 0x72, 0x61, 0x66, 0x74, 0x3a, 0x63, 0x72, 0x61,
  0x6d, 0x6d, 0x69, 0x6e, 0x67, 0x01, 0x0a, 0x08, 0x00, 0x07, 0x73, 0x63,
  0x61, 0x6c, 0x69, 0x6e, 0x67, 0x00, 0x20, 0x77, 0x68, 0x65, 0x6e, 0x5f,
  0x63, 0x61, 0x75, 0x73, 0x65, 0x64, 0x5f, 0x62, 0x79, 0x5f, 0x6c, 0x69,
  0x76, 0x69, 0x6e, 0x67, 0x5f, 0x6e, 0x6f, 0x6e, 0x5f, 0x70, 0x6c, 0x61,
  0x79, 0x65, 0x72, 0x05, 0x00, 0x0a, 0x65, 0x78, 0x68, 0x61, 0x75, 0x73,
  0x74, 0x69, 0x6f, 0x6e, 0x00, 0x00, 0x00, 0x00, 0x08, 0x00, 0x0a, 0x6d,
  0x65, 0x73, 0x73, 0x61, 0x67, 0x65, 0x5f, 0x69, 0x64, 0x00, 0x08, 0x63,
  0x72, 0x61, 0x6d, 0x6d, 0x69, 0x6e, 0x67, 0x00, 0x17, 0x6d, 0x69, 0x6e,
  0x65, 0x63, 0x72, 0x61, 0x66, 0x74, 0x3a, 0x64, 0x72, 0x61, 0x67, 0x6f,
  0x6e, 0x5f, 0x62, 0x72, 0x65, 0x61, 0x74, 0x68, 0x01, 0x0a, 0x08, 0x00,
  0x07, 0x73, 0x63, 0x61, 0x6c, 0x69, 0x6e, 0x67, 0x00, 0x20, 0x77, 0x68,
  0x65, 0x6e, 0x5f, 0x63, 0x61, 0x75, 0x73, 0x65, 0x64, 0x5f, 0x62, 0x79,
  0x5f, 0x6c, 0x69, 0x76, 0x69, 0x6e, 0x67, 0x5f, 0x6e, 0x6f, 0x6e, 0x5f,
  0x70, 0x6c, 0x61, 0x79, 0x65, 0x72, 0x05, 0x00, 0x0a, 0x65, 0x78, 0x68,
  0x61, 0x75, 0x73, 0x74, 0x69, 0x6f, 0x6e, 0x00, 0x00, 0x00, 0x00, 0x08,
  0x00, 0x0a, 0x6d, 0x65, 0x73, 0x73, 0x61, 0x67, 0x65, 0x5f, 0x69, 0x64,
  0x00, 0x0c, 0x64, 0x72, 0x61, 0x67, 0x6f, 0x6e, 0x42, 0x72, 0x65, 0x61,
  0x74, 0x68, 0x00, 0x0f, 0x6d, 0x69, 0x6e, 0x65, 0x63, 0x72, 0x61, 0x66,
  0x74, 0x3a, 0x64, 0x72, 0x6f, 0x77, 0x6e, 0x01, 0x0a, 0x08, 0x00, 0x07,
  0x65, 0x66, 0x66, 0x65, 0x63, 0x74, 0x73, 0x00, 0x08, 0x64, 0x72, 0x6f,
  0x77, 0x6e, 0x69, 0x6e, 0x67, 0x08, 0x00, 0x07, 0x73, 0x63, 0x61, 0x6c,
  0x69, 0x6e, 0x67, 0x00, 0x20, 0x77, 0x68, 0x65, 0x6e, 0x5f, 0x63, 0x61,
  0x75, 0x73, 0x65, 0x64, 0x5f, 0x62, 0x79, 0x5f, 0x6c, 0x69, 0x76, 0x69,
  0x6e, 0x67, 0x5f, 0x6e, 0x6f, 0x6e, 0x5f, 0x70, 0x6c, 0x61, 0x79, 0x65,
  0x72, 0x05, 0x00, 0x0a, 0x65, 0x78, 0x68, 0x61, 0x75, 0x73, 0x74, 0x69,
  0x6f, 0x6e, 0x00, 0x00, 0x00, 0x00, 0x08, 0x00, 0x0a, 0x6d, 0x65, 0x73,
  0x73, 0x61, 0x67, 0x65, 0x5f, 0x69, 0x64, 0x00, 0x05, 0x64, 0x72, 0x6f,
  0x77, 0x6e, 0x00, 0x11, 0x6d, 0x69, 0x6e, 0x65, 0x63, 0x72, 0x61, 0x66,
  0x74, 0x3a, 0x64, 0x72, 0x79, 0x5f, 0x6f, 0x75, 0x74, 0x01, 0x0a, 0x08,
  0x00, 0x07, 0x73, 0x63, 0x61, 0x6c, 0x69, 0x6e, 0x67, 0x00, 0x20, 0x77,
  0x68, 0x65, 0x6e, 0x5f, 0x63, 0x61, 0x75, 0x73, 0x65, 0x64, 0x5f, 0x62,
  0x79, 0x5f, 0x6c, 0x69, 0x76, 0x69, 0x6e, 0x67, 0x5f, 0x6e, 0x6f, 0x6e,
  0x5f, 0x70, 0x6c, 0x61, 0x79, 0x65, 0x72, 0x05, 0x00, 0x0a, 0x65, 0x78,
  0x68, 0x61, 0x75, 0x73, 0x74, 0x69, 0x6f, 0x6e, 0x3d, 0xcc, 0xcc, 0xcd,
  0x08, 0x00, 0x0a, 0x6d, 0x65, 0x73, 0x73, 0x61, 0x67, 0x65, 0x5f, 0x69,
  0x64, 0x00, 0x06, 0x64, 0x72, 0x79, 0x6f, 0x75, 0x74, 0x00, 0x13, 0x6d,
  0x69, 0x6e, 0x65, 0x63, 0x72, 0x61, 0x66, 0x74, 0x3a, 0x65, 0x78, 0x70,
  0x6c, 0x6f, 0x73, 0x69, 0x6f, 0x6e, 0x01, 0x0a, 0x08, 0x00, 0x07, 0x73,
  0x63, 0x61, 0x6c, 0x69, 0x6e, 0x67, 0x00, 0x06, 0x61, 0x6c, 0x77, 0x61,
  0x79, 0x73, 0x05, 0x00, 0x0a, 0x65, 0x78, 0x68, 0x61, 0x75, 0x73, 0x74,
  0x69, 0x6f, 0x6e, 0x3d, 0xcc, 0xcc, 0xcd, 0x08, 0x00, 0x0a, 0x6d, 0x65,
  0x73, 0x73, 0x61, 0x67, 0x65, 0x5f, 0x69, 0x64, 0x00, 0x09, 0x65, 0x78,
  0x70, 0x6c, 0x6f, 0x73, 0x69, 0x6f, 0x6e, 0x00, 0x0e, 0x6d, 0x69, 0x6e,
  0x65, 0x63, 0x72, 0x61, 0x66, 0x74, 0x3a, 0x66, 0x61, 0x6c, 0x6c, 0x01,
  0x0a, 0x08, 0x00, 0x07, 0x73, 0x63, 0x61, 0x6c, 0x69, 0x6e, 0x67, 0x00,
  0x20, 0x77, 0x68, 0x65, 0x6e, 0x5f, 0x63, 0x61, 0x75, 0x73, 0x65, 0x64,
  0x5f, 0x62, 0x79, 0x5f, 0x6c, 0x69, 0x76, 0x69, 0x6e, 0x67, 0x5f, 0x6e,
  0x6f, 0x6e, 0x5f, 0x70, 0x6c, 0x61, 0x79, 0x65, 0x72, 0x05, 0x00, 0x0a,
  0x65, 0x78, 0x68, 0x61, 0x75, 0x73, 0x74, 0x69, 0x6f, 0x6e, 0x00, 0x00,
  0x00, 0x00, 0x08, 0x00, 0x0a, 0x6d, 0x65, 0x73, 0x73, 0x61, 0x67, 0x65,
  0x5f, 0x69, 0x64, 0x00, 0x04, 0x66, 0x61, 0x6c, 0x6c, 0x08, 0x00, 0x12,
  0x64, 0x65, 0x61, 0x74, 0x68, 0x5f, 0x6d, 0x65, 0x73, 0x73, 0x61, 0x67,
  0x65, 0x5f, 0x74, 0x79, 0x70, 0x65, 0x00, 0x0d, 0x66, 0x61, 0x6c, 0x6c,
  0x5f, 0x76, 0x61, 0x72, 0x69, 0x61, 0x6e, 0x74, 0x73, 0x00, 0x17, 0x6d,
  0x69, 0x6e, 0x65, 0x63, 0x72, 0x61, 0x66, 0x74, 0x3a, 0x66, 0x61, 0x6c,
  0x6c, 0x69, 0x6e, 0x67, 0x5f, 0x61, 0x6e, 0x76, 0x69, 0x6c, 0x01, 0x0a,
  0x08, 0x00, 0x07, 0x73, 0x63, 0x61, 0x6c, 0x69, 0x6e, 0x67, 0x00, 0x20,
  0x77, 0x68, 0x65, 0x6e, 0x5f, 0x63, 0x61, 0x75, 0x73, 0x65, 0x64, 0x5f,
  0x62, 0x79, 0x5f, 0x6c, 0x69, 0x76, 0x69, 0x6e, 0x67, 0x5f, 0x6e, 0x6f,
  0x6e, 0x5f, 0x70, 0x6c, 0x61, 0x79, 0x65, 0x72, 0x05, 0x00, 0x0a, 0x65,
  0x78, 0x68, 0x61, 0x75, 0x73, 0x74, 0x69, 0x6f, 0x6e, 0x3d, 0xcc, 0xcc,
  0xcd, 0x08, 0x00, 0x0a, 0x6d, 0x65, 0x73, 0x73, 0x61, 0x67, 0x65, 0x5f,
  0x69, 0x64, 0x00, 0x05, 0x61, 0x6e, 0x76, 0x69, 0x6c, 0x00, 0x17, 0x6d,
  0x69, 0x6e, 0x65, 0x63, 0x72, 0x61, 0x66, 0x74, 0x3a, 0x66, 0x61, 0x6c,
  0x6c, 0x69, 0x6e, 0x67, 0x5f, 0x62, 0x6c, 0x6f, 0x63, 0x6b, 0x01, 0x0a,
  0x08, 0x00, 0x07, 0x73, 0x63, 0x61, 0x6c, 0x69, 0x6e, 0x67, 0x00, 0x20,
  0x77, 0x68, 0x65, 0x6e, 0x5f, 0x63, 0x61, 0x75, 0x73, 0x65, 0x64, 0x5f,
  0x62, 0x79, 0x5f, 0x6c, 0x69, 0x76, 0x69, 0x6e, 0x67, 0x5f, 0x6e, 0x6f,
  0x6e, 0x5f, 0x70, 0x6c, 0x61, 0x79, 0x65, 0x72, 0x05, 0x00, 0x0a, 0x65,
  0x78, 0x68, 0x61, 0x75, 0x73, 0x74, 0x69, 0x6f, 0x6e, 0x3d, 0xcc, 0xcc,
  0xcd, 0x08, 0x00, 0x0a, 0x6d, 0x65, 0x73, 0x73, 0x61, 0x67, 0x65, 0x5f,
  0x69, 0x64, 0x00, 0x0c, 0x66, 0x61, 0x6c, 0x6c, 0x69, 0x6e, 0x67, 0x42,
  0x6c, 0x6f, 0x63, 0x6b, 0x00, 0x1c, 0x6d, 0x69, 0x6e, 0x65, 0x63, 0x72,
  0x61, 0x66, 0x74, 0x3a, 0x66, 0x61, 0x6c, 0x6c, 0x69, 0x6e, 0x67, 0x5f,
  0x73, 0x74, 0x61, 0x6c, 0x61, 0x63, 0x74, 0x69, 0x74, 0x65, 0x01, 0x0a,
  0x08, 0x00, 0x07, 0x73, 0x63, 0x61, 0x6c, 0x69, 0x6e, 0x67, 0x00, 0x20,
  0x77, 0x68, 0x65, 0x6e, 0x5f, 0x63, 0x61, 0x75, 0x73, 0x65, 0x64, 0x5f,
  0x62, 0x79, 0x5f, 0x6c, 0x69, 0x76, 0x69, 0x6e, 0x67, 0x5f, 0x6e, 0x6f,
  0x6e, 0x5f, 0x70, 0x6c, 0x61, 0x79, 0x65, 0x72, 0x05, 0x00, 0x0a, 0x65,
  0x78, 0x68, 0x61, 0x75, 0x73, 0x74, 0x69, 0x6f, 0x6e, 0x3d, 0xcc, 0xcc,
  0xcd, 0x08, 0x00, 0x0a, 0x6d, 0x65, 0x73, 0x73, 0x61, 0x67, 0x65, 0x5f,
  0x69, 0x64, 0x00, 0x11, 0x66, 0x61, 0x6c, 0x6c, 0x69, 0x6e, 0x67, 0x53,
  0x74, 0x61, 0x6c, 0x61, 0x63, 0x74, 0x69, 0x74, 0x65, 0x00, 0x12, 0x6d,
  0x69, 0x6e, 0x65, 0x63, 0x72, 0x61, 0x66, 0x74, 0x3a, 0x66, 0x69, 0x72,
  0x65, 0x62, 0x61, 0x6c, 0x6c, 0x01, 0x0a, 0x08, 0x00, 0x07, 0x65, 0x66,
  0x66, 0x65, 0x63, 0x74, 0x73, 0x00, 0x07, 0x62, 0x75, 0x72, 0x6e, 0x69,
  0x6e, 0x67, 0x08, 0x00, 0x07, 0x73, 0x63, 0x61, 0x6c, 0x69, 0x6e, 0x67,
  0x00, 0x20, 0x77, 0x68, 0x65, 0x6e, 0x5f, 0x63, 0x61, 0x75, 0x73, 0x65,
  0x64, 0x5f, 0x62, 0x79, 0x5f, 0x6c, 0x69, 0x76, 0x69, 0x6e, 0x67, 0x5f,
  0x6e, 0x6f, 0x6e, 0x5f, 0x70, 0x6c, 0x61, 0x79, 0x65, 0x72, 0x05, 0x00,
  0x0a, 0x65, 0x78, 0x68, 0x61, 0x75, 0x73, 0x74, 0x69, 0x6f, 0x6e, 0x3d,
  0xcc, 0xcc, 0xcd, 0x08, 0x00, 0x0a, 0x6d, 0x65, 0x73, 0x73, 0x61, 0x67,
  0x65, 0x5f, 0x69, 0x64, 0x00, 0x08, 0x66, 0x69, 0x72, 0x65, 0x62, 0x61,
  0x6c, 0x6c, 0x00, 0x13, 0x6d, 0x69, 0x6e, 0x65, 0x63, 0x72, 0x61, 0x66,
  0x74, 0x3a, 0x66, 0x69, 0x72, 0x65, 0x77, 0x6f, 0x72, 0x6b, 0x73, 0x01,
  0x0a, 0x08, 0x00, 0x07, 0x73, 0x63, 0x61, 0x6c, 0x69, 0x6e, 0x67, 0x00,
  0x20, 0x77, 0x68, 0x65, 0x6e, 0x5f, 0x63, 0x61, 0x75, 0x73, 0x65, 0x64,
  0x5f, 0x62, 0x79, 0x5f, 0x6c, 0x69, 0x76, 0x69, 0x6e, 0x67, 0x5f, 0x6e,
  0x6f, 0x6e, 0x5f, 0x70, 0x6c, 0x61, 0x79, 0x65, 0x72, 0x05, 0x00, 0x0a,
  0x65, 0x78, 0x68, 0x61, 0x75, 0x73, 0x74, 0x69, 0x6f, 0x6e, 0x3d, 0xcc,
  0xcc, 0xcd, 0x08, 0x00, 0x0a, 0x6d, 0x65, 0x73, 0x73, 0x61, 0x67, 0x65,
  0x5f, 0x69, 0x64, 0x00, 0x09, 0x66, 0x69, 0x72, 0x65, 0x77, 0x6f, 0x72,
  0x6b, 0x73, 0x00, 0x17, 0x6d, 0x69, 0x6e, 0x65, 0x63, 0x72, 0x61, 0x66,
  0x74, 0x3a, 0x66, 0x6c, 0x79, 0x5f, 0x69, 0x6e, 0x74, 0x6f, 0x5f, 0x77,
  0x61, 0x6c, 0x6c, 0x01, 0x0a, 0x08, 0x00, 0x07, 0x73, 0x63, 0x61, 0x6c,
  0x69, 0x6e, 0x67, 0x00, 0x20, 0x77, 0x68, 0x65, 0x6e, 0x5f, 0x63, 0x61,
  0x75, 0x73, 0x65, 0x64, 0x5f, 0x62, 0x79, 0x5f, 0x6c, 0x69, 0x76, 0x69,
  0x6e, 0x67, 0x5f, 0x6e, 0x6f, 0x6e, 0x5f, 0x70, 0x6c, 0x61, 0x79, 0x65,
  0x72, 0x05, 0x00, 0x0a, 0x65, 0x78, 0x68, 0x61, 0x75, 0x73, 0x74, 0x69,
  0x6f, 0x6e, 0x00, 0x00, 0x00, 0x00, 0x08, 0x00, 0x0a, 0x6d, 0x65, 0x73,
  0x73, 0x61, 0x67, 0x65, 0x5f, 0x69, 0x64, 0x00, 0x0b, 0x66, 0x6c, 0x79,
  0x49, 0x6e, 0x74, 0x6f, 0x57, 0x61, 0x6c, 0x6c, 0x00, 0x10, 0x6d, 0x69,
  0x6e, 0x65, 0x63, 0x72, 0x61, 0x66, 0x74, 0x3a, 0x66, 0x72, 0x65, 0x65,
  0x7a, 0x65, 0x01, 0x0a, 0x08, 0x00, 0x07, 0x65, 0x66, 0x66, 0x65, 0x63,
  0x74, 0x73, 0x00, 0x08, 0x66, 0x72, 0x65, 0x65, 0x7a, 0x69, 0x6e, 0x67,
  0x08, 0x00, 0x07, 0x73, 0x63, 0x61, 0x6c, 0x69, 0x6e, 0x67, 0x00, 0x20,
  0x77, 0x68, 0x65, 0x6e, 0x5f, 0x63, 0x61, 0x75, 0x73, 0x65, 0x64, 0x5f,
  0x62, 0x79, 0x5f, 0x6c, 0x69, 0x76, 0x69, 0x6e, 0x67, 0x5f, 0x6e, 0x6f,
  0x6e, 0x5f, 0x70, 0x6c, 0x61, 0x79, 0x65, 0x72, 0x05, 0x00, 0x0a, 0x65,
  0x78, 0x68, 0x61, 0x75, 0x73, 0x74, 0x69, 0x6f, 0x6e, 0x00, 0x00, 0x00,
  0x00, 0x08, 0x00, 0x0a, 0x6d, 0x65, 0x73, 0x73, 0x61, 0x67, 0x65, 0x5f,
  0x69, 0x64, 0x00, 0x06, 0x66, 0x72, 0x65, 0x65, 0x7a, 0x65, 0x00, 0x11,
  0x6d, 0x69, 0x6e, 0x65, 0x63, 0x72, 0x61, 0x66, 0x74, 0x3a, 0x67, 0x65,
  0x6e, 0x65, 0x72, 0x69, 0x63, 0x01, 0x0a, 0x08, 0x00, 0x07, 0x73, 0x63,
  0x61, 0x6c, 0x69, 0x6e, 0x67, 0x00, 0x20, 0x77, 0x68, 0x65, 0x6e, 0x5f,
  0x63, 0x61, 0x75, 0x73, 0x65, 0x64, 0x5f, 0x62, 0x79, 0x5f, 0x6c, 0x69,
  0x76, 0x69, 0x6e, 0x67, 0x5f, 0x6e, 0x6f, 0x6e, 0x5f, 0x70, 0x6c, 0x61,
  0x79, 0x65, 0x72, 0x05, 0x00, 0x0a, 0x65, 0x78, 0x68, 0x61, 0x75, 0x73,
  0x74, 0x69, 0x6f, 0x6e, 0x00, 0x00, 0x00, 0x00, 0x08, 0x00, 0x0a, 0x6d,
  0x65, 0x73, 0x73, 0x61, 0x67, 0x65, 0x5f, 0x69, 0x64, 0x00, 0x07, 0x67,
  0x65, 0x6e, 0x65, 0x72, 0x69, 0x63, 0x00, 0x16, 0x6d, 0x69, 0x6e, 0x65,
  0x63, 0x72, 0x61, 0x66, 0x74, 0x3a, 0x67, 0x65, 0x6e, 0x65, 0x72, 0x69,
  0x63, 0x5f, 0x6b, 0x69, 0x6c, 0x6c, 0x01, 0x0a, 0x08, 0x00, 0x07, 0x73,
  0x63, 0x61, 0x6c, 0x69, 0x6e, 0x67, 0x00, 0x20, 0x77, 0x68, 0x65, 0x6e,
  0x5f, 0x63, 0x61, 0x75, 0x73, 0x65, 0x64, 0x5f, 0x62, 0x79, 0x5f, 0x6c,
  0x69, 0x76, 0x69, 0x6e, 0x67, 0x5f, 0x6e, 0x6f, 0x6e, 0x5f, 0x70, 0x6c,
  0x61, 0x79, 0x65, 0x72, 0x05, 0x00, 0x0a, 0x65, 0x78, 0x68, 0x61, 0x75,
  0x73, 0x74, 0x69, 0x6f, 0x6e, 0x00, 0x00, 0x00, 0x00, 0x08, 0x00, 0x0a,
  0x6d, 0x65, 0x73, 0x73, 0x61, 0x67, 0x65, 0x5f, 0x69, 0x64, 0x00, 0x0b,
  0x67, 0x65, 0x6e, 0x65, 0x72, 0x69, 0x63, 0x4b, 0x69, 0x6c, 0x6c, 0x00,
  0x13, 0x6d, 0x69, 0x6e, 0x65, 0x63, 0x72, 0x61, 0x66, 0x74, 0x3a, 0x68,
  0x6f, 0x74, 0x5f, 0x66, 0x6c, 0x6f, 0x6f, 0x72, 0x01, 0x0a, 0x08, 0x00,
  0x07, 0x65, 0x66, 0x66, 0x65, 0x63, 0x74, 0x73, 0x00, 0x07, 0x62, 0x75,
  0x72, 0x6e, 0x69, 0x6e, 0x67, 0x08, 0x00, 0x07, 0x73, 0x63, 0x61, 0x6c,
  0x69, 0x6e, 0x67, 0x00, 0x20, 0x77, 0x68, 0x65, 0x6e, 0x5f, 0x63, 0x61,
  0x75, 0x73, 0x65, 0x64, 0x5f, 0x62, 0x79, 0x5f, 0x6c, 0x69, 0x76, 0x69,
  0x6e, 0x67, 0x5f, 0x6e, 0x6f, 0x6e, 0x5f, 0x70, 0x6c, 0x61, 0x79, 0x65,
  0x72, 0x05, 0x00, 0x0a, 0x65, 0x78, 0x68, 0x61, 0x75, 0x73, 0x74, 0x69,
  0x6f, 0x6e, 0x3d, 0xcc, 0xcc, 0xcd, 0x08, 0x00, 0x0a, 0x6d, 0x65, 0x73,
  0x73, 0x61, 0x67, 0x65, 0x5f, 0x69, 0x64, 0x00, 0x08, 0x68, 0x6f, 0x74,
  0x46, 0x6c, 0x6f, 0x6f, 0x72, 0x00, 0x11, 0x6d, 0x69, 0x6e, 0x65, 0x63,
  0x72, 0x61, 0x66, 0x74, 0x3a, 0x69, 0x6e, 0x5f, 0x66, 0x69, 0x72, 0x65,
  0x01, 0x0a, 0x08, 0x00, 0x07, 0x65, 0x66, 0x66, 0x65, 0x63, 0x74, 0x73,
  0x00, 0x07, 0x62, 0x75, 0x72, 0x6e, 0x69, 0x6e, 0x67, 0x08, 0x00, 0x07,
  0x73, 0x63, 0x61, 0x6c, 0x69, 0x6e, 0x67, 0x00, 0x20, 0x77, 0x68, 0x65,
  0x6e, 0x5f, 0x63, 0x61, 0x75, 0x73, 0x65, 0x64, 0x5f, 0x62, 0x79, 0x5f,
  0x6c, 0x69, 0x76, 0x69, 0x6e, 0x67, 0x5f, 0x6e, 0x6f, 0x6e, 0x5f, 0x70,
  0x6c, 0x61, 0x79, 0x65, 0x72, 0x05, 0x00, 0x0a, 0x65, 0x78, 0x68, 0x61,
  0x75, 0x73, 0x74, 0x69, 0x6f, 0x6e, 0x3d, 0xcc, 0xcc, 0xcd, 0x08, 0x00,
  0x0a, 0x6d, 0x65, 0x73, 0x73, 0x61, 0x67, 0x65, 0x5f, 0x69, 0x64, 0x00,
  0x06, 0x69, 0x6e, 0x46, 0x69, 0x72, 0x65, 0x00, 0x11, 0x6d, 0x69, 0x6e,
  0x65, 0x63, 0x72, 0x61, 0x66, 0x74, 0x3a, 0x69, 0x6e, 0x5f, 0x77, 0x61,
  0x6c, 0x6c, 0x01, 0x0a, 0x08, 0x00, 0x07, 0x73, 0x63, 0x61, 0x6c, 0x69,
  0x6e, 0x67, 0x00, 0x20, 0x77, 0x68, 0x65, 0x6e, 0x5f, 0x63, 0x61, 0x75,
  0x73, 0x65, 0x64, 0x5f, 0x62, 0x79, 0x5f, 0x6c, 0x69, 0x76, 0x69, 0x6e,
  0x67, 0x5f, 0x6e, 0x6f, 0x6e, 0x5f, 0x70, 0x6c, 0x61, 0x79, 0x65, 0x72,
  0x05, 0x00, 0x0a, 0x65, 0x78, 0x68, 0x61, 0x75, 0x73, 0x74, 0x69, 0x6f,
  0x6e, 0x00, 0x00, 0x00, 0x00, 0x08, 0x00, 0x0a, 0x6d, 0x65, 0x73, 0x73,
  0x61, 0x67, 0x65, 0x5f, 0x69, 0x64, 0x00, 0x06, 0x69, 0x6e, 0x57, 0x61,
  0x6c, 0x6c, 0x00, 0x18, 0x6d, 0x69, 0x6e, 0x65, 0x63, 0x72, 0x61, 0x66,
  0x74, 0x3a, 0x69, 0x6e, 0x64, 0x69, 0x72, 0x65, 0x63, 0x74, 0x5f, 0x6d,
  0x61, 0x67, 0x69, 0x63, 0x01, 0x0a, 0x08, 0x00, 0x07, 0x73, 0x63, 0x61,
  0x6c, 0x69, 0x6e, 0x67, 0x00, 0x20, 0x77, 0x68, 0x65, 0x6e, 0x5f, 0x63,
  0x61, 0x75, 0x73, 0x65, 0x64, 0x5f, 0x62, 0x79, 0x5f, 0x6c, 0x69, 0x76,
  0x69, 0x6e, 0x67, 0x5f, 0x6e, 0x6f, 0x6e, 0x5f, 0x70, 0x6c, 0x61, 0x79,
  0x65, 0x72, 0x05, 0x00, 0x0a, 0x65, 0x78, 0x68, 0x61, 0x75, 0x73, 0x74,
  0x69, 0x6f, 0x6e, 0x00, 0x00, 0x00, 0x00, 0x08, 0x00, 0x0a, 0x6d, 0x65,
  0x73, 0x73, 0x61, 0x67, 0x65, 0x5f, 0x69, 0x64, 0x00, 0x0d, 0x69, 0x6e,
  0x64, 0x69, 0x72, 0x65, 0x63, 0x74, 0x4d, 0x61, 0x67, 0x69, 0x63, 0x00,
  0x0e, 0x6d, 0x69, 0x6e, 0x65, 0x63, 0x72, 0x61, 0x66, 0x74, 0x3a, 0x6c,
  0x61, 0x76, 0x61, 0x01, 0x0a, 0x08, 0x00, 0x07, 0x65, 0x66, 0x66, 0x65,
  0x63, 0x74, 0x73, 0x00, 0x07, 0x62, 0x75, 0x72, 0x6e, 0x69, 0x6e, 0x67,
  0x08, 0x00, 0x07, 0x73, 0x63, 0x61, 0x6c, 0x69, 0x6e, 0x67, 0x00, 0x20,
  0x77, 0x68, 0x65, 0x6e, 0x5f, 0x63, 0x61, 0x75, 0x73, 0x65, 0x64, 0x5f,
  0x62, 0x79, 0x5f, 0x6c, 0x69, 0x76, 0x69, 0x6e, 0x67, 0x5f, 0x6e, 0x6f,
  0x6e, 0x5f, 0x70, 0x6c, 0x61, 0x79, 0x65, 0x72, 0x05, 0x00, 0x0a, 0x65,
  0x78, 0x68, 0x61, 0x75, 0x73, 0x74, 0x69, 0x6f, 0x6e, 0x3d, 0xcc, 0xcc,
  0xcd, 0x08, 0x00, 0x0a, 0x6d, 0x65, 0x73, 0x73, 0x61, 0x67, 0x65, 0x5f,
  0x69, 0x64, 0x00, 0x04, 0x6c, 0x61, 0x76, 0x61, 0x00, 0x18, 0x6d, 0x69,
  0x6e, 0x65, 0x63, 0x72, 0x61, 0x66, 0x74, 0x3a, 0x6c, 0x69, 0x67, 0x68,
  0x74, 0x6e, 0x69, 0x6e, 0x67, 0x5f, 0x62, 0x6f, 0x6c, 0x74, 0x01, 0x0a,
  0x08, 0x00, 0x07, 0x73, 0x63, 0x61, 0x6c, 0x69, 0x6e, 0x67, 0x00, 0x20,
  0x77, 0x68, 0x65, 0x6e, 0x5f, 0x63, 0x61, 0x75, 0x73, 0x65, 0x64, 0x5f,
  0x62, 0x79, 0x5f, 0x6c, 0x69, 0x76, 0x69, 0x6e, 0x67, 0x5f, 0x6e, 0x6f,
  0x6e, 0x5f, 0x70, 0x6c, 0x61, 0x79, 0x65, 0x72, 0x05, 0x00, 0x0a, 0x65,
  0x78, 0x68, 0x61, 0x75, 0x73, 0x74, 0x69, 0x6f, 0x6e, 0x3d, 0xcc, 0xcc,
  0xcd, 0x08, 0x00, 0x0a, 0x6d, 0x65, 0x73, 0x73, 0x61, 0x67, 0x65, 0x5f,
  0x69, 0x64, 0x00, 0x0d, 0x6c, 0x69, 0x67, 0x68, 0x74, 0x6e, 0x69, 0x6e,
  0x67, 0x42, 0x6f, 0x6c, 0x74, 0x00, 0x0f, 0x6d, 0x69, 0x6e, 0x65, 0x63,
  0x72, 0x61, 0x66, 0x74, 0x3a, 0x6d, 0x61, 0x67, 0x69, 0x63, 0x01, 0x0a,
  0x08, 0x00, 0x07, 0x73, 0x63, 0x61, 0x6c, 0x69, 0x6e, 0x67, 0x00, 0x20,
  0x77, 0x68, 0x65, 0x6e, 0x5f, 0x63, 0x61, 0x75, 0x73, 0x65, 0x64, 0x5f,
  0x62, 0x79, 0x5f, 0x6c, 0x69, 0x76, 0x69, 0x6e, 0x67, 0x5f, 0x6e, 0x6f,
  0x6e, 0x5f, 0x70, 0x6c, 0x61, 0x79, 0x65, 0x72, 0x05, 0x00, 0x0a, 0x65,
  0x78, 0x68, 0x61, 0x75, 0x73, 0x74, 0x69, 0x6f, 0x6e, 0x00, 0x00, 0x00,
  0x00, 0x08, 0x00, 0x0a, 0x6d, 0x65, 0x73, 0x73, 0x61, 0x67, 0x65, 0x5f,
  0x69, 0x64, 0x00, 0x05, 0x6d, 0x61, 0x67, 0x69, 0x63, 0x00, 0x14, 0x6d,
  0x69, 0x6e, 0x65, 0x63, 0x72, 0x61, 0x66, 0x74, 0x3a, 0x6d, 0x6f, 0x62,
  0x5f, 0x61, 0x74, 0x74, 0x61, 0x63, 0x6b, 0x01, 0x0a, 0x08, 0x00, 0x07,
  0x73, 0x63, 0x61, 0x6c, 0x69, 0x6e, 0x67, 0x00, 0x20, 0x77, 0x68, 0x65,
  0x6e, 0x5f, 0x63, 0x61, 0x75, 0x73, 0x65, 0x64, 0x5f, 0x62, 0x79, 0x5f,
  0x6c, 0x69, 0x76, 0x69, 0x6e, 0x67, 0x5f, 0x6e, 0x6f, 0x6e, 0x5f, 0x70,
  0x6c, 0x61, 0x79, 0x65, 0x72, 0x05, 0x00, 0x0a, 0x65, 0x78, 0x68, 0x61,
  0x75, 0x73, 0x74, 0x69, 0x6f, 0x6e, 0x3d, 0xcc, 0xcc, 0xcd, 0x08, 0x00,
  0x0a, 0x6d, 0x65, 0x73, 0x73, 0x61, 0x67, 0x65, 0x5f, 0x69, 0x64, 0x00,
  0x03, 0x6d, 0x6f, 0x62, 0x00, 0x1d, 0x6d, 0x69, 0x6e, 0x65, 0x63, 0x72,
  0x61, 0x66, 0x74, 0x3a, 0x6d, 0x6f, 0x62, 0x5f, 0x61, 0x74, 0x74, 0x61,
  0x63, 0x6b, 0x5f, 0x6e, 0x6f, 0x5f, 0x61, 0x67, 0x67, 0x72, 0x6f, 0x01,
  0x0a, 0x08, 0x00, 0x07, 0x73, 0x63, 0x61, 0x6c, 0x69, 0x6e, 0x67, 0x00,
  0x20, 0x77, 0x68, 0x65, 0x6e, 0x5f, 0x63, 0x61, 0x75, 0x73, 0x65, 0x64,
  0x5f, 0x62, 0x79, 0x5f, 0x6c, 0x69, 0x76, 0x69, 0x6e, 0x67, 0x5f, 0x6e,
  0x6f, 0x6e, 0x5f, 0x70, 0x6c, 0x61, 0x79, 0x65, 0x72, 0x05, 0x00, 0x0a,
  0x65, 0x78, 0x68, 0x61, 0x75, 0x73, 0x74, 0x69, 0x6f, 0x6e, 0x3d, 0xcc,
  0xcc, 0xcd, 0x08, 0x00, 0x0a, 0x6d, 0x65, 0x73, 0x73, 0x61, 0x67, 0x65,
  0x5f, 0x69, 0x64, 0x00, 0x03, 0x6d, 0x6f, 0x62, 0x00, 0x18, 0x6d, 0x69,
  0x6e, 0x65, 0x63, 0x72, 0x61, 0x66, 0x74, 0x3a, 0x6d, 0x6f, 0x62, 0x5f,
  0x70, 0x72, 0x6f, 0x6a, 0x65, 0x63, 0x74, 0x69, 0x6c, 0x65, 0x01, 0x0a,
  0x08, 0x00, 0x07, 0x73, 0x63, 0x61, 0x6c, 0x69, 0x6e, 0x67, 0x00, 0x20,
  0x77, 0x68, 0x65, 0x6e, 0x5f, 0x63, 0x61, 0x75, 0x73, 0x65, 0x64, 0x5f,
  0x62, 0x79, 0x5f, 0x6c, 0x69, 0x76, 0x69, 0x6e, 0x67, 0x5f, 0x6e, 0x6f,
  0x6e, 0x5f, 0x70, 0x6c, 0x61, 0x79, 0x65, 0x72, 0x05, 0x00, 0x0a, 0x65,
  0x78, 0x68, 0x61, 0x75, 0x73, 0x74, 0x69, 0x6f, 0x6e, 0x3d, 0xcc, 0xcc,
  0xcd, 0x08, 0x00, 0x0a, 0x6d, 0x65, 0x73, 0x73, 0x61, 0x67, 0x65, 0x5f,
  0x69, 0x64, 0x00, 0x03, 0x6d, 0x6f, 0x62, 0x00, 0x11, 0x6d, 0x69, 0x6e,
  0x65, 0x63, 0x72, 0x61, 0x66, 0x74, 0x3a, 0x6f, 0x6e, 0x5f, 0x66, 0x69,
  0x72, 0x65, 0x01, 0x0a, 0x08, 0x00, 0x07, 0x65, 0x66, 0x66, 0x65, 0x63,
  0x74, 0x73, 0x00, 0x07, 0x62, 0x75, 0x72, 0x6e, 0x69, 0x6e, 0x67, 0x08,
  0x00, 0x07, 0x73, 0x63, 0x61, 0x6c, 0x69, 0x6e, 0x67, 0x00, 0x20, 0x77,
  0x68, 0x65, 0x6e, 0x5f, 0x63, 0x61, 0x75, 0x73, 0x65, 0x64, 0x5f, 0x62,
  0x79, 0x5f, 0x6c, 0x69, 0x76, 0x69, 0x6e, 0x67, 0x5f, 0x6e, 0x6f, 0x6e,
  0x5f, 0x70, 0x6c, 0x61, 0x79, 0x65, 0x72, 0x05, 0x00, 0x0a, 0x65, 0x78,
  0x68, 0x61, 0x75, 0x73, 0x74, 0x69, 0x6f, 0x6e, 0x00, 0x00, 0x00, 0x00,
  0x08, 0x00, 0x0a, 0x6d, 0x65, 0x73, 0x73, 0x61, 0x67, 0x65, 0x5f, 0x69,
  0x64, 0x00, 0x06, 0x6f, 0x6e, 0x46, 0x69, 0x72, 0x65, 0x00, 0x16, 0x6d,
  0x69, 0x6e, 0x65, 0x63, 0x72, 0x61, 0x66, 0x74, 0x3a, 0x6f, 0x75, 0x74,
  0x5f, 0x6f, 0x66, 0x5f, 0x77, 0x6f, 0x72, 0x6c, 0x64, 0x01, 0x0a, 0x08,
  0x00, 0x07, 0x73, 0x63, 0x61, 0x6c, 0x69, 0x6e, 0x67, 0x00, 0x20, 0x77,
  0x68, 0x65, 0x6e, 0x5f, 0x63, 0x61, 0x75, 0x73, 0x65, 0x64, 0x5f, 0x62,
  0x79, 0x5f, 0x6c, 0x69, 0x76, 0x69, 0x6e, 0x67, 0x5f, 0x6e, 0x6f, 0x6e,
  0x5f, 0x70, 0x6c, 0x61, 0x79, 0x65, 0x72, 0x05, 0x00, 0x0a, 0x65, 0x78,
  0x68, 0x61, 0x75, 0x73, 0x74, 0x69, 0x6f, 0x6e, 0x00, 0x00, 0x00, 0x00,
  0x08, 0x00, 0x0a, 0x6d, 0x65, 0x73, 0x73, 0x61, 0x67, 0x65, 0x5f, 0x69,
  0x64, 0x00, 0x0a, 0x6f, 0x75, 0x74, 0x4f, 0x66, 0x57, 0x6f, 0x72, 0x6c,
  0x64, 0x00, 0x18, 0x6d, 0x69, 0x6e, 0x65, 0x63, 0x72, 0x61, 0x66, 0x74,
  0x3a, 0x6f, 0x75, 0x74, 0x73, 0x69, 0x64, 0x65, 0x5f, 0x62, 0x6f, 0x72,
  0x64, 0x65, 0x72, 0x01, 0x0a, 0x08, 0x00, 0x07, 0x73, 0x63, 0x61, 0x6c,
  0x69, 0x6e, 0x67, 0x00, 0x20, 0x77, 0x68, 0x65, 0x6e, 0x5f, 0x63, 0x61,
  0x75, 0x73, 0x65, 0x64, 0x5f, 0x62, 0x79, 0x5f, 0x6c, 0x69, 0x76, 0x69,
  0x6e, 0x67, 0x5f, 0x6e, 0x6f, 0x6e, 0x5f, 0x70, 0x6c, 0x61, 0x79, 0x65,
  0x72, 0x05, 0x00, 0x0a, 0x65, 0x78, 0x68, 0x61, 0x75, 0x73, 0x74, 0x69,
  0x6f, 0x6e, 0x00, 0x00, 0x00, 0x00, 0x08, 0x00, 0x0a, 0x6d, 0x65, 0x73,
  0x73, 0x61, 0x67, 0x65, 0x5f, 0x69, 0x64, 0x00, 0x0d, 0x6f, 0x75, 0x74,
  0x73, 0x69, 0x64, 0x65, 0x42, 0x6f, 0x72, 0x64, 0x65, 0x72, 0x00, 0x17,
  0x6d, 0x69, 0x6e, 0x65, 0x63, 0x72, 0x61, 0x66, 0x74, 0x3a, 0x70, 0x6c,
  0x61, 0x79, 0x65, 0x72, 0x5f, 0x61, 0x74, 0x74, 0x61, 0x63, 0x6b, 0x01,
  0x0a, 0x08, 0x00, 0x07, 0x73, 0x63, 0x61, 0x6c, 0x69, 0x6e, 0x67, 0x00,
  0x20, 0x77, 0x68, 0x65, 0x6e, 0x5f, 0x63, 0x61, 0x75, 0x73, 0x65, 0x64,
  0x5f, 0x62, 0x79, 0x5f, 0x6c, 0x69, 0x76, 0x69, 0x6e, 0x67, 0x5f, 0x6e,
  0x6f, 0x6e, 0x5f, 0x70, 0x6c, 0x61, 0x79, 0x65, 0x72, 0x05, 0x00, 0x0a,
  0x65, 0x78, 0x68, 0x61, 0x75, 0x73, 0x74, 0x69, 0x6f, 0x6e, 0x3d, 0xcc,
  0xcc, 0xcd, 0x08, 0x00, 0x0a, 0x6d, 0x65, 0x73, 0x73, 0x61, 0x67, 0x65,
  0x5f, 0x69, 0x64, 0x00, 0x06, 0x70, 0x6c, 0x61, 0x79, 0x65, 0x72, 0x00,
  0x1a, 0x6d, 0x69, 0x6e, 0x65, 0x63, 0x72, 0x61, 0x66, 0x74, 0x3a, 0x70,
  0x6c, 0x61, 0x79, 0x65, 0x72, 0x5f, 0x65, 0x78, 0x70, 0x6c, 0x6f, 0x73,
  0x69, 0x6f, 0x6e, 0x01, 0x0a, 0x08, 0x00, 0x07, 0x73, 0x63, 0x61, 0x6c,
  0x69, 0x6e, 0x67, 0x00, 0x06, 0x61, 0x6c, 0x77, 0x61, 0x79, 0x73, 0x05,
  0x00, 0x0a, 0x65, 0x78, 0x68, 0x61, 0x75, 0x73, 0x74, 0x69, 0x6f, 0x6e,
  0x3d, 0xcc, 0xcc, 0xcd, 0x08, 0x00, 0x0a, 0x6d, 0x65, 0x73, 0x73, 0x61,
  0x67, 0x65, 0x5f, 0x69, 0x64, 0x00, 0x10, 0x65, 0x78, 0x70, 0x6c, 0x6f,
  0x73, 0x69, 0x6f, 0x6e, 0x2e, 0x70, 0x6c, 0x61, 0x79, 0x65, 0x72, 0x00,
  0x14, 0x6d, 0x69, 0x6e, 0x65, 0x63, 0x72, 0x61, 0x66, 0x74, 0x3a, 0x73,
  0x6f, 0x6e, 0x69, 0x63, 0x5f, 0x62, 0x6f, 0x6f, 0x6d, 0x01, 0x0a, 0x08,
  0x00, 0x07, 0x73, 0x63, 0x61, 0x6c, 0x69, 0x6e, 0x67, 0x00, 0x06, 0x61,
  0x6c, 0x77, 0x61, 0x79, 0x73, 0x05, 0x00, 0x0a, 0x65, 0x78, 0x68, 0x61,
  0x75, 0x73, 0x74, 0x69, 0x6f, 0x6e, 0x00, 0x00, 0x00, 0x00, 0x08, 0x00,
  0x0a, 0x6d, 0x65, 0x73, 0x73, 0x61, 0x67, 0x65, 0x5f, 0x69, 0x64, 0x00,
  0x0a, 0x73, 0x6f, 0x6e, 0x69, 0x63, 0x5f, 0x62, 0x6f, 0x6f, 0x6d, 0x00,
  0x0e, 0x6d, 0x69, 0x6e, 0x65, 0x63, 0x72, 0x61, 0x66, 0x74, 0x3a, 0x73,
  0x70, 0x69, 0x74, 0x01, 0x0a, 0x08, 0x00, 0x07, 0x73, 0x63, 0x61, 0x6c,
  0x69, 0x6e, 0x67, 0x00, 0x20, 0x77, 0x68, 0x65, 0x6e, 0x5f, 0x63, 0x61,
  0x75, 0x73, 0x65, 0x64, 0x5f, 0x62, 0x79, 0x5f, 0x6c, 0x69, 0x76, 0x69,
  0x6e, 0x67, 0x5f, 0x6e, 0x6f, 0x6e, 0x5f, 0x70, 0x6c, 0x61, 0x79, 0x65,
  0x72, 0x05, 0x00, 0x0a, 0x65, 0x78, 0x68, 0x61, 0x75, 0x73, 0x74, 0x69,
  0x6f, 0x6e, 0x3d, 0xcc, 0xcc, 0xcd, 0x08, 0x00, 0x0a, 0x6d, 0x65, 0x73,
  0x73, 0x61, 0x67, 0x65, 0x5f, 0x69, 0x64, 0x00, 0x03, 0x6d, 0x6f, 0x62,
  0x00, 0x14, 0x6d, 0x69, 0x6e, 0x65, 0x63, 0x72, 0x61, 0x66, 0x74, 0x3a,
  0x73, 0x74, 0x61, 0x6c, 0x61, 0x67, 0x6d, 0x69, 0x74, 0x65, 0x01, 0x0a,
  0x08, 0x00, 0x07, 0x73, 0x63, 0x61, 0x6c, 0x69, 0x6e, 0x67, 0x00, 0x20,
  0x77, 0x68, 0x65, 0x6e, 0x5f, 0x63, 0x61, 0x75, 0x73, 0x65, 0x64, 0x5f,
  0x62, 0x79, 0x5f, 0x6c, 0x69, 0x76, 0x69, 0x6e, 0x67, 0x5f, 0x6e, 0x6f,
  0x6e, 0x5f, 0x70, 0x6c, 0x61, 0x79, 0x65, 0x72, 0x05, 0x00, 0x0a, 0x65,
  0x78, 0x68, 0x61, 0x75, 0x73, 0x74, 0x69, 0x6f, 0x6e, 0x00, 0x00, 0x00,
  0x00, 0x08, 0x00, 0x0a, 0x6d, 0x65, 0x73, 0x73, 0x61, 0x67, 0x65, 0x5f,
  0x69, 0x64, 0x00, 0x0a, 0x73, 0x74, 0x61, 0x6c, 0x61, 0x67, 0x6d, 0x69,
  0x74, 0x65, 0x00, 0x10, 0x6d, 0x69, 0x6e, 0x65, 0x63, 0x72, 0x61, 0x66,
  0x74, 0x3a, 0x73, 0x74, 0x61, 0x72, 0x76, 0x65, 0x01, 0x0a, 0x08, 0x00,
  0x07, 0x73, 0x63, 0x61, 0x6c, 0x69, 0x6e, 0x67, 0x00, 0x20, 0x77, 0x68,
  0x65, 0x6e, 0x5f, 0x63, 0x61, 0x75, 0x73, 0x65, 0x64, 0x5f, 0x62, 0x79,
  0x5f, 0x6c, 0x69, 0x76, 0x69, 0x6e, 0x67, 0x5f, 0x6e, 0x6f, 0x6e, 0x5f,
  0x70, 0x6c, 0x61, 0x79, 0x65, 0x72, 0x05, 0x00, 0x0a, 0x65, 0x78, 0x68,
  0x61, 0x75, 0x73, 0x74, 0x69, 0x6f, 0x6e, 0x00, 0x00, 0x00, 0x00, 0x08,
  0x00, 0x0a, 0x6d, 0x65, 0x73, 0x73, 0x61, 0x67, 0x65, 0x5f, 0x69, 0x64,
  0x00, 0x06, 0x73, 0x74, 0x61, 0x72, 0x76, 0x65, 0x00, 0x0f, 0x6d, 0x69,
  0x6e, 0x65, 0x63, 0x72, 0x61, 0x66, 0x74, 0x3a, 0x73, 0x74, 0x69, 0x6e,
  0x67, 0x01, 0x0a, 0x08, 0x00, 0x07, 0x73, 0x63, 0x61, 0x6c, 0x69, 0x6e,
  0x67, 0x00, 0x20, 0x77, 0x68, 0x65, 0x6e, 0x5f, 0x63, 0x61, 0x75, 0x73,
  0x65, 0x64, 0x5f, 0x62, 0x79, 0x5f, 0x6c, 0x69, 0x76, 0x69, 0x6e, 0x67,
  0x5f, 0x6e, 0x6f, 0x6e, 0x5f, 0x70, 0x6c, 0x61, 0x79, 0x65, 0x72, 0x05,
  0x00, 0x0a, 0x65, 0x78, 0x68, 0x61, 0x75, 0x73, 0x74, 0x69, 0x6f, 0x6e,
  0x3d, 0xcc, 0xcc, 0xcd, 0x08, 0x00, 0x0a, 0x6d, 0x65, 0x73, 0x73, 0x61,
  0x67, 0x65, 0x5f, 0x69, 0x64, 0x00, 0x05, 0x73, 0x74, 0x69, 0x6e, 0x67,
  0x00, 0x1a, 0x6d, 0x69, 0x6e, 0x65, 0x63, 0x72, 0x61, 0x66, 0x74, 0x3a,
  0x73, 0x77, 0x65, 0x65, 0x74, 0x5f, 0x62, 0x65, 0x72, 0x72, 0x79, 0x5f,
  0x62, 0x75, 0x73, 0x68, 0x01, 0x0a, 0x08, 0x00, 0x07, 0x65, 0x66, 0x66,
  0x65, 0x63, 0x74, 0x73, 0x00, 0x06, 0x70, 0x6f, 0x6b, 0x69, 0x6e, 0x67,
  0x08, 0x00, 0x07, 0x73, 0x63, 0x61, 0x6c, 0x69, 0x6e, 0x67, 0x00, 0x20,
  0x77, 0x68, 0x65, 0x6e, 0x5f, 0x63, 0x61, 0x75, 0x73, 0x65, 0x64, 0x5f,
  0x62, 0x79, 0x5f, 0x6c, 0x69, 0x76, 0x69, 0x6e, 0x67, 0x5f, 0x6e, 0x6f,
  0x6e, 0x5f, 0x70, 0x6c, 0x61, 0x79, 0x65, 0x72, 0x05, 0x00, 0x0a, 0x65,
  0x78, 0x68, 0x61, 0x75, 0x73, 0x74, 0x69, 0x6f, 0x6e, 0x3d, 0xcc, 0xcc,
  0xcd, 0x08, 0x00, 0x0a, 0x6d, 0x65, 0x73, 0x73, 0x61, 0x67, 0x65, 0x5f,
  0x69, 0x64, 0x00, 0x0e, 0x73, 0x77, 0x65, 0x65, 0x74, 0x42, 0x65, 0x72,
  0x72, 0x79, 0x42, 0x75, 0x73, 0x68, 0x00, 0x10, 0x6d, 0x69, 0x6e, 0x65,
  0x63, 0x72, 0x61, 0x66, 0x74, 0x3a, 0x74, 0x68, 0x6f, 0x72, 0x6e, 0x73,
  0x01, 0x0a, 0x08, 0x00, 0x07, 0x65, 0x66, 0x66, 0x65, 0x63, 0x74, 0x73,
  0x00, 0x06, 0x74, 0x68, 0x6f, 0x72, 0x6e, 0x73, 0x08, 0x00, 0x07, 0x73,
  0x63, 0x61, 0x6c, 0x69, 0x6e, 0x67, 0x00, 0x20, 0x77, 0x68, 0x65, 0x6e,
  0x5f, 0x63, 0x61, 0x75, 0x73, 0x65, 0x64, 0x5f, 0x62, 0x79, 0x5f, 0x6c,
  0x69, 0x76, 0x69, 0x6e, 0x67, 0x5f, 0x6e, 0x6f, 0x6e, 0x5f, 0x70, 0x6c,
  0x61, 0x79, 0x65, 0x72, 0x05, 0x00, 0x0a, 0x65, 0x78, 0x68, 0x61, 0x75,
  0x73, 0x74, 0x69, 0x6f, 0x6e, 0x3d, 0xcc, 0xcc, 0xcd, 0x08, 0x00, 0x0a,
  0x6d, 0x65, 0x73, 0x73, 0x61, 0x67, 0x65, 0x5f, 0x69, 0x64, 0x00, 0x06,
  0x74, 0x68, 0x6f, 0x72, 0x6e, 0x73, 0x00, 0x10, 0x6d, 0x69, 0x6e, 0x65,
  0x63, 0x72, 0x61, 0x66, 0x74, 0x3a, 0x74, 0x68, 0x72, 0x6f, 0x77, 0x6e,
  0x01, 0x0a, 0x08, 0x00, 0x07, 0x73, 0x63, 0x61, 0x6c, 0x69, 0x6e, 0x67,
  0x00, 0x20, 0x77, 0x68, 0x65, 0x6e, 0x5f, 0x63, 0x61, 0x75, 0x73, 0x65,
  0x64, 0x5f, 0x62, 0x79, 0x5f, 0x6c, 0x69, 0x76, 0x69, 0x6e, 0x67, 0x5f,
  0x6e, 0x6f, 0x6e, 0x5f, 0x70, 0x6c, 0x61, 0x79, 0x65, 0x72, 0x05, 0x00,
  0x0a, 0x65, 0x78, 0x68, 0x61, 0x75, 0x73, 0x74, 0x69, 0x6f, 0x6e, 0x3d,
  0xcc, 0xcc, 0xcd, 0x08, 0x00, 0x0a, 0x6d, 0x65, 0x73, 0x73, 0x61, 0x67,
  0x65, 0x5f, 0x69, 0x64, 0x00, 0x06, 0x74, 0x68, 0x72, 0x6f, 0x77, 0x6e,
  0x00, 0x11, 0x6d, 0x69, 0x6e, 0x65, 0x63, 0x72, 0x61, 0x66, 0x74, 0x3a,
  0x74, 0x72, 0x69, 0x64, 0x65, 0x6e, 0x74, 0x01, 0x0a, 0x08, 0x00, 0x07,
  0x73, 0x63, 0x61, 0x6c, 0x69, 0x6e, 0x67, 0x00, 0x20, 0x77, 0x68, 0x65,
  0x6e, 0x5f, 0x63, 0x61, 0x75, 0x73, 0x65, 0x64, 0x5f, 0x62, 0x79, 0x5f,
  0x6c, 0x69, 0x76, 0x69, 0x6e, 0x67, 0x5f, 0x6e, 0x6f, 0x6e, 0x5f, 0x70,
  0x6c, 0x61, 0x79, 0x65, 0x72, 0x05, 0x00, 0x0a, 0x65, 0x78, 0x68, 0x61,
  0x75, 0x73, 0x74, 0x69, 0x6f, 0x6e, 0x3d, 0xcc, 0xcc, 0xcd, 0x08, 0x00,
  0x0a, 0x6d, 0x65, 0x73, 0x73, 0x61, 0x67, 0x65, 0x5f, 0x69, 0x64, 0x00,
  0x07, 0x74, 0x72, 0x69, 0x64, 0x65, 0x6e, 0x74, 0x00, 0x1f, 0x6d, 0x69,
  0x6e, 0x65, 0x63, 0x72, 0x61, 0x66, 0x74, 0x3a, 0x75, 0x6e, 0x61, 0x74,
  0x74, 0x72, 0x69, 0x62, 0x75, 0x74, 0x65, 0x64, 0x5f, 0x66, 0x69, 0x72,
  0x65, 0x62, 0x61, 0x6c, 0x6c, 0x01, 0x0a, 0x08, 0x00, 0x07, 0x65, 0x66,
  0x66, 0x65, 0x63, 0x74, 0x73, 0x00, 0x07, 0x62, 0x75, 0x72, 0x6e, 0x69,
  0x6e, 0x67, 0x08, 0x00, 0x07, 0x73, 0x63, 0x61, 0x6c, 0x69, 0x6e, 0x67,
  0x00, 0x20, 0x77, 0x68, 0x65, 0x6e, 0x5f, 0x63, 0x61, 0x75, 0x73, 0x65,
  0x64, 0x5f, 0x62, 0x79, 0x5f, 0x6c, 0x69, 0x76, 0x69, 0x6e, 0x67, 0x5f,
  0x6e, 0x6f, 0x6e, 0x5f, 0x70, 0x6c, 0x61, 0x79, 0x65, 0x72, 0x05, 0x00,
  0x0a, 0x65, 0x78, 0x68, 0x61, 0x75, 0x73, 0x74, 0x69, 0x6f, 0x6e, 0x3d,
  0xcc, 0xcc, 0xcd, 0x08, 0x00, 0x0a, 0x6d, 0x65, 0x73, 0x73, 0x61, 0x67,
  0x65, 0x5f, 0x69, 0x64, 0x00, 0x06, 0x6f, 0x6e, 0x46, 0x69, 0x72, 0x65,
  0x00, 0x15, 0x6d, 0x69, 0x6e, 0x65, 0x63, 0x72, 0x61, 0x66, 0x74, 0x3a,
  0x77, 0x69, 0x6e, 0x64, 0x5f, 0x63, 0x68, 0x61, 0x72, 0x67, 0x65, 0x01,
  0x0a, 0x08, 0x00, 0x07, 0x73, 0x63, 0x61, 0x6c, 0x69, 0x6e, 0x67, 0x00,
  0x20, 0x77, 0x68, 0x65, 0x6e, 0x5f, 0x63, 0x61, 0x75, 0x73, 0x65, 0x64,
  0x5f, 0x62, 0x79, 0x5f, 0x6c, 0x69, 0x76, 0x69, 0x6e, 0x67, 0x5f, 0x6e,
  0x6f, 0x6e, 0x5f, 0x70, 0x6c, 0x61, 0x79, 0x65, 0x72, 0x05, 0x00, 0x0a,
  0x65, 0x78, 0x68, 0x61, 0x75, 0x73, 0x74, 0x69, 0x6f, 0x6e, 0x3d, 0xcc,
  0xcc, 0xcd, 0x08, 0x00, 0x0a, 0x6d, 0x65, 0x73, 0x73, 0x61, 0x67, 0x65,
  0x5f, 0x69, 0x64, 0x00, 0x03, 0x6d, 0x6f, 0x62, 0x00, 0x10, 0x6d, 0x69,
  0x6e, 0x65, 0x63, 0x72, 0x61, 0x66, 0x74, 0x3a, 0x77, 0x69, 0x74, 0x68,
  0x65, 0x72, 0x01, 0x0a, 0x08, 0x00, 0x07, 0x73, 0x63, 0x61, 0x6c, 0x69,
  0x6e, 0x67, 0x00, 0x20, 0x77, 0x68, 0x65, 0x6e, 0x5f, 0x63, 0x61, 0x75,
  0x73, 0x65, 0x64, 0x5f, 0x62, 0x79, 0x5f, 0x6c, 0x69, 0x76, 0x69, 0x6e,
  0x67, 0x5f, 0x6e, 0x6f, 0x6e, 0x5f, 0x70, 0x6c, 0x61, 0x79, 0x65, 0x72,
  0x05, 0x00, 0x0a, 0x65, 0x78, 0x68, 0x61, 0x75, 0x73, 0x74, 0x69, 0x6f,
  0x6e, 0x00, 0x00, 0x00, 0x00, 0x08, 0x00, 0x0a, 0x6d, 0x65, 0x73, 0x73,
  0x61, 0x67, 0x65, 0x5f, 0x69, 0x64, 0x00, 0x06, 0x77, 0x69, 0x74, 0x68,
  0x65, 0x72, 0x00, 0x16, 0x6d, 0x69, 0x6e, 0x65, 0x63, 0x72, 0x61, 0x66,
  0x74, 0x3a, 0x77, 0x69, 0x74, 0x68, 0x65, 0x72, 0x5f, 0x73, 0x6b, 0x75,
  0x6c, 0x6c, 0x01, 0x0a, 0x08, 0x00, 0x07, 0x73, 0x63, 0x61, 0x6c, 0x69,
  0x6e, 0x67, 0x00, 0x20, 0x77, 0x68, 0x65, 0x6e, 0x5f, 0x63, 0x61, 0x75,
  0x73, 0x65, 0x64, 0x5f, 0x62, 0x79, 0x5f, 0x6c, 0x69, 0x76, 0x69, 0x6e,
  0x67, 0x5f, 0x6e, 0x6f, 0x6e, 0x5f, 0x70, 0x6c, 0x61, 0x79, 0x65, 0x72,
  0x05, 0x00, 0x0a, 0x65, 0x78, 0x68, 0x61, 0x75, 0x73, 0x74, 0x69, 0x6f,
  0x6e, 0x3d, 0xcc, 0xcc, 0xcd, 0x08, 0x00, 0x0a, 0x6d, 0x65, 0x73, 0x73,
  0x61, 0x67, 0x65, 0x5f, 0x69, 0x64, 0x00, 0x0b, 0x77, 0x69, 0x74, 0x68,
  0x65, 0x72, 0x53, 0x6b, 0x75, 0x6c, 0x6c, 0x00,
};
Blob e773_damage_type() { return {k_e773_damage_type, sizeof(k_e773_damage_type)}; }

static const uint8_t k_e774_dimension_type[] = {
  0x18, 0x6d, 0x69, 0x6e, 0x65, 0x63, 0x72, 0x61, 0x66, 0x74, 0x3a, 0x64,
  0x69, 0x6d, 0x65, 0x6e, 0x73, 0x69, 0x6f, 0x6e, 0x5f, 0x74, 0x79, 0x70,
  0x65, 0x01, 0x13, 0x6d, 0x69, 0x6e, 0x65, 0x63, 0x72, 0x61, 0x66, 0x74,
  0x3a, 0x6f, 0x76, 0x65, 0x72, 0x77, 0x6f, 0x72, 0x6c, 0x64, 0x01, 0x0a,
  0x08, 0x00, 0x09, 0x74, 0x69, 0x6d, 0x65, 0x6c, 0x69, 0x6e, 0x65, 0x73,
  0x00, 0x17, 0x23, 0x6d, 0x69, 0x6e, 0x65, 0x63, 0x72, 0x61, 0x66, 0x74,
  0x3a, 0x69, 0x6e, 0x5f, 0x6f, 0x76, 0x65, 0x72, 0x77, 0x6f, 0x72, 0x6c,
  0x64, 0x05, 0x00, 0x0d, 0x61, 0x6d, 0x62, 0x69, 0x65, 0x6e, 0x74, 0x5f,
  0x6c, 0x69, 0x67, 0x68, 0x74, 0x00, 0x00, 0x00, 0x00, 0x03, 0x00, 0x1f,
  0x6d, 0x6f, 0x6e, 0x73, 0x74, 0x65, 0x72, 0x5f, 0x73, 0x70, 0x61, 0x77,
  0x6e, 0x5f, 0x62, 0x6c, 0x6f, 0x63, 0x6b, 0x5f, 0x6c, 0x69, 0x67, 0x68,
  0x74, 0x5f, 0x6c, 0x69, 0x6d, 0x69, 0x74, 0x00, 0x00, 0x00, 0x00, 0x06,
  0x00, 0x10, 0x63, 0x6f, 0x6f, 0x72, 0x64, 0x69, 0x6e, 0x61, 0x74, 0x65,
  0x5f, 0x73, 0x63, 0x61, 0x6c, 0x65, 0x3f, 0xf0, 0x00, 0x00, 0x00, 0x00,
  0x00, 0x00, 0x03, 0x00, 0x0e, 0x6c, 0x6f, 0x67, 0x69, 0x63, 0x61, 0x6c,
  0x5f, 0x68, 0x65, 0x69, 0x67, 0x68, 0x74, 0x00, 0x00, 0x01, 0x80, 0x08,
  0x00, 0x0a, 0x69, 0x6e, 0x66, 0x69, 0x6e, 0x69, 0x62, 0x75, 0x72, 0x6e,
  0x00, 0x1f, 0x23, 0x6d, 0x69, 0x6e, 0x65, 0x63, 0x72, 0x61, 0x66, 0x74,
  0x3a, 0x69, 0x6e, 0x66, 0x69, 0x6e, 0x69, 0x62, 0x75, 0x72, 0x6e, 0x5f,
  0x6f, 0x76, 0x65, 0x72, 0x77, 0x6f, 0x72, 0x6c, 0x64, 0x0a, 0x00, 0x0a,
  0x61, 0x74, 0x74, 0x72, 0x69, 0x62, 0x75, 0x74, 0x65, 0x73, 0x0a, 0x00,
  0x20, 0x6d, 0x69, 0x6e, 0x65, 0x63, 0x72, 0x61, 0x66, 0x74, 0x3a, 0x61,
  0x75, 0x64, 0x69, 0x6f, 0x2f, 0x62, 0x61, 0x63, 0x6b, 0x67, 0x72, 0x6f,
  0x75, 0x6e, 0x64, 0x5f, 0x6d, 0x75, 0x73, 0x69, 0x63, 0x0a, 0x00, 0x07,
  0x64, 0x65, 0x66, 0x61, 0x75, 0x6c, 0x74, 0x03, 0x00, 0x09, 0x6d, 0x61,
  0x78, 0x5f, 0x64, 0x65, 0x6c, 0x61, 0x79, 0x00, 0x00, 0x5d, 0xc0, 0x08,
  0x00, 0x05, 0x73, 0x6f, 0x75, 0x6e, 0x64, 0x00, 0x14, 0x6d, 0x69, 0x6e,
  0x65, 0x63, 0x72, 0x61, 0x66, 0x74, 0x3a, 0x6d, 0x75, 0x73, 0x69, 0x63,
  0x2e, 0x67, 0x61, 0x6d, 0x65, 0x03, 0x00, 0x09, 0x6d, 0x69, 0x6e, 0x5f,
  0x64, 0x65, 0x6c, 0x61, 0x79, 0x00, 0x00, 0x2e, 0xe0, 0x00, 0x0a, 0x00,
  0x08, 0x63, 0x72, 0x65, 0x61, 0x74, 0x69, 0x76, 0x65, 0x03, 0x00, 0x09,
  0x6d, 0x61, 0x78, 0x5f, 0x64, 0x65, 0x6c, 0x61, 0x79, 0x00, 0x00, 0x5d,
  0xc0, 0x08, 0x00, 0x05, 0x73, 0x6f, 0x75, 0x6e, 0x64, 0x00, 0x18, 0x6d,
  0x69, 0x6e, 0x65, 0x63, 0x72, 0x61, 0x66, 0x74, 0x3a, 0x6d, 0x75, 0x73,
  0x69, 0x63, 0x2e, 0x63, 0x72, 0x65, 0x61, 0x74, 0x69, 0x76, 0x65, 0x03,
  0x00, 0x09, 0x6d, 0x69, 0x6e, 0x5f, 0x64, 0x65, 0x6c, 0x61, 0x79, 0x00,
  0x00, 0x2e, 0xe0, 0x00, 0x00, 0x08, 0x00, 0x1a, 0x6d, 0x69, 0x6e, 0x65,
  0x63, 0x72, 0x61, 0x66, 0x74, 0x3a, 0x76, 0x69, 0x73, 0x75, 0x61, 0x6c,
  0x2f, 0x66, 0x6f, 0x67, 0x5f, 0x63, 0x6f, 0x6c, 0x6f, 0x72, 0x00, 0x07,
  0x23, 0x63, 0x30, 0x64, 0x38, 0x66, 0x66, 0x05, 0x00, 0x1d, 0x6d, 0x69,
  0x6e, 0x65, 0x63, 0x72, 0x61, 0x66, 0x74, 0x3a, 0x76, 0x69, 0x73, 0x75,
  0x61, 0x6c, 0x2f, 0x63, 0x6c, 0x6f, 0x75, 0x64, 0x5f, 0x68, 0x65, 0x69,
  0x67, 0x68, 0x74, 0x43, 0x40, 0x54, 0x7b, 0x08, 0x00, 0x1a, 0x6d, 0x69,
  0x6e, 0x65, 0x63, 0x72, 0x61, 0x66, 0x74, 0x3a, 0x76, 0x69, 0x73, 0x75,
  0x61, 0x6c, 0x2f, 0x73, 0x6b, 0x79, 0x5f, 0x63, 0x6f, 0x6c, 0x6f, 0x72,
  0x00, 0x07, 0x23, 0x37, 0x38, 0x61, 0x37, 0x66, 0x66, 0x0a, 0x00, 0x1e,
  0x6d, 0x69, 0x6e, 0x65, 0x63, 0x72, 0x61, 0x66, 0x74, 0x3a, 0x61, 0x75,
  0x64, 0x69, 0x6f, 0x2f, 0x61, 0x6d, 0x62, 0x69, 0x65, 0x6e, 0x74, 0x5f,
  0x73, 0x6f, 0x75, 0x6e, 0x64, 0x73, 0x0a, 0x00, 0x04, 0x6d, 0x6f, 0x6f,
  0x64, 0x03, 0x00, 0x0a, 0x74, 0x69, 0x63, 0x6b, 0x5f, 0x64, 0x65, 0x6c,
  0x61, 0x79, 0x00, 0x00, 0x17, 0x70, 0x06, 0x00, 0x06, 0x6f, 0x66, 0x66,
  0x73, 0x65, 0x74, 0x40, 0x00, 0x00, 0x00, 0x00, 0x00, 0x00, 0x00, 0x08,
  0x00, 0x05, 0x73, 0x6f, 0x75, 0x6e, 0x64, 0x00, 0x16, 0x6d, 0x69, 0x6e,
  0x65, 0x63, 0x72, 0x61, 0x66, 0x74, 0x3a, 0x61, 0x6d, 0x62, 0x69, 0x65,
  0x6e, 0x74, 0x2e, 0x63, 0x61, 0x76, 0x65, 0x03, 0x00, 0x13, 0x62, 0x6c,
  0x6f, 0x63, 0x6b, 0x5f, 0x73, 0x65, 0x61, 0x72, 0x63, 0x68, 0x5f, 0x65,
  0x78, 0x74, 0x65, 0x6e, 0x74, 0x00, 0x00, 0x00, 0x08, 0x00, 0x00, 0x08,
  0x00, 0x1c, 0x6d, 0x69, 0x6e, 0x65, 0x63, 0x72, 0x61, 0x66, 0x74, 0x3a,
  0x76, 0x69, 0x73, 0x75, 0x61, 0x6c, 0x2f, 0x63, 0x6c, 0x6f, 0x75, 0x64,
  0x5f, 0x63, 0x6f, 0x6c, 0x6f, 0x72, 0x00, 0x09, 0x23, 0x63, 0x63, 0x66,
  0x66, 0x66, 0x66, 0x66, 0x66, 0x00, 0x03, 0x00, 0x05, 0x6d, 0x69, 0x6e,
  0x5f, 0x79, 0xff, 0xff, 0xff, 0xc0, 0x0a, 0x00, 0x19, 0x6d, 0x6f, 0x6e,
  0x73, 0x74, 0x65, 0x72, 0x5f, 0x73, 0x70, 0x61, 0x77, 0x6e, 0x5f, 0x6c,
  0x69, 0x67, 0x68, 0x74, 0x5f, 0x6c, 0x65, 0x76, 0x65, 0x6c, 0x03, 0x00,
  0x0d, 0x6d, 0x69, 0x6e, 0x5f, 0x69, 0x6e, 0x63, 0x6c, 0x75, 0x73, 0x69,
  0x76, 0x65, 0x00, 0x00, 0x00, 0x00, 0x03, 0x00, 0x0d, 0x6d, 0x61, 0x78,
  0x5f, 0x69, 0x6e, 0x63, 0x6c, 0x75, 0x73, 0x69, 0x76, 0x65, 0x00, 0x00,
  0x00, 0x07, 0x08, 0x00, 0x04, 0x74, 0x79, 0x70, 0x65, 0x00, 0x11, 0x6d,
  0x69, 0x6e, 0x65, 0x63, 0x72, 0x61, 0x66, 0x74, 0x3a, 0x75, 0x6e, 0x69,
  0x66, 0x6f, 0x72, 0x6d, 0x00, 0x01, 0x00, 0x0b, 0x68, 0x61, 0x73, 0x5f,
  0x63, 0x65, 0x69, 0x6c, 0x69, 0x6e, 0x67, 0x00, 0x01, 0x00, 0x0c, 0x68,
  0x61, 0x73, 0x5f, 0x73, 0x6b, 0x79, 0x6c, 0x69, 0x67, 0x68, 0x74, 0x01,
  0x03, 0x00, 0x06, 0x68, 0x65, 0x69, 0x67, 0x68, 0x74, 0x00, 0x00, 0x01,
  0x80, 0x00,
};
Blob e774_dimension_type() { return {k_e774_dimension_type, sizeof(k_e774_dimension_type)}; }

static const uint8_t k_e774_biome[] = {
  0x18, 0x6d, 0x69, 0x6e, 0x65, 0x63, 0x72, 0x61, 0x66, 0x74, 0x3a, 0x77,
  0x6f, 0x72, 0x6c, 0x64, 0x67, 0x65, 0x6e, 0x2f, 0x62, 0x69, 0x6f, 0x6d,
  0x65, 0x01, 0x10, 0x6d, 0x69, 0x6e, 0x65, 0x63, 0x72, 0x61, 0x66, 0x74,
  0x3a, 0x70, 0x6c, 0x61, 0x69, 0x6e, 0x73, 0x01, 0x0a, 0x0a, 0x00, 0x07,
  0x65, 0x66, 0x66, 0x65, 0x63, 0x74, 0x73, 0x08, 0x00, 0x0b, 0x77, 0x61,
  0x74, 0x65, 0x72, 0x5f, 0x63, 0x6f, 0x6c, 0x6f, 0x72, 0x00, 0x07, 0x23,
  0x33, 0x66, 0x37, 0x36, 0x65, 0x34, 0x00, 0x01, 0x00, 0x11, 0x68, 0x61,
  0x73, 0x5f, 0x70, 0x72, 0x65, 0x63, 0x69, 0x70, 0x69, 0x74, 0x61, 0x74,
  0x69, 0x6f, 0x6e, 0x01, 0x05, 0x00, 0x0b, 0x74, 0x65, 0x6d, 0x70, 0x65,
  0x72, 0x61, 0x74, 0x75, 0x72, 0x65, 0x3f, 0x4c, 0xcc, 0xcd, 0x05, 0x00,
  0x08, 0x64, 0x6f, 0x77, 0x6e, 0x66, 0x61, 0x6c, 0x6c, 0x3e, 0xcc, 0xcc,
  0xcd, 0x0a, 0x00, 0x0a, 0x61, 0x74, 0x74, 0x72, 0x69, 0x62, 0x75, 0x74,
  0x65, 0x73, 0x08, 0x00, 0x1a, 0x6d, 0x69, 0x6e, 0x65, 0x63, 0x72, 0x61,
  0x66, 0x74, 0x3a, 0x76, 0x69, 0x73, 0x75, 0x61, 0x6c, 0x2f, 0x73, 0x6b,
  0x79, 0x5f, 0x63, 0x6f, 0x6c, 0x6f, 0x72, 0x00, 0x07, 0x23, 0x37, 0x38,
  0x61, 0x37, 0x66, 0x66, 0x00, 0x00,
};
Blob e774_biome() { return {k_e774_biome, sizeof(k_e774_biome)}; }

static const uint8_t k_e774_chat_type[] = {
  0x13, 0x6d, 0x69, 0x6e, 0x65, 0x63, 0x72, 0x61, 0x66, 0x74, 0x3a, 0x63,
  0x68, 0x61, 0x74, 0x5f, 0x74, 0x79, 0x70, 0x65, 0x07, 0x0e, 0x6d, 0x69,
  0x6e, 0x65, 0x63, 0x72, 0x61, 0x66, 0x74, 0x3a, 0x63, 0x68, 0x61, 0x74,
  0x01, 0x0a, 0x0a, 0x00, 0x04, 0x63, 0x68, 0x61, 0x74, 0x08, 0x00, 0x0f,
  0x74, 0x72, 0x61, 0x6e, 0x73, 0x6c, 0x61, 0x74, 0x69, 0x6f, 0x6e, 0x5f,
  0x6b, 0x65, 0x79, 0x00, 0x0e, 0x63, 0x68, 0x61, 0x74, 0x2e, 0x74, 0x79,
  0x70, 0x65, 0x2e, 0x74, 0x65, 0x78, 0x74, 0x09, 0x00, 0x0a, 0x70, 0x61,
  0x72, 0x61, 0x6d, 0x65, 0x74, 0x65, 0x72, 0x73, 0x08, 0x00, 0x00, 0x00,
  0x02, 0x00, 0x06, 0x73, 0x65, 0x6e, 0x64, 0x65, 0x72, 0x00, 0x07, 0x63,
  0x6f, 0x6e, 0x74, 0x65, 0x6e, 0x74, 0x00, 0x0a, 0x00, 0x09, 0x6e, 0x61,
  0x72, 0x72, 0x61, 0x74, 0x69, 0x6f, 0x6e, 0x08, 0x00, 0x0f, 0x74, 0x72,
  0x61, 0x6e, 0x73, 0x6c, 0x61, 0x74, 0x69, 0x6f, 0x6e, 0x5f, 0x6b, 0x65,
  0x79, 0x00, 0x16, 0x63, 0x68, 0x61, 0x74, 0x2e, 0x74, 0x79, 0x70, 0x65,
  0x2e, 0x74, 0x65, 0x78, 0x74, 0x2e, 0x6e, 0x61, 0x72, 0x72, 0x61, 0x74,
  0x65, 0x09, 0x00, 0x0a, 0x70, 0x61, 0x72, 0x61, 0x6d, 0x65, 0x74, 0x65,
  0x72, 0x73, 0x08, 0x00, 0x00, 0x00, 0x02, 0x00, 0x06, 0x73, 0x65, 0x6e,
  0x64, 0x65, 0x72, 0x00, 0x07, 0x63, 0x6f, 0x6e, 0x74, 0x65, 0x6e, 0x74,
  0x00, 0x00, 0x17, 0x6d, 0x69, 0x6e, 0x65, 0x63, 0x72, 0x61, 0x66, 0x74,
  0x3a, 0x65, 0x6d, 0x6f, 0x74, 0x65, 0x5f, 0x63, 0x6f, 0x6d, 0x6d, 0x61,
  0x6e, 0x64, 0x01, 0x0a, 0x0a, 0x00, 0x04, 0x63, 0x68, 0x61, 0x74, 0x08,
  0x00, 0x0f, 0x74, 0x72, 0x61, 0x6e, 0x73, 0x6c, 0x61, 0x74, 0x69, 0x6f,
  0x6e, 0x5f, 0x6b, 0x65, 0x79, 0x00, 0x0f, 0x63, 0x68, 0x61, 0x74, 0x2e,
  0x74, 0x79, 0x70, 0x65, 0x2e, 0x65, 0x6d, 0x6f, 0x74, 0x65, 0x09, 0x00,
  0x0a, 0x70, 0x61, 0x72, 0x61, 0x6d, 0x65, 0x74, 0x65, 0x72, 0x73, 0x08,
  0x00, 0x00, 0x00, 0x02, 0x00, 0x06, 0x73, 0x65, 0x6e, 0x64, 0x65, 0x72,
  0x00, 0x07, 0x63, 0x6f, 0x6e, 0x74, 0x65, 0x6e, 0x74, 0x00, 0x0a, 0x00,
  0x09, 0x6e, 0x61, 0x72, 0x72, 0x61, 0x74, 0x69, 0x6f, 0x6e, 0x08, 0x00,
  0x0f, 0x74, 0x72, 0x61, 0x6e, 0x73, 0x6c, 0x61, 0x74, 0x69, 0x6f, 0x6e,
  0x5f, 0x6b, 0x65, 0x79, 0x00, 0x0f, 0x63, 0x68, 0x61, 0x74, 0x2e, 0x74,
  0x79, 0x70, 0x65, 0x2e, 0x65, 0x6d, 0x6f, 0x74, 0x65, 0x09, 0x00, 0x0a,
  0x70, 0x61, 0x72, 0x61, 0x6d, 0x65, 0x74, 0x65, 0x72, 0x73, 0x08, 0x00,
  0x00, 0x00, 0x02, 0x00, 0x06, 0x73, 0x65, 0x6e, 0x64, 0x65, 0x72, 0x00,
  0x07, 0x63, 0x6f, 0x6e, 0x74, 0x65, 0x6e, 0x74, 0x00, 0x00, 0x1e, 0x6d,
  0x69, 0x6e, 0x65, 0x63, 0x72, 0x61, 0x66, 0x74, 0x3a, 0x6d, 0x73, 0x67,
  0x5f, 0x63, 0x6f, 0x6d, 0x6d, 0x61, 0x6e, 0x64, 0x5f, 0x69, 0x6e, 0x63,
  0x6f, 0x6d, 0x69, 0x6e, 0x67, 0x01, 0x0a, 0x0a, 0x00, 0x04, 0x63, 0x68,
  0x61, 0x74, 0x08, 0x00, 0x0f, 0x74, 0x72, 0x61, 0x6e, 0x73, 0x6c, 0x61,
  0x74, 0x69, 0x6f, 0x6e, 0x5f, 0x6b, 0x65, 0x79, 0x00, 0x21, 0x63, 0x6f,
  0x6d, 0x6d, 0x61, 0x6e, 0x64, 0x73, 0x2e, 0x6d, 0x65, 0x73, 0x73, 0x61,
  0x67, 0x65, 0x2e, 0x64, 0x69, 0x73, 0x70, 0x6c, 0x61, 0x79, 0x2e, 0x69,
  0x6e, 0x63, 0x6f, 0x6d, 0x69, 0x6e, 0x67, 0x0a, 0x00, 0x05, 0x73, 0x74,
  0x79, 0x6c, 0x65, 0x08, 0x00, 0x05, 0x63, 0x6f, 0x6c, 0x6f, 0x72, 0x00,
  0x04, 0x67, 0x72, 0x61, 0x79, 0x01, 0x00, 0x06, 0x69, 0x74, 0x61, 0x6c,
  0x69, 0x63, 0x01, 0x00, 0x09, 0x00, 0x0a, 0x70, 0x61, 0x72, 0x61, 0x6d,
  0x65, 0x74, 0x65, 0x72, 0x73, 0x08, 0x00, 0x00, 0x00, 0x02, 0x00, 0x06,
  0x73, 0x65, 0x6e, 0x64, 0x65, 0x72, 0x00, 0x07, 0x63, 0x6f, 0x6e, 0x74,
  0x65, 0x6e, 0x74, 0x00, 0x0a, 0x00, 0x09, 0x6e, 0x61, 0x72, 0x72, 0x61,
  0x74, 0x69, 0x6f, 0x6e, 0x08, 0x00, 0x0f, 0x74, 0x72, 0x61, 0x6e, 0x73,
  0x6c, 0x61, 0x74, 0x69, 0x6f, 0x6e, 0x5f, 0x6b, 0x65, 0x79, 0x00, 0x16,
  0x63, 0x68, 0x61, 0x74, 0x2e, 0x74, 0x79, 0x70, 0x65, 0x2e, 0x74, 0x65,
  0x78, 0x74, 0x2e, 0x6e, 0x61, 0x72, 0x72, 0x61, 0x74, 0x65, 0x09, 0x00,
  0x0a, 0x70, 0x61, 0x72, 0x61, 0x6d, 0x65, 0x74, 0x65, 0x72, 0x73, 0x08,
  0x00, 0x00, 0x00, 0x02, 0x00, 0x06, 0x73, 0x65, 0x6e, 0x64, 0x65, 0x72,
  0x00, 0x07, 0x63, 0x6f, 0x6e, 0x74, 0x65, 0x6e, 0x74, 0x00, 0x00, 0x1e,
  0x6d, 0x69, 0x6e, 0x65, 0x63, 0x72, 0x61, 0x66, 0x74, 0x3a, 0x6d, 0x73,
  0x67, 0x5f, 0x63, 0x6f, 0x6d, 0x6d, 0x61, 0x6e, 0x64, 0x5f, 0x6f, 0x75,
  0x74, 0x67, 0x6f, 0x69, 0x6e, 0x67, 0x01, 0x0a, 0x0a, 0x00, 0x04, 0x63,
  0x68, 0x61, 0x74, 0x08, 0x00, 0x0f, 0x74, 0x72, 0x61, 0x6e, 0x73, 0x6c,
  0x61, 0x74, 0x69, 0x6f, 0x6e, 0x5f, 0x6b, 0x65, 0x79, 0x00, 0x21, 0x63,
  0x6f, 0x6d, 0x6d, 0x61, 0x6e, 0x64, 0x73, 0x2e, 0x6d, 0x65, 0x73, 0x73,
  0x61, 0x67, 0x65, 0x2e, 0x64, 0x69, 0x73, 0x70, 0x6c, 0x61, 0x79, 0x2e,
  0x6f, 0x75, 0x74, 0x67, 0x6f, 0x69, 0x6e, 0x67, 0x0a, 0x00, 0x05, 0x73,
  0x74, 0x79, 0x6c, 0x65, 0x08, 0x00, 0x05, 0x63, 0x6f, 0x6c, 0x6f, 0x72,
  0x00, 0x04, 0x67, 0x72, 0x61, 0x79, 0x01, 0x00, 0x06, 0x69, 0x74, 0x61,
  0x6c, 0x69, 0x63, 0x01, 0x00, 0x09, 0x00, 0x0a, 0x70, 0x61, 0x72, 0x61,
  0x6d, 0x65, 0x74, 0x65, 0x72, 0x73, 0x08, 0x00, 0x00, 0x00, 0x02, 0x00,
  0x06, 0x74, 0x61, 0x72, 0x67, 0x65, 0x74, 0x00, 0x07, 0x63, 0x6f, 0x6e,
  0x74, 0x65, 0x6e, 0x74, 0x00, 0x0a, 0x00, 0x09, 0x6e, 0x61, 0x72, 0x72,
  0x61, 0x74, 0x69, 0x6f, 0x6e, 0x08, 0x00, 0x0f, 0x74, 0x72, 0x61, 0x6e,
  0x73, 0x6c, 0x61, 0x74, 0x69, 0x6f, 0x6e, 0x5f, 0x6b, 0x65, 0x79, 0x00,
  0x16, 0x63, 0x68, 0x61, 0x74, 0x2e, 0x74, 0x79, 0x70, 0x65, 0x2e, 0x74,
  0x65, 0x78, 0x74, 0x2e, 0x6e, 0x61, 0x72, 0x72, 0x61, 0x74, 0x65, 0x09,
  0x00, 0x0a, 0x70, 0x61, 0x72, 0x61, 0x6d, 0x65, 0x74, 0x65, 0x72, 0x73,
  0x08, 0x00, 0x00, 0x00, 0x02, 0x00, 0x06, 0x73, 0x65, 0x6e, 0x64, 0x65,
  0x72, 0x00, 0x07, 0x63, 0x6f, 0x6e, 0x74, 0x65, 0x6e, 0x74, 0x00, 0x00,
  0x15, 0x6d, 0x69, 0x6e, 0x65, 0x63, 0x72, 0x61, 0x66, 0x74, 0x3a, 0x73,
  0x61, 0x79, 0x5f, 0x63, 0x6f, 0x6d, 0x6d, 0x61, 0x6e, 0x64, 0x01, 0x0a,
  0x0a, 0x00, 0x04, 0x63, 0x68, 0x61, 0x74, 0x08, 0x00, 0x0f, 0x74, 0x72,
  0x61, 0x6e, 0x73, 0x6c, 0x61, 0x74, 0x69, 0x6f, 0x6e, 0x5f, 0x6b, 0x65,
  0x79, 0x00, 0x16, 0x63, 0x68, 0x61, 0x74, 0x2e, 0x74, 0x79, 0x70, 0x65,
  0x2e, 0x61, 0x6e, 0x6e, 0x6f, 0x75, 0x6e, 0x63, 0x65, 0x6d, 0x65, 0x6e,
  0x74, 0x09, 0x00, 0x0a, 0x70, 0x61, 0x72, 0x61, 0x6d, 0x65, 0x74, 0x65,
  0x72, 0x73, 0x08, 0x00, 0x00, 0x00, 0x02, 0x00, 0x06, 0x73, 0x65, 0x6e,
  0x64, 0x65, 0x72, 0x00, 0x07, 0x63, 0x6f, 0x6e, 0x74, 0x65, 0x6e, 0x74,
  0x00, 0x0a, 0x00, 0x09, 0x6e, 0x61, 0x72, 0x72, 0x61, 0x74, 0x69, 0x6f,
  0x6e, 0x08, 0x00, 0x0f, 0x74, 0x72, 0x61, 0x6e, 0x73, 0x6c, 0x61, 0x74,
  0x69, 0x6f, 0x6e, 0x5f, 0x6b, 0x65, 0x79, 0x00, 0x16, 0x63, 0x68, 0x61,
  0x74, 0x2e, 0x74, 0x79, 0x70, 0x65, 0x2e, 0x74, 0x65, 0x78, 0x74, 0x2e,
  0x6e, 0x61, 0x72, 0x72, 0x61, 0x74, 0x65, 0x09, 0x00, 0x0a, 0x70, 0x61,
  0x72, 0x61, 0x6d, 0x65, 0x74, 0x65, 0x72, 0x73, 0x08, 0x00, 0x00, 0x00,
  0x02, 0x00, 0x06, 0x73, 0x65, 0x6e, 0x64, 0x65, 0x72, 0x00, 0x07, 0x63,
  0x6f, 0x6e, 0x74, 0x65, 0x6e, 0x74, 0x00, 0x00, 0x23, 0x6d, 0x69, 0x6e,
  0x65, 0x63, 0x72, 0x61, 0x66, 0x74, 0x3a, 0x74, 0x65, 0x61, 0x6d, 0x5f,
  0x6d, 0x73, 0x67, 0x5f, 0x63, 0x6f, 0x6d, 0x6d, 0x61, 0x6e, 0x64, 0x5f,
  0x69, 0x6e, 0x63, 0x6f, 0x6d, 0x69, 0x6e, 0x67, 0x01, 0x0a, 0x0a, 0x00,
  0x04, 0x63, 0x68, 0x61, 0x74, 0x08, 0x00, 0x0f, 0x74, 0x72, 0x61, 0x6e,
  0x73, 0x6c, 0x61, 0x74, 0x69, 0x6f, 0x6e, 0x5f, 0x6b, 0x65, 0x79, 0x00,
  0x13, 0x63, 0x68, 0x61, 0x74, 0x2e, 0x74, 0x79, 0x70, 0x65, 0x2e, 0x74,
  0x65, 0x61, 0x6d, 0x2e, 0x74, 0x65, 0x78, 0x74, 0x09, 0x00, 0x0a, 0x70,
  0x61, 0x72, 0x61, 0x6d, 0x65, 0x74, 0x65, 0x72, 0x73, 0x08, 0x00, 0x00,
  0x00, 0x03, 0x00, 0x06, 0x74, 0x61, 0x72, 0x67, 0x65, 0x74, 0x00, 0x06,
  0x73, 0x65, 0x6e, 0x64, 0x65, 0x72, 0x00, 0x07, 0x63, 0x6f, 0x6e, 0x74,
  0x65, 0x6e, 0x74, 0x00, 0x0a, 0x00, 0x09, 0x6e, 0x61, 0x72, 0x72, 0x61,
  0x74, 0x69, 0x6f, 0x6e, 0x08, 0x00, 0x0f, 0x74, 0x72, 0x61, 0x6e, 0x73,
  0x6c, 0x61, 0x74, 0x69, 0x6f, 0x6e, 0x5f, 0x6b, 0x65, 0x79, 0x00, 0x16,
  0x63, 0x68, 0x61, 0x74, 0x2e, 0x74, 0x79, 0x70, 0x65, 0x2e, 0x74, 0x65,
  0x78, 0x74, 0x2e, 0x6e, 0x61, 0x72, 0x72, 0x61, 0x74, 0x65, 0x09, 0x00,
  0x0a, 0x70, 0x61, 0x72, 0x61, 0x6d, 0x65, 0x74, 0x65, 0x72, 0x73, 0x08,
  0x00, 0x00, 0x00, 0x02, 0x00, 0x06, 0x73, 0x65, 0x6e, 0x64, 0x65, 0x72,
  0x00, 0x07, 0x63, 0x6f, 0x6e, 0x74, 0x65, 0x6e, 0x74, 0x00, 0x00, 0x23,
  0x6d, 0x69, 0x6e, 0x65, 0x63, 0x72, 0x61, 0x66, 0x74, 0x3a, 0x74, 0x65,
  0x61, 0x6d, 0x5f, 0x6d, 0x73, 0x67, 0x5f, 0x63, 0x6f, 0x6d, 0x6d, 0x61,
  0x6e, 0x64, 0x5f, 0x6f, 0x75, 0x74, 0x67, 0x6f, 0x69, 0x6e, 0x67, 0x01,
  0x0a, 0x0a, 0x00, 0x04, 0x63, 0x68, 0x61, 0x74, 0x08, 0x00, 0x0f, 0x74,
  0x72, 0x61, 0x6e, 0x73, 0x6c, 0x61, 0x74, 0x69, 0x6f, 0x6e, 0x5f, 0x6b,
  0x65, 0x79, 0x00, 0x13, 0x63, 0x68, 0x61, 0x74, 0x2e, 0x74, 0x79, 0x70,
  0x65, 0x2e, 0x74, 0x65, 0x61, 0x6d, 0x2e, 0x73, 0x65, 0x6e, 0x74, 0x09,
  0x00, 0x0a, 0x70, 0x61, 0x72, 0x61, 0x6d, 0x65, 0x74, 0x65, 0x72, 0x73,
  0x08, 0x00, 0x00, 0x00, 0x03, 0x00, 0x06, 0x74, 0x61, 0x72, 0x67, 0x65,
  0x74, 0x00, 0x06, 0x73, 0x65, 0x6e, 0x64, 0x65, 0x72, 0x00, 0x07, 0x63,
  0x6f, 0x6e, 0x74, 0x65, 0x6e, 0x74, 0x00, 0x0a, 0x00, 0x09, 0x6e, 0x61,
  0x72, 0x72, 0x61, 0x74, 0x69, 0x6f, 0x6e, 0x08, 0x00, 0x0f, 0x74, 0x72,
  0x61, 0x6e, 0x73, 0x6c, 0x61, 0x74, 0x69, 0x6f, 0x6e, 0x5f, 0x6b, 0x65,
  0x79, 0x00, 0x16, 0x63, 0x68, 0x61, 0x74, 0x2e, 0x74, 0x79, 0x70, 0x65,
  0x2e, 0x74, 0x65, 0x78, 0x74, 0x2e, 0x6e, 0x61, 0x72, 0x72, 0x61, 0x74,
  0x65, 0x09, 0x00, 0x0a, 0x70, 0x61, 0x72, 0x61, 0x6d, 0x65, 0x74, 0x65,
  0x72, 0x73, 0x08, 0x00, 0x00, 0x00, 0x02, 0x00, 0x06, 0x73, 0x65, 0x6e,
  0x64, 0x65, 0x72, 0x00, 0x07, 0x63, 0x6f, 0x6e, 0x74, 0x65, 0x6e, 0x74,
  0x00, 0x00,
};
Blob e774_chat_type() { return {k_e774_chat_type, sizeof(k_e774_chat_type)}; }

static const uint8_t k_e774_damage_type[] = {
  0x15, 0x6d, 0x69, 0x6e, 0x65, 0x63, 0x72, 0x61, 0x66, 0x74, 0x3a, 0x64,
  0x61, 0x6d, 0x61, 0x67, 0x65, 0x5f, 0x74, 0x79, 0x70, 0x65, 0x32, 0x0f,
  0x6d, 0x69, 0x6e, 0x65, 0x63, 0x72, 0x61, 0x66, 0x74, 0x3a, 0x61, 0x72,
  0x72, 0x6f, 0x77, 0x01, 0x0a, 0x08, 0x00, 0x07, 0x73, 0x63, 0x61, 0x6c,
  0x69, 0x6e, 0x67, 0x00, 0x20, 0x77, 0x68, 0x65, 0x6e, 0x5f, 0x63, 0x61,
  0x75, 0x73, 0x65, 0x64, 0x5f, 0x62, 0x79, 0x5f, 0x6c, 0x69, 0x76, 0x69,
  0x6e, 0x67, 0x5f, 0x6e, 0x6f, 0x6e, 0x5f, 0x70, 0x6c, 0x61, 0x79, 0x65,
  0x72, 0x05, 0x00, 0x0a, 0x65, 0x78, 0x68, 0x61, 0x75, 0x73, 0x74, 0x69,
  0x6f, 0x6e, 0x3d, 0xcc, 0xcc, 0xcd, 0x08, 0x00, 0x0a, 0x6d, 0x65, 0x73,
  0x73, 0x61, 0x67, 0x65, 0x5f, 0x69, 0x64, 0x00, 0x05, 0x61, 0x72, 0x72,
  0x6f, 0x77, 0x00, 0x1b, 0x6d, 0x69, 0x6e, 0x65, 0x63, 0x72, 0x61, 0x66,
  0x74, 0x3a, 0x62, 0x61, 0x64, 0x5f, 0x72, 0x65, 0x73, 0x70, 0x61, 0x77,
  0x6e, 0x5f, 0x70, 0x6f, 0x69, 0x6e, 0x74, 0x01, 0x0a, 0x08, 0x00, 0x07,
  0x73, 0x63, 0x61, 0x6c, 0x69, 0x6e, 0x67, 0x00, 0x06, 0x61, 0x6c, 0x77,
  0x61, 0x79, 0x73, 0x05, 0x00, 0x0a, 0x65, 0x78, 0x68, 0x61, 0x75, 0x73,
  0x74, 0x69, 0x6f, 0x6e, 0x3d, 0xcc, 0xcc, 0xcd, 0x08, 0x00, 0x0a, 0x6d,
  0x65, 0x73, 0x73, 0x61, 0x67, 0x65, 0x5f, 0x69, 0x64, 0x00, 0x0f, 0x62,
  0x61, 0x64, 0x52, 0x65, 0x73, 0x70, 0x61, 0x77, 0x6e, 0x50, 0x6f, 0x69,
  0x6e, 0x74, 0x08, 0x00, 0x12, 0x64, 0x65, 0x61, 0x74, 0x68, 0x5f, 0x6d,
  0x65, 0x73, 0x73, 0x61, 0x67, 0x65, 0x5f, 0x74, 0x79, 0x70, 0x65, 0x00,
  0x17, 0x69, 0x6e, 0x74, 0x65, 0x6e, 0x74, 0x69, 0x6f, 0x6e, 0x61, 0x6c,
  0x5f, 0x67, 0x61, 0x6d, 0x65, 0x5f, 0x64, 0x65, 0x73, 0x69, 0x67, 0x6e,
  0x00, 0x10, 0x6d, 0x69, 0x6e, 0x65, 0x63, 0x72, 0x61, 0x66, 0x74, 0x3a,
  0x63, 0x61, 0x63, 0x74, 0x75, 0x73, 0x01, 0x0a, 0x08, 0x00, 0x07, 0x73,
  0x63, 0x61, 0x6c, 0x69, 0x6e, 0x67, 0x00, 0x20, 0x77, 0x68, 0x65, 0x6e,
  0x5f, 0x63, 0x61, 0x75, 0x73, 0x65, 0x64, 0x5f, 0x62, 0x79, 0x5f, 0x6c,
  0x69, 0x76, 0x69, 0x6e, 0x67, 0x5f, 0x6e, 0x6f, 0x6e, 0x5f, 0x70, 0x6c,
  0x61, 0x79, 0x65, 0x72, 0x05, 0x00, 0x0a, 0x65, 0x78, 0x68, 0x61, 0x75,
  0x73, 0x74, 0x69, 0x6f, 0x6e, 0x3d, 0xcc, 0xcc, 0xcd, 0x08, 0x00, 0x0a,
  0x6d, 0x65, 0x73, 0x73, 0x61, 0x67, 0x65, 0x5f, 0x69, 0x64, 0x00, 0x06,
  0x63, 0x61, 0x63, 0x74, 0x75, 0x73, 0x00, 0x12, 0x6d, 0x69, 0x6e, 0x65,
  0x63, 0x72, 0x61, 0x66, 0x74, 0x3a, 0x63, 0x61, 0x6d, 0x70, 0x66, 0x69,
  0x72, 0x65, 0x01, 0x0a, 0x08, 0x00, 0x07, 0x73, 0x63, 0x61, 0x6c, 0x69,
  0x6e, 0x67, 0x00, 0x20, 0x77, 0x68, 0x65, 0x6e, 0x5f, 0x63, 0x61, 0x75,
  0x73, 0x65, 0x64, 0x5f, 0x62, 0x79, 0x5f, 0x6c, 0x69, 0x76, 0x69, 0x6e,
  0x67, 0x5f, 0x6e, 0x6f, 0x6e, 0x5f, 0x70, 0x6c, 0x61, 0x79, 0x65, 0x72,
  0x08, 0x00, 0x07, 0x65, 0x66, 0x66, 0x65, 0x63, 0x74, 0x73, 0x00, 0x07,
  0x62, 0x75, 0x72, 0x6e, 0x69, 0x6e, 0x67, 0x05, 0x00, 0x0a, 0x65, 0x78,
  0x68, 0x61, 0x75, 0x73, 0x74, 0x69, 0x6f, 0x6e, 0x3d, 0xcc, 0xcc, 0xcd,
  0x08, 0x00, 0x0a, 0x6d, 0x65, 0x73, 0x73, 0x61, 0x67, 0x65, 0x5f, 0x69,
  0x64, 0x00, 0x06, 0x69, 0x6e, 0x46, 0x69, 0x72, 0x65, 0x00, 0x12, 0x6d,
  0x69, 0x6e, 0x65, 0x63, 0x72, 0x61, 0x66, 0x74, 0x3a, 0x63, 0x72, 0x61,
  0x6d, 0x6d, 0x69, 0x6e, 0x67, 0x01, 0x0a, 0x08, 0x00, 0x07, 0x73, 0x63,
  0x61, 0x6c, 0x69, 0x6e, 0x67, 0x00, 0x20, 0x77, 0x68, 0x65, 0x6e, 0x5f,
  0x63, 0x61, 0x75, 0x73, 0x65, 0x64, 0x5f, 0x62, 0x79, 0x5f, 0x6c, 0x69,
  0x76, 0x69, 0x6e, 0x67, 0x5f, 0x6e, 0x6f, 0x6e, 0x5f, 0x70, 0x6c, 0x61,
  0x79, 0x65, 0x72, 0x05, 0x00, 0x0a, 0x65, 0x78, 0x68, 0x61, 0x75, 0x73,
  0x74, 0x69, 0x6f, 0x6e, 0x00, 0x00, 0x00, 0x00, 0x08, 0x00, 0x0a, 0x6d,
  0x65, 0x73, 0x73, 0x61, 0x67, 0x65, 0x5f, 0x69, 0x64, 0x00, 0x08, 0x63,
  0x72, 0x61, 0x6d, 0x6d, 0x69, 0x6e, 0x67, 0x00, 0x17, 0x6d, 0x69, 0x6e,
  0x65, 0x63, 0x72, 0x61, 0x66, 0x74, 0x3a, 0x64, 0x72, 0x61, 0x67, 0x6f,
  0x6e, 0x5f, 0x62, 0x72, 0x65, 0x61, 0x74, 0x68, 0x01, 0x0a, 0x08, 0x00,
  0x07, 0x73, 0x63, 0x61, 0x6c, 0x69, 0x6e, 0x67, 0x00, 0x20, 0x77, 0x68,
  0x65, 0x6e, 0x5f, 0x63, 0x61, 0x75, 0x73, 0x65, 0x64, 0x5f, 0x62, 0x79,
  0x5f, 0x6c, 0x69, 0x76, 0x69, 0x6e, 0x67, 0x5f, 0x6e, 0x6f, 0x6e, 0x5f,
  0x70, 0x6c, 0x61, 0x79, 0x65, 0x72, 0x05, 0x00, 0x0a, 0x65, 0x78, 0x68,
  0x61, 0x75, 0x73, 0x74, 0x69, 0x6f, 0x6e, 0x00, 0x00, 0x00, 0x00, 0x08,
  0x00, 0x0a, 0x6d, 0x65, 0x73, 0x73, 0x61, 0x67, 0x65, 0x5f, 0x69, 0x64,
  0x00, 0x0c, 0x64, 0x72, 0x61, 0x67, 0x6f, 0x6e, 0x42, 0x72, 0x65, 0x61,
  0x74, 0x68, 0x00, 0x0f, 0x6d, 0x69, 0x6e, 0x65, 0x63, 0x72, 0x61, 0x66,
  0x74, 0x3a, 0x64, 0x72, 0x6f, 0x77, 0x6e, 0x01, 0x0a, 0x08, 0x00, 0x07,
  0x73, 0x63, 0x61, 0x6c, 0x69, 0x6e, 0x67, 0x00, 0x20, 0x77, 0x68, 0x65,
  0x6e, 0x5f, 0x63, 0x61, 0x75, 0x73, 0x65, 0x64, 0x5f, 0x62, 0x79, 0x5f,
  0x6c, 0x69, 0x76, 0x69, 0x6e, 0x67, 0x5f, 0x6e, 0x6f, 0x6e, 0x5f, 0x70,
  0x6c, 0x61, 0x79, 0x65, 0x72, 0x08, 0x00, 0x07, 0x65, 0x66, 0x66, 0x65,
  0x63, 0x74, 0x73, 0x00, 0x08, 0x64, 0x72, 0x6f, 0x77, 0x6e, 0x69, 0x6e,
  0x67, 0x05, 0x00, 0x0a, 0x65, 0x78, 0x68, 0x61, 0x75, 0x73, 0x74, 0x69,
  0x6f, 0x6e, 0x00, 0x00, 0x00, 0x00, 0x08, 0x00, 0x0a, 0x6d, 0x65, 0x73,
  0x73, 0x61, 0x67, 0x65, 0x5f, 0x69, 0x64, 0x00, 0x05, 0x64, 0x72, 0x6f,
  0x77, 0x6e, 0x00, 0x11, 0x6d, 0x69, 0x6e, 0x65, 0x63, 0x72, 0x61, 0x66,
  0x74, 0x3a, 0x64, 0x72, 0x79, 0x5f, 0x6f, 0x75, 0x74, 0x01, 0x0a, 0x08,
  0x00, 0x07, 0x73, 0x63, 0x61, 0x6c, 0x69, 0x6e, 0x67, 0x00, 0x20, 0x77,
  0x68, 0x65, 0x6e, 0x5f, 0x63, 0x61, 0x75, 0x73, 0x65, 0x64, 0x5f, 0x62,
  0x79, 0x5f, 0x6c, 0x69, 0x76, 0x69, 0x6e, 0x67, 0x5f, 0x6e, 0x6f, 0x6e,
  0x5f, 0x70, 0x6c, 0x61, 0x79, 0x65, 0x72, 0x05, 0x00, 0x0a, 0x65, 0x78,
  0x68, 0x61, 0x75, 0x73, 0x74, 0x69, 0x6f, 0x6e, 0x3d, 0xcc, 0xcc, 0xcd,
  0x08, 0x00, 0x0a, 0x6d, 0x65, 0x73, 0x73, 0x61, 0x67, 0x65, 0x5f, 0x69,
  0x64, 0x00, 0x06, 0x64, 0x72, 0x79, 0x6f, 0x75, 0x74, 0x00, 0x15, 0x6d,
  0x69, 0x6e, 0x65, 0x63, 0x72, 0x61, 0x66, 0x74, 0x3a, 0x65, 0x6e, 0x64,
  0x65, 0x72, 0x5f, 0x70, 0x65, 0x61, 0x72, 0x6c, 0x01, 0x0a, 0x08, 0x00,
  0x07, 0x73, 0x63, 0x61, 0x6c, 0x69, 0x6e, 0x67, 0x00, 0x20, 0x77, 0x68,
  0x65, 0x6e, 0x5f, 0x63, 0x61, 0x75, 0x73, 0x65, 0x64, 0x5f, 0x62, 0x79,
  0x5f, 0x6c, 0x69, 0x76, 0x69, 0x6e, 0x67, 0x5f, 0x6e, 0x6f, 0x6e, 0x5f,
  0x70, 0x6c, 0x61, 0x79, 0x65, 0x72, 0x05, 0x00, 0x0a, 0x65, 0x78, 0x68,
  0x61, 0x75, 0x73, 0x74, 0x69, 0x6f, 0x6e, 0x00, 0x00, 0x00, 0x00, 0x08,
  0x00, 0x0a, 0x6d, 0x65, 0x73, 0x73, 0x61, 0x67, 0x65, 0x5f, 0x69, 0x64,
  0x00, 0x04, 0x66, 0x61, 0x6c, 0x6c, 0x08, 0x00, 0x12, 0x64, 0x65, 0x61,
  0x74, 0x68, 0x5f, 0x6d, 0x65, 0x73, 0x73, 0x61, 0x67, 0x65, 0x5f, 0x74,
  0x79, 0x70, 0x65, 0x00, 0x0d, 0x66, 0x61, 0x6c, 0x6c, 0x5f, 0x76, 0x61,
  0x72, 0x69, 0x61, 0x6e, 0x74, 0x73, 0x00, 0x13, 0x6d, 0x69, 0x6e, 0x65,
  0x63, 0x72, 0x61, 0x66, 0x74, 0x3a, 0x65, 0x78, 0x70, 0x6c, 0x6f, 0x73,
  0x69, 0x6f, 0x6e, 0x01, 0x0a, 0x08, 0x00, 0x07, 0x73, 0x63, 0x61, 0x6c,
  0x69, 0x6e, 0x67, 0x00, 0x06, 0x61, 0x6c, 0x77, 0x61, 0x79, 0x73, 0x05,
  0x00, 0x0a, 0x65, 0x78, 0x68, 0x61, 0x75, 0x73, 0x74, 0x69, 0x6f, 0x6e,
  0x3d, 0xcc, 0xcc, 0xcd, 0x08, 0x00, 0x0a, 0x6d, 0x65, 0x73, 0x73, 0x61,
  0x67, 0x65, 0x5f, 0x69, 0x64, 0x00, 0x09, 0x65, 0x78, 0x70, 0x6c, 0x6f,
  0x73, 0x69, 0x6f, 0x6e, 0x00, 0x0e, 0x6d, 0x69, 0x6e, 0x65, 0x63, 0x72,
  0x61, 0x66, 0x74, 0x3a, 0x66, 0x61, 0x6c, 0x6c, 0x01, 0x0a, 0x08, 0x00,
  0x07, 0x73, 0x63, 0x61, 0x6c, 0x69, 0x6e, 0x67, 0x00, 0x20, 0x77, 0x68,
  0x65, 0x6e, 0x5f, 0x63, 0x61, 0x75, 0x73, 0x65, 0x64, 0x5f, 0x62, 0x79,
  0x5f, 0x6c, 0x69, 0x76, 0x69, 0x6e, 0x67, 0x5f, 0x6e, 0x6f, 0x6e, 0x5f,
  0x70, 0x6c, 0x61, 0x79, 0x65, 0x72, 0x05, 0x00, 0x0a, 0x65, 0x78, 0x68,
  0x61, 0x75, 0x73, 0x74, 0x69, 0x6f, 0x6e, 0x00, 0x00, 0x00, 0x00, 0x08,
  0x00, 0x0a, 0x6d, 0x65, 0x73, 0x73, 0x61, 0x67, 0x65, 0x5f, 0x69, 0x64,
  0x00, 0x04, 0x66, 0x61, 0x6c, 0x6c, 0x08, 0x00, 0x12, 0x64, 0x65, 0x61,
  0x74, 0x68, 0x5f, 0x6d, 0x65, 0x73, 0x73, 0x61, 0x67, 0x65, 0x5f, 0x74,
  0x79, 0x70, 0x65, 0x00, 0x0d, 0x66, 0x61, 0x6c, 0x6c, 0x5f, 0x76, 0x61,
  0x72, 0x69, 0x61, 0x6e, 0x74, 0x73, 0x00, 0x17, 0x6d, 0x69, 0x6e, 0x65,
  0x63, 0x72, 0x61, 0x66, 0x74, 0x3a, 0x66, 0x61, 0x6c, 0x6c, 0x69, 0x6e,
  0x67, 0x5f, 0x61, 0x6e, 0x76, 0x69, 0x6c, 0x01, 0x0a, 0x08, 0x00, 0x07,
  0x73, 0x63, 0x61, 0x6c, 0x69, 0x6e, 0x67, 0x00, 0x20, 0x77, 0x68, 0x65,
  0x6e, 0x5f, 0x63, 0x61, 0x75, 0x73, 0x65, 0x64, 0x5f, 0x62, 0x79, 0x5f,
  0x6c, 0x69, 0x76, 0x69, 0x6e, 0x67, 0x5f, 0x6e, 0x6f, 0x6e, 0x5f, 0x70,
  0x6c, 0x61, 0x79, 0x65, 0x72, 0x05, 0x00, 0x0a, 0x65, 0x78, 0x68, 0x61,
  0x75, 0x73, 0x74, 0x69, 0x6f, 0x6e, 0x3d, 0xcc, 0xcc, 0xcd, 0x08, 0x00,
  0x0a, 0x6d, 0x65, 0x73, 0x73, 0x61, 0x67, 0x65, 0x5f, 0x69, 0x64, 0x00,
  0x05, 0x61, 0x6e, 0x76, 0x69, 0x6c, 0x00, 0x17, 0x6d, 0x69, 0x6e, 0x65,
  0x63, 0x72, 0x61, 0x66, 0x74, 0x3a, 0x66, 0x61, 0x6c, 0x6c, 0x69, 0x6e,
  0x67, 0x5f, 0x62, 0x6c, 0x6f, 0x63, 0x6b, 0x01, 0x0a, 0x08, 0x00, 0x07,
  0x73, 0x63, 0x61, 0x6c, 0x69, 0x6e, 0x67, 0x00, 0x20, 0x77, 0x68, 0x65,
  0x6e, 0x5f, 0x63, 0x61, 0x75, 0x73, 0x65, 0x64, 0x5f, 0x62, 0x79, 0x5f,
  0x6c, 0x69, 0x76, 0x69, 0x6e, 0x67, 0x5f, 0x6e, 0x6f, 0x6e, 0x5f, 0x70,
  0x6c, 0x61, 0x79, 0x65, 0x72, 0x05, 0x00, 0x0a, 0x65, 0x78, 0x68, 0x61,
  0x75, 0x73, 0x74, 0x69, 0x6f, 0x6e, 0x3d, 0xcc, 0xcc, 0xcd, 0x08, 0x00,
  0x0a, 0x6d, 0x65, 0x73, 0x73, 0x61, 0x67, 0x65, 0x5f, 0x69, 0x64, 0x00,
  0x0c, 0x66, 0x61, 0x6c, 0x6c, 0x69, 0x6e, 0x67, 0x42, 0x6c, 0x6f, 0x63,
  0x6b, 0x00, 0x1c, 0x6d, 0x69, 0x6e, 0x65, 0x63, 0x72, 0x61, 0x66, 0x74,
  0x3a, 0x66, 0x61, 0x6c, 0x6c, 0x69, 0x6e, 0x67, 0x5f, 0x73, 0x74, 0x61,
  0x6c, 0x61, 0x63, 0x74, 0x69, 0x74, 0x65, 0x01, 0x0a, 0x08, 0x00, 0x07,
  0x73, 0x63, 0x61, 0x6c, 0x69, 0x6e, 0x67, 0x00, 0x20, 0x77, 0x68, 0x65,
  0x6e, 0x5f, 0x63, 0x61, 0x75, 0x73, 0x65, 0x64, 0x5f, 0x62, 0x79, 0x5f,
  0x6c, 0x69, 0x76, 0x69, 0x6e, 0x67, 0x5f, 0x6e, 0x6f, 0x6e, 0x5f, 0x70,
  0x6c, 0x61, 0x79, 0x65, 0x72, 0x05, 0x00, 0x0a, 0x65, 0x78, 0x68, 0x61,
  0x75, 0x73, 0x74, 0x69, 0x6f, 0x6e, 0x3d, 0xcc, 0xcc, 0xcd, 0x08, 0x00,
  0x0a, 0x6d, 0x65, 0x73, 0x73, 0x61, 0x67, 0x65, 0x5f, 0x69, 0x64, 0x00,
  0x11, 0x66, 0x61, 0x6c, 0x6c, 0x69, 0x6e, 0x67, 0x53, 0x74, 0x61, 0x6c,
  0x61, 0x63, 0x74, 0x69, 0x74, 0x65, 0x00, 0x12, 0x6d, 0x69, 0x6e, 0x65,
  0x63, 0x72, 0x61, 0x66, 0x74, 0x3a, 0x66, 0x69, 0x72, 0x65, 0x62, 0x61,
  0x6c, 0x6c, 0x01, 0x0a, 0x08, 0x00, 0x07, 0x73, 0x63, 0x61, 0x6c, 0x69,
  0x6e, 0x67, 0x00, 0x20, 0x77, 0x68, 0x65, 0x6e, 0x5f, 0x63, 0x61, 0x75,
  0x73, 0x65, 0x64, 0x5f, 0x62, 0x79, 0x5f, 0x6c, 0x69, 0x76, 0x69, 0x6e,
  0x67, 0x5f, 0x6e, 0x6f, 0x6e, 0x5f, 0x70, 0x6c, 0x61, 0x79, 0x65, 0x72,
  0x08, 0x00, 0x07, 0x65, 0x66, 0x66, 0x65, 0x63, 0x74, 0x73, 0x00, 0x07,
  0x62, 0x75, 0x72, 0x6e, 0x69, 0x6e, 0x67, 0x05, 0x00, 0x0a, 0x65, 0x78,
  0x68, 0x61, 0x75, 0x73, 0x74, 0x69, 0x6f, 0x6e, 0x3d, 0xcc, 0xcc, 0xcd,
  0x08, 0x00, 0x0a, 0x6d, 0x65, 0x73, 0x73, 0x61, 0x67, 0x65, 0x5f, 0x69,
  0x64, 0x00, 0x08, 0x66, 0x69, 0x72, 0x65, 0x62, 0x61, 0x6c, 0x6c, 0x00,
  0x13, 0x6d, 0x69, 0x6e, 0x65, 0x63, 0x72, 0x61, 0x66, 0x74, 0x3a, 0x66,
  0x69, 0x72, 0x65, 0x77, 0x6f, 0x72, 0x6b, 0x73, 0x01, 0x0a, 0x08, 0x00,
  0x07, 0x73, 0x63, 0x61, 0x6c, 0x69, 0x6e, 0x67, 0x00, 0x20, 0x77, 0x68,
  0x65, 0x6e, 0x5f, 0x63, 0x61, 0x75, 0x73, 0x65, 0x64, 0x5f, 0x62, 0x79,
  0x5f, 0x6c, 0x69, 0x76, 0x69, 0x6e, 0x67, 0x5f, 0x6e, 0x6f, 0x6e, 0x5f,
  0x70, 0x6c, 0x61, 0x79, 0x65, 0x72, 0x05, 0x00, 0x0a, 0x65, 0x78, 0x68,
  0x61, 0x75, 0x73, 0x74, 0x69, 0x6f, 0x6e, 0x3d, 0xcc, 0xcc, 0xcd, 0x08,
  0x00, 0x0a, 0x6d, 0x65, 0x73, 0x73, 0x61, 0x67, 0x65, 0x5f, 0x69, 0x64,
  0x00, 0x09, 0x66, 0x69, 0x72, 0x65, 0x77, 0x6f, 0x72, 0x6b, 0x73, 0x00,
  0x17, 0x6d, 0x69, 0x6e, 0x65, 0x63, 0x72, 0x61, 0x66, 0x74, 0x3a, 0x66,
  0x6c, 0x79, 0x5f, 0x69, 0x6e, 0x74, 0x6f, 0x5f, 0x77, 0x61, 0x6c, 0x6c,
  0x01, 0x0a, 0x08, 0x00, 0x07, 0x73, 0x63, 0x61, 0x6c, 0x69, 0x6e, 0x67,
  0x00, 0x20, 0x77, 0x68, 0x65, 0x6e, 0x5f, 0x63, 0x61, 0x75, 0x73, 0x65,
  0x64, 0x5f, 0x62, 0x79, 0x5f, 0x6c, 0x69, 0x76, 0x69, 0x6e, 0x67, 0x5f,
  0x6e, 0x6f, 0x6e, 0x5f, 0x70, 0x6c, 0x61, 0x79, 0x65, 0x72, 0x05, 0x00,
  0x0a, 0x65, 0x78, 0x68, 0x61, 0x75, 0x73, 0x74, 0x69, 0x6f, 0x6e, 0x00,
  0x00, 0x00, 0x00, 0x08, 0x00, 0x0a, 0x6d, 0x65, 0x73, 0x73, 0x61, 0x67,
  0x65, 0x5f, 0x69, 0x64, 0x00, 0x0b, 0x66, 0x6c, 0x79, 0x49, 0x6e, 0x74,
  0x6f, 0x57, 0x61, 0x6c, 0x6c, 0x00, 0x10, 0x6d, 0x69, 0x6e, 0x65, 0x63,
  0x72, 0x61, 0x66, 0x74, 0x3a, 0x66, 0x72, 0x65, 0x65, 0x7a, 0x65, 0x01,
  0x0a, 0x08, 0x00, 0x07, 0x73, 0x63, 0x61, 0x6c, 0x69, 0x6e, 0x67, 0x00,
  0x20, 0x77, 0x68, 0x65, 0x6e, 0x5f, 0x63, 0x61, 0x75, 0x73, 0x65, 0x64,
  0x5f, 0x62, 0x79, 0x5f, 0x6c, 0x69, 0x76, 0x69, 0x6e, 0x67, 0x5f, 0x6e,
  0x6f, 0x6e, 0x5f, 0x70, 0x6c, 0x61, 0x79, 0x65, 0x72, 0x08, 0x00, 0x07,
  0x65, 0x66, 0x66, 0x65, 0x63, 0x74, 0x73, 0x00, 0x08, 0x66, 0x72, 0x65,
  0x65, 0x7a, 0x69, 0x6e, 0x67, 0x05, 0x00, 0x0a, 0x65, 0x78, 0x68, 0x61,
  0x75, 0x73, 0x74, 0x69, 0x6f, 0x6e, 0x00, 0x00, 0x00, 0x00, 0x08, 0x00,
  0x0a, 0x6d, 0x65, 0x73, 0x73, 0x61, 0x67, 0x65, 0x5f, 0x69, 0x64, 0x00,
  0x06, 0x66, 0x72, 0x65, 0x65, 0x7a, 0x65, 0x00, 0x11, 0x6d, 0x69, 0x6e,
  0x65, 0x63, 0x72, 0x61, 0x66, 0x74, 0x3a, 0x67, 0x65, 0x6e, 0x65, 0x72,
  0x69, 0x63, 0x01, 0x0a, 0x08, 0x00, 0x07, 0x73, 0x63, 0x61, 0x6c, 0x69,
  0x6e, 0x67, 0x00, 0x20, 0x77, 0x68, 0x65, 0x6e, 0x5f, 0x63, 0x61, 0x75,
  0x73, 0x65, 0x64, 0x5f, 0x62, 0x79, 0x5f, 0x6c, 0x69, 0x76, 0x69, 0x6e,
  0x67, 0x5f, 0x6e, 0x6f, 0x6e, 0x5f, 0x70, 0x6c, 0x61, 0x79, 0x65, 0x72,
  0x05, 0x00, 0x0a, 0x65, 0x78, 0x68, 0x61, 0x75, 0x73, 0x74, 0x69, 0x6f,
  0x6e, 0x00, 0x00, 0x00, 0x00, 0x08, 0x00, 0x0a, 0x6d, 0x65, 0x73, 0x73,
  0x61, 0x67, 0x65, 0x5f, 0x69, 0x64, 0x00, 0x07, 0x67, 0x65, 0x6e, 0x65,
  0x72, 0x69, 0x63, 0x00, 0x16, 0x6d, 0x69, 0x6e, 0x65, 0x63, 0x72, 0x61,
  0x66, 0x74, 0x3a, 0x67, 0x65, 0x6e, 0x65, 0x72, 0x69, 0x63, 0x5f, 0x6b,
  0x69, 0x6c, 0x6c, 0x01, 0x0a, 0x08, 0x00, 0x07, 0x73, 0x63, 0x61, 0x6c,
  0x69, 0x6e, 0x67, 0x00, 0x20, 0x77, 0x68, 0x65, 0x6e, 0x5f, 0x63, 0x61,
  0x75, 0x73, 0x65, 0x64, 0x5f, 0x62, 0x79, 0x5f, 0x6c, 0x69, 0x76, 0x69,
  0x6e, 0x67, 0x5f, 0x6e, 0x6f, 0x6e, 0x5f, 0x70, 0x6c, 0x61, 0x79, 0x65,
  0x72, 0x05, 0x00, 0x0a, 0x65, 0x78, 0x68, 0x61, 0x75, 0x73, 0x74, 0x69,
  0x6f, 0x6e, 0x00, 0x00, 0x00, 0x00, 0x08, 0x00, 0x0a, 0x6d, 0x65, 0x73,
  0x73, 0x61, 0x67, 0x65, 0x5f, 0x69, 0x64, 0x00, 0x0b, 0x67, 0x65, 0x6e,
  0x65, 0x72, 0x69, 0x63, 0x4b, 0x69, 0x6c, 0x6c, 0x00, 0x13, 0x6d, 0x69,
  0x6e, 0x65, 0x63, 0x72, 0x61, 0x66, 0x74, 0x3a, 0x68, 0x6f, 0x74, 0x5f,
  0x66, 0x6c, 0x6f, 0x6f, 0x72, 0x01, 0x0a, 0x08, 0x00, 0x07, 0x73, 0x63,
  0x61, 0x6c, 0x69, 0x6e, 0x67, 0x00, 0x20, 0x77, 0x68, 0x65, 0x6e, 0x5f,
  0x63, 0x61, 0x75, 0x73, 0x65, 0x64, 0x5f, 0x62, 0x79, 0x5f, 0x6c, 0x69,
  0x76, 0x69, 0x6e, 0x67, 0x5f, 0x6e, 0x6f, 0x6e, 0x5f, 0x70, 0x6c, 0x61,
  0x79, 0x65, 0x72, 0x08, 0x00, 0x07, 0x65, 0x66, 0x66, 0x65, 0x63, 0x74,
  0x73, 0x00, 0x07, 0x62, 0x75, 0x72, 0x6e, 0x69, 0x6e, 0x67, 0x05, 0x00,
  0x0a, 0x65, 0x78, 0x68, 0x61, 0x75, 0x73, 0x74, 0x69, 0x6f, 0x6e, 0x3d,
  0xcc, 0xcc, 0xcd, 0x08, 0x00, 0x0a, 0x6d, 0x65, 0x73, 0x73, 0x61, 0x67,
  0x65, 0x5f, 0x69, 0x64, 0x00, 0x08, 0x68, 0x6f, 0x74, 0x46, 0x6c, 0x6f,
  0x6f, 0x72, 0x00, 0x11, 0x6d, 0x69, 0x6e, 0x65, 0x63, 0x72, 0x61, 0x66,
  0x74, 0x3a, 0x69, 0x6e, 0x5f, 0x66, 0x69, 0x72, 0x65, 0x01, 0x0a, 0x08,
  0x00, 0x07, 0x73, 0x63, 0x61, 0x6c, 0x69, 0x6e, 0x67, 0x00, 0x20, 0x77,
  0x68, 0x65, 0x6e, 0x5f, 0x63, 0x61, 0x75, 0x73, 0x65, 0x64, 0x5f, 0x62,
  0x79, 0x5f, 0x6c, 0x69, 0x76, 0x69, 0x6e, 0x67, 0x5f, 0x6e, 0x6f, 0x6e,
  0x5f, 0x70, 0x6c, 0x61, 0x79, 0x65, 0x72, 0x08, 0x00, 0x07, 0x65, 0x66,
  0x66, 0x65, 0x63, 0x74, 0x73, 0x00, 0x07, 0x62, 0x75, 0x72, 0x6e, 0x69,
  0x6e, 0x67, 0x05, 0x00, 0x0a, 0x65, 0x78, 0x68, 0x61, 0x75, 0x73, 0x74,
  0x69, 0x6f, 0x6e, 0x3d, 0xcc, 0xcc, 0xcd, 0x08, 0x00, 0x0a, 0x6d, 0x65,
  0x73, 0x73, 0x61, 0x67, 0x65, 0x5f, 0x69, 0x64, 0x00, 0x06, 0x69, 0x6e,
  0x46, 0x69, 0x72, 0x65, 0x00, 0x11, 0x6d, 0x69, 0x6e, 0x65, 0x63, 0x72,
  0x61, 0x66, 0x74, 0x3a, 0x69, 0x6e, 0x5f, 0x77, 0x61, 0x6c, 0x6c, 0x01,
  0x0a, 0x08, 0x00, 0x07, 0x73, 0x63, 0x61, 0x6c, 0x69, 0x6e, 0x67, 0x00,
  0x20, 0x77, 0x68, 0x65, 0x6e, 0x5f, 0x63, 0x61, 0x75, 0x73, 0x65, 0x64,
  0x5f, 0x62, 0x79, 0x5f, 0x6c, 0x69, 0x76, 0x69, 0x6e, 0x67, 0x5f, 0x6e,
  0x6f, 0x6e, 0x5f, 0x70, 0x6c, 0x61, 0x79, 0x65, 0x72, 0x05, 0x00, 0x0a,
  0x65, 0x78, 0x68, 0x61, 0x75, 0x73, 0x74, 0x69, 0x6f, 0x6e, 0x00, 0x00,
  0x00, 0x00, 0x08, 0x00, 0x0a, 0x6d, 0x65, 0x73, 0x73, 0x61, 0x67, 0x65,
  0x5f, 0x69, 0x64, 0x00, 0x06, 0x69, 0x6e, 0x57, 0x61, 0x6c, 0x6c, 0x00,
  0x18, 0x6d, 0x69, 0x6e, 0x65, 0x63, 0x72, 0x61, 0x66, 0x74, 0x3a, 0x69,
  0x6e, 0x64, 0x69, 0x72, 0x65, 0x63, 0x74, 0x5f, 0x6d, 0x61, 0x67, 0x69,
  0x63, 0x01, 0x0a, 0x08, 0x00, 0x07, 0x73, 0x63, 0x61, 0x6c, 0x69, 0x6e,
  0x67, 0x00, 0x20, 0x77, 0x68, 0x65, 0x6e, 0x5f, 0x63, 0x61, 0x75, 0x73,
  0x65, 0x64, 0x5f, 0x62, 0x79, 0x5f, 0x6c, 0x69, 0x76, 0x69, 0x6e, 0x67,
  0x5f, 0x6e, 0x6f, 0x6e, 0x5f, 0x70, 0x6c, 0x61, 0x79, 0x65, 0x72, 0x05,
  0x00, 0x0a, 0x65, 0x78, 0x68, 0x61, 0x75, 0x73, 0x74, 0x69, 0x6f, 0x6e,
  0x00, 0x00, 0x00, 0x00, 0x08, 0x00, 0x0a, 0x6d, 0x65, 0x73, 0x73, 0x61,
  0x67, 0x65, 0x5f, 0x69, 0x64, 0x00, 0x0d, 0x69, 0x6e, 0x64, 0x69, 0x72,
  0x65, 0x63, 0x74, 0x4d, 0x61, 0x67, 0x69, 0x63, 0x00, 0x0e, 0x6d, 0x69,
  0x6e, 0x65, 0x63, 0x72, 0x61, 0x66, 0x74, 0x3a, 0x6c, 0x61, 0x76, 0x61,
  0x01, 0x0a, 0x08, 0x00, 0x07, 0x73, 0x63, 0x61, 0x6c, 0x69, 0x6e, 0x67,
  0x00, 0x20, 0x77, 0x68, 0x65, 0x6e, 0x5f, 0x63, 0x61, 0x75, 0x73, 0x65,
  0x64, 0x5f, 0x62, 0x79, 0x5f, 0x6c, 0x69, 0x76, 0x69, 0x6e, 0x67, 0x5f,
  0x6e, 0x6f, 0x6e, 0x5f, 0x70, 0x6c, 0x61, 0x79, 0x65, 0x72, 0x08, 0x00,
  0x07, 0x65, 0x66, 0x66, 0x65, 0x63, 0x74, 0x73, 0x00, 0x07, 0x62, 0x75,
  0x72, 0x6e, 0x69, 0x6e, 0x67, 0x05, 0x00, 0x0a, 0x65, 0x78, 0x68, 0x61,
  0x75, 0x73, 0x74, 0x69, 0x6f, 0x6e, 0x3d, 0xcc, 0xcc, 0xcd, 0x08, 0x00,
  0x0a, 0x6d, 0x65, 0x73, 0x73, 0x61, 0x67, 0x65, 0x5f, 0x69, 0x64, 0x00,
  0x04, 0x6c, 0x61, 0x76, 0x61, 0x00, 0x18, 0x6d, 0x69, 0x6e, 0x65, 0x63,
  0x72, 0x61, 0x66, 0x74, 0x3a, 0x6c, 0x69, 0x67, 0x68, 0x74, 0x6e, 0x69,
  0x6e, 0x67, 0x5f, 0x62, 0x6f, 0x6c, 0x74, 0x01, 0x0a, 0x08, 0x00, 0x07,
  0x73, 0x63, 0x61, 0x6c, 0x69, 0x6e, 0x67, 0x00, 0x20, 0x77, 0x68, 0x65,
  0x6e, 0x5f, 0x63, 0x61, 0x75, 0x73, 0x65, 0x64, 0x5f, 0x62, 0x79, 0x5f,
  0x6c, 0x69, 0x76, 0x69, 0x6e, 0x67, 0x5f, 0x6e, 0x6f, 0x6e, 0x5f, 0x70,
  0x6c, 0x61, 0x79, 0x65, 0x72, 0x05, 0x00, 0x0a, 0x65, 0x78, 0x68, 0x61,
  0x75, 0x73, 0x74, 0x69, 0x6f, 0x6e, 0x3d, 0xcc, 0xcc, 0xcd, 0x08, 0x00,
  0x0a, 0x6d, 0x65, 0x73, 0x73, 0x61, 0x67, 0x65, 0x5f, 0x69, 0x64, 0x00,
  0x0d, 0x6c, 0x69, 0x67, 0x68, 0x74, 0x6e, 0x69, 0x6e, 0x67, 0x42, 0x6f,
  0x6c, 0x74, 0x00, 0x14, 0x6d, 0x69, 0x6e, 0x65, 0x63, 0x72, 0x61, 0x66,
  0x74, 0x3a, 0x6d, 0x61, 0x63, 0x65, 0x5f, 0x73, 0x6d, 0x61, 0x73, 0x68,
  0x01, 0x0a, 0x08, 0x00, 0x07, 0x73, 0x63, 0x61, 0x6c, 0x69, 0x6e, 0x67,
  0x00, 0x20, 0x77, 0x68, 0x65, 0x6e, 0x5f, 0x63, 0x61, 0x75, 0x73, 0x65,
  0x64, 0x5f, 0x62, 0x79, 0x5f, 0x6c, 0x69, 0x76, 0x69, 0x6e, 0x67, 0x5f,
  0x6e, 0x6f, 0x6e, 0x5f, 0x70, 0x6c, 0x61, 0x79, 0x65, 0x72, 0x05, 0x00,
  0x0a, 0x65, 0x78, 0x68, 0x61, 0x75, 0x73, 0x74, 0x69, 0x6f, 0x6e, 0x3d,
  0xcc, 0xcc, 0xcd, 0x08, 0x00, 0x0a, 0x6d, 0x65, 0x73, 0x73, 0x61, 0x67,
  0x65, 0x5f, 0x69, 0x64, 0x00, 0x0a, 0x6d, 0x61, 0x63, 0x65, 0x5f, 0x73,
  0x6d, 0x61, 0x73, 0x68, 0x00, 0x0f, 0x6d, 0x69, 0x6e, 0x65, 0x63, 0x72,
  0x61, 0x66, 0x74, 0x3a, 0x6d, 0x61, 0x67, 0x69, 0x63, 0x01, 0x0a, 0x08,
  0x00, 0x07, 0x73, 0x63, 0x61, 0x6c, 0x69, 0x6e, 0x67, 0x00, 0x20, 0x77,
  0x68, 0x65, 0x6e, 0x5f, 0x63, 0x61, 0x75, 0x73, 0x65, 0x64, 0x5f, 0x62,
  0x79, 0x5f, 0x6c, 0x69, 0x76, 0x69, 0x6e, 0x67, 0x5f, 0x6e, 0x6f, 0x6e,
  0x5f, 0x70, 0x6c, 0x61, 0x79, 0x65, 0x72, 0x05, 0x00, 0x0a, 0x65, 0x78,
  0x68, 0x61, 0x75, 0x73, 0x74, 0x69, 0x6f, 0x6e, 0x00, 0x00, 0x00, 0x00,
  0x08, 0x00, 0x0a, 0x6d, 0x65, 0x73, 0x73, 0x61, 0x67, 0x65, 0x5f, 0x69,
  0x64, 0x00, 0x05, 0x6d, 0x61, 0x67, 0x69, 0x63, 0x00, 0x14, 0x6d, 0x69,
  0x6e, 0x65, 0x63, 0x72, 0x61, 0x66, 0x74, 0x3a, 0x6d, 0x6f, 0x62, 0x5f,
  0x61, 0x74, 0x74, 0x61, 0x63, 0x6b, 0x01, 0x0a, 0x08, 0x00, 0x07, 0x73,
  0x63, 0x61, 0x6c, 0x69, 0x6e, 0x67, 0x00, 0x20, 0x77, 0x68, 0x65, 0x6e,
  0x5f, 0x63, 0x61, 0x75, 0x73, 0x65, 0x64, 0x5f, 0x62, 0x79, 0x5f, 0x6c,
  0x69, 0x76, 0x69, 0x6e, 0x67, 0x5f, 0x6e, 0x6f, 0x6e, 0x5f, 0x70, 0x6c,
  0x61, 0x79, 0x65, 0x72, 0x05, 0x00, 0x0a, 0x65, 0x78, 0x68, 0x61, 0x75,
  0x73, 0x74, 0x69, 0x6f, 0x6e, 0x3d, 0xcc, 0xcc, 0xcd, 0x08, 0x00, 0x0a,
  0x6d, 0x65, 0x73, 0x73, 0x61, 0x67, 0x65, 0x5f, 0x69, 0x64, 0x00, 0x03,
  0x6d, 0x6f, 0x62, 0x00, 0x1d, 0x6d, 0x69, 0x6e, 0x65, 0x63, 0x72, 0x61,
  0x66, 0x74, 0x3a, 0x6d, 0x6f, 0x62, 0x5f, 0x61, 0x74, 0x74, 0x61, 0x63,
  0x6b, 0x5f, 0x6e, 0x6f, 0x5f, 0x61, 0x67, 0x67, 0x72, 0x6f, 0x01, 0x0a,
  0x08, 0x00, 0x07, 0x73, 0x63, 0x61, 0x6c, 0x69, 0x6e, 0x67, 0x00, 0x20,
  0x77, 0x68, 0x65, 0x6e, 0x5f, 0x63, 0x61, 0x75, 0x73, 0x65, 0x64, 0x5f,
  0x62, 0x79, 0x5f, 0x6c, 0x69, 0x76, 0x69, 0x6e, 0x67, 0x5f, 0x6e, 0x6f,
  0x6e, 0x5f, 0x70, 0x6c, 0x61, 0x79, 0x65, 0x72, 0x05, 0x00, 0x0a, 0x65,
  0x78, 0x68, 0x61, 0x75, 0x73, 0x74, 0x69, 0x6f, 0x6e, 0x3d, 0xcc, 0xcc,
  0xcd, 0x08, 0x00, 0x0a, 0x6d, 0x65, 0x73, 0x73, 0x61, 0x67, 0x65, 0x5f,
  0x69, 0x64, 0x00, 0x03, 0x6d, 0x6f, 0x62, 0x00, 0x18, 0x6d, 0x69, 0x6e,
  0x65, 0x63, 0x72, 0x61, 0x66, 0x74, 0x3a, 0x6d, 0x6f, 0x62, 0x5f, 0x70,
  0x72, 0x6f, 0x6a, 0x65, 0x63, 0x74, 0x69, 0x6c, 0x65, 0x01, 0x0a, 0x08,
  0x00, 0x07, 0x73, 0x63, 0x61, 0x6c, 0x69, 0x6e, 0x67, 0x00, 0x20, 0x77,
  0x68, 0x65, 0x6e, 0x5f, 0x63, 0x61, 0x75, 0x73, 0x65, 0x64, 0x5f, 0x62,
  0x79, 0x5f, 0x6c, 0x69, 0x76, 0x69, 0x6e, 0x67, 0x5f, 0x6e, 0x6f, 0x6e,
  0x5f, 0x70, 0x6c, 0x61, 0x79, 0x65, 0x72, 0x05, 0x00, 0x0a, 0x65, 0x78,
  0x68, 0x61, 0x75, 0x73, 0x74, 0x69, 0x6f, 0x6e, 0x3d, 0xcc, 0xcc, 0xcd,
  0x08, 0x00, 0x0a, 0x6d, 0x65, 0x73, 0x73, 0x61, 0x67, 0x65, 0x5f, 0x69,
  0x64, 0x00, 0x03, 0x6d, 0x6f, 0x62, 0x00, 0x11, 0x6d, 0x69, 0x6e, 0x65,
  0x63, 0x72, 0x61, 0x66, 0x74, 0x3a, 0x6f, 0x6e, 0x5f, 0x66, 0x69, 0x72,
  0x65, 0x01, 0x0a, 0x08, 0x00, 0x07, 0x73, 0x63, 0x61, 0x6c, 0x69, 0x6e,
  0x67, 0x00, 0x20, 0x77, 0x68, 0x65, 0x6e, 0x5f, 0x63, 0x61, 0x75, 0x73,
  0x65, 0x64, 0x5f, 0x62, 0x79, 0x5f, 0x6c, 0x69, 0x76, 0x69, 0x6e, 0x67,
  0x5f, 0x6e, 0x6f, 0x6e, 0x5f, 0x70, 0x6c, 0x61, 0x79, 0x65, 0x72, 0x08,
  0x00, 0x07, 0x65, 0x66, 0x66, 0x65, 0x63, 0x74, 0x73, 0x00, 0x07, 0x62,
  0x75, 0x72, 0x6e, 0x69, 0x6e, 0x67, 0x05, 0x00, 0x0a, 0x65, 0x78, 0x68,
  0x61, 0x75, 0x73, 0x74, 0x69, 0x6f, 0x6e, 0x00, 0x00, 0x00, 0x00, 0x08,
  0x00, 0x0a, 0x6d, 0x65, 0x73, 0x73, 0x61, 0x67, 0x65, 0x5f, 0x69, 0x64,
  0x00, 0x06, 0x6f, 0x6e, 0x46, 0x69, 0x72, 0x65, 0x00, 0x16, 0x6d, 0x69,
  0x6e, 0x65, 0x63, 0x72, 0x61, 0x66, 0x74, 0x3a, 0x6f, 0x75, 0x74, 0x5f,
  0x6f, 0x66, 0x5f, 0x77, 0x6f, 0x72, 0x6c, 0x64, 0x01, 0x0a, 0x08, 0x00,
  0x07, 0x73, 0x63, 0x61, 0x6c, 0x69, 0x6e, 0x67, 0x00, 0x20, 0x77, 0x68,
  0x65, 0x6e, 0x5f, 0x63, 0x61, 0x75, 0x73, 0x65, 0x64, 0x5f, 0x62, 0x79,
  0x5f, 0x6c, 0x69, 0x76, 0x69, 0x6e, 0x67, 0x5f, 0x6e, 0x6f, 0x6e, 0x5f,
  0x70, 0x6c, 0x61, 0x79, 0x65, 0x72, 0x05, 0x00, 0x0a, 0x65, 0x78, 0x68,
  0x61, 0x75, 0x73, 0x74, 0x69, 0x6f, 0x6e, 0x00, 0x00, 0x00, 0x00, 0x08,
  0x00, 0x0a, 0x6d, 0x65, 0x73, 0x73, 0x61, 0x67, 0x65, 0x5f, 0x69, 0x64,
  0x00, 0x0a, 0x6f, 0x75, 0x74, 0x4f, 0x66, 0x57, 0x6f, 0x72, 0x6c, 0x64,
  0x00, 0x18, 0x6d, 0x69, 0x6e, 0x65, 0x63, 0x72, 0x61, 0x66, 0x74, 0x3a,
  0x6f, 0x75, 0x74, 0x73, 0x69, 0x64, 0x65, 0x5f, 0x62, 0x6f, 0x72, 0x64,
  0x65, 0x72, 0x01, 0x0a, 0x08, 0x00, 0x07, 0x73, 0x63, 0x61, 0x6c, 0x69,
  0x6e, 0x67, 0x00, 0x20, 0x77, 0x68, 0x65, 0x6e, 0x5f, 0x63, 0x61, 0x75,
  0x73, 0x65, 0x64, 0x5f, 0x62, 0x79, 0x5f, 0x6c, 0x69, 0x76, 0x69, 0x6e,
  0x67, 0x5f, 0x6e, 0x6f, 0x6e, 0x5f, 0x70, 0x6c, 0x61, 0x79, 0x65, 0x72,
  0x05, 0x00, 0x0a, 0x65, 0x78, 0x68, 0x61, 0x75, 0x73, 0x74, 0x69, 0x6f,
  0x6e, 0x00, 0x00, 0x00, 0x00, 0x08, 0x00, 0x0a, 0x6d, 0x65, 0x73, 0x73,
  0x61, 0x67, 0x65, 0x5f, 0x69, 0x64, 0x00, 0x0d, 0x6f, 0x75, 0x74, 0x73,
  0x69, 0x64, 0x65, 0x42, 0x6f, 0x72, 0x64, 0x65, 0x72, 0x00, 0x17, 0x6d,
  0x69, 0x6e, 0x65, 0x63, 0x72, 0x61, 0x66, 0x74, 0x3a, 0x70, 0x6c, 0x61,
  0x79, 0x65, 0x72, 0x5f, 0x61, 0x74, 0x74, 0x61, 0x63, 0x6b, 0x01, 0x0a,
  0x08, 0x00, 0x07, 0x73, 0x63, 0x61, 0x6c, 0x69, 0x6e, 0x67, 0x00, 0x20,
  0x77, 0x68, 0x65, 0x6e, 0x5f, 0x63, 0x61, 0x75, 0x73, 0x65, 0x64, 0x5f,
  0x62, 0x79, 0x5f, 0x6c, 0x69, 0x76, 0x69, 0x6e, 0x67, 0x5f, 0x6e, 0x6f,
  0x6e, 0x5f, 0x70, 0x6c, 0x61, 0x79, 0x65, 0x72, 0x05, 0x00, 0x0a, 0x65,
  0x78, 0x68, 0x61, 0x75, 0x73, 0x74, 0x69, 0x6f, 0x6e, 0x3d, 0xcc, 0xcc,
  0xcd, 0x08, 0x00, 0x0a, 0x6d, 0x65, 0x73, 0x73, 0x61, 0x67, 0x65, 0x5f,
  0x69, 0x64, 0x00, 0x06, 0x70, 0x6c, 0x61, 0x79, 0x65, 0x72, 0x00, 0x1a,
  0x6d, 0x69, 0x6e, 0x65, 0x63, 0x72, 0x61, 0x66, 0x74, 0x3a, 0x70, 0x6c,
  0x61, 0x79, 0x65, 0x72, 0x5f, 0x65, 0x78, 0x70, 0x6c, 0x6f, 0x73, 0x69,
  0x6f, 0x6e, 0x01, 0x0a, 0x08, 0x00, 0x07, 0x73, 0x63, 0x61, 0x6c, 0x69,
  0x6e, 0x67, 0x00, 0x06, 0x61, 0x6c, 0x77, 0x61, 0x79, 0x73, 0x05, 0x00,
  0x0a, 0x65, 0x78, 0x68, 0x61, 0x75, 0x73, 0x74, 0x69, 0x6f, 0x6e, 0x3d,
  0xcc, 0xcc, 0xcd, 0x08, 0x00, 0x0a, 0x6d, 0x65, 0x73, 0x73, 0x61, 0x67,
  0x65, 0x5f, 0x69, 0x64, 0x00, 0x10, 0x65, 0x78, 0x70, 0x6c, 0x6f, 0x73,
  0x69, 0x6f, 0x6e, 0x2e, 0x70, 0x6c, 0x61, 0x79, 0x65, 0x72, 0x00, 0x14,
  0x6d, 0x69, 0x6e, 0x65, 0x63, 0x72, 0x61, 0x66, 0x74, 0x3a, 0x73, 0x6f,
  0x6e, 0x69, 0x63, 0x5f, 0x62, 0x6f, 0x6f, 0x6d, 0x01, 0x0a, 0x08, 0x00,
  0x07, 0x73, 0x63, 0x61, 0x6c, 0x69, 0x6e, 0x67, 0x00, 0x06, 0x61, 0x6c,
  0x77, 0x61, 0x79, 0x73, 0x05, 0x00, 0x0a, 0x65, 0x78, 0x68, 0x61, 0x75,
  0x73, 0x74, 0x69, 0x6f, 0x6e, 0x00, 0x00, 0x00, 0x00, 0x08, 0x00, 0x0a,
  0x6d, 0x65, 0x73, 0x73, 0x61, 0x67, 0x65, 0x5f, 0x69, 0x64, 0x00, 0x0a,
  0x73, 0x6f, 0x6e, 0x69, 0x63, 0x5f, 0x62, 0x6f, 0x6f, 0x6d, 0x00, 0x0f,
  0x6d, 0x69, 0x6e, 0x65, 0x63, 0x72, 0x61, 0x66, 0x74, 0x3a, 0x73, 0x70,
  0x65, 0x61, 0x72, 0x01, 0x0a, 0x08, 0x00, 0x07, 0x73, 0x63, 0x61, 0x6c,
  0x69, 0x6e, 0x67, 0x00, 0x20, 0x77, 0x68, 0x65, 0x6e, 0x5f, 0x63, 0x61,
  0x75, 0x73, 0x65, 0x64, 0x5f, 0x62, 0x79, 0x5f, 0x6c, 0x69, 0x76, 0x69,
  0x6e, 0x67, 0x5f, 0x6e, 0x6f, 0x6e, 0x5f, 0x70, 0x6c, 0x61, 0x79, 0x65,
  0x72, 0x05, 0x00, 0x0a, 0x65, 0x78, 0x68, 0x61, 0x75, 0x73, 0x74, 0x69,
  0x6f, 0x6e, 0x3d, 0xcc, 0xcc, 0xcd, 0x08, 0x00, 0x0a, 0x6d, 0x65, 0x73,
  0x73, 0x61, 0x67, 0x65, 0x5f, 0x69, 0x64, 0x00, 0x05, 0x73, 0x70, 0x65,
  0x61, 0x72, 0x00, 0x0e, 0x6d, 0x69, 0x6e, 0x65, 0x63, 0x72, 0x61, 0x66,
  0x74, 0x3a, 0x73, 0x70, 0x69, 0x74, 0x01, 0x0a, 0x08, 0x00, 0x07, 0x73,
  0x63, 0x61, 0x6c, 0x69, 0x6e, 0x67, 0x00, 0x20, 0x77, 0x68, 0x65, 0x6e,
  0x5f, 0x63, 0x61, 0x75, 0x73, 0x65, 0x64, 0x5f, 0x62, 0x79, 0x5f, 0x6c,
  0x69, 0x76, 0x69, 0x6e, 0x67, 0x5f, 0x6e, 0x6f, 0x6e, 0x5f, 0x70, 0x6c,
  0x61, 0x79, 0x65, 0x72, 0x05, 0x00, 0x0a, 0x65, 0x78, 0x68, 0x61, 0x75,
  0x73, 0x74, 0x69, 0x6f, 0x6e, 0x3d, 0xcc, 0xcc, 0xcd, 0x08, 0x00, 0x0a,
  0x6d, 0x65, 0x73, 0x73, 0x61, 0x67, 0x65, 0x5f, 0x69, 0x64, 0x00, 0x03,
  0x6d, 0x6f, 0x62, 0x00, 0x14, 0x6d, 0x69, 0x6e, 0x65, 0x63, 0x72, 0x61,
  0x66, 0x74, 0x3a, 0x73, 0x74, 0x61, 0x6c, 0x61, 0x67, 0x6d, 0x69, 0x74,
  0x65, 0x01, 0x0a, 0x08, 0x00, 0x07, 0x73, 0x63, 0x61, 0x6c, 0x69, 0x6e,
  0x67, 0x00, 0x20, 0x77, 0x68, 0x65, 0x6e, 0x5f, 0x63, 0x61, 0x75, 0x73,
  0x65, 0x64, 0x5f, 0x62, 0x79, 0x5f, 0x6c, 0x69, 0x76, 0x69, 0x6e, 0x67,
  0x5f, 0x6e, 0x6f, 0x6e, 0x5f, 0x70, 0x6c, 0x61, 0x79, 0x65, 0x72, 0x05,
  0x00, 0x0a, 0x65, 0x78, 0x68, 0x61, 0x75, 0x73, 0x74, 0x69, 0x6f, 0x6e,
  0x00, 0x00, 0x00, 0x00, 0x08, 0x00, 0x0a, 0x6d, 0x65, 0x73, 0x73, 0x61,
  0x67, 0x65, 0x5f, 0x69, 0x64, 0x00, 0x0a, 0x73, 0x74, 0x61, 0x6c, 0x61,
  0x67, 0x6d, 0x69, 0x74, 0x65, 0x00, 0x10, 0x6d, 0x69, 0x6e, 0x65, 0x63,
  0x72, 0x61, 0x66, 0x74, 0x3a, 0x73, 0x74, 0x61, 0x72, 0x76, 0x65, 0x01,
  0x0a, 0x08, 0x00, 0x07, 0x73, 0x63, 0x61, 0x6c, 0x69, 0x6e, 0x67, 0x00,
  0x20, 0x77, 0x68, 0x65, 0x6e, 0x5f, 0x63, 0x61, 0x75, 0x73, 0x65, 0x64,
  0x5f, 0x62, 0x79, 0x5f, 0x6c, 0x69, 0x76, 0x69, 0x6e, 0x67, 0x5f, 0x6e,
  0x6f, 0x6e, 0x5f, 0x70, 0x6c, 0x61, 0x79, 0x65, 0x72, 0x05, 0x00, 0x0a,
  0x65, 0x78, 0x68, 0x61, 0x75, 0x73, 0x74, 0x69, 0x6f, 0x6e, 0x00, 0x00,
  0x00, 0x00, 0x08, 0x00, 0x0a, 0x6d, 0x65, 0x73, 0x73, 0x61, 0x67, 0x65,
  0x5f, 0x69, 0x64, 0x00, 0x06, 0x73, 0x74, 0x61, 0x72, 0x76, 0x65, 0x00,
  0x0f, 0x6d, 0x69, 0x6e, 0x65, 0x63, 0x72, 0x61, 0x66, 0x74, 0x3a, 0x73,
  0x74, 0x69, 0x6e, 0x67, 0x01, 0x0a, 0x08, 0x00, 0x07, 0x73, 0x63, 0x61,
  0x6c, 0x69, 0x6e, 0x67, 0x00, 0x20, 0x77, 0x68, 0x65, 0x6e, 0x5f, 0x63,
  0x61, 0x75, 0x73, 0x65, 0x64, 0x5f, 0x62, 0x79, 0x5f, 0x6c, 0x69, 0x76,
  0x69, 0x6e, 0x67, 0x5f, 0x6e, 0x6f, 0x6e, 0x5f, 0x70, 0x6c, 0x61, 0x79,
  0x65, 0x72, 0x05, 0x00, 0x0a, 0x65, 0x78, 0x68, 0x61, 0x75, 0x73, 0x74,
  0x69, 0x6f, 0x6e, 0x3d, 0xcc, 0xcc, 0xcd, 0x08, 0x00, 0x0a, 0x6d, 0x65,
  0x73, 0x73, 0x61, 0x67, 0x65, 0x5f, 0x69, 0x64, 0x00, 0x05, 0x73, 0x74,
  0x69, 0x6e, 0x67, 0x00, 0x1a, 0x6d, 0x69, 0x6e, 0x65, 0x63, 0x72, 0x61,
  0x66, 0x74, 0x3a, 0x73, 0x77, 0x65, 0x65, 0x74, 0x5f, 0x62, 0x65, 0x72,
  0x72, 0x79, 0x5f, 0x62, 0x75, 0x73, 0x68, 0x01, 0x0a, 0x08, 0x00, 0x07,
  0x73, 0x63, 0x61, 0x6c, 0x69, 0x6e, 0x67, 0x00, 0x20, 0x77, 0x68, 0x65,
  0x6e, 0x5f, 0x63, 0x61, 0x75, 0x73, 0x65, 0x64, 0x5f, 0x62, 0x79, 0x5f,
  0x6c, 0x69, 0x76, 0x69, 0x6e, 0x67, 0x5f, 0x6e, 0x6f, 0x6e, 0x5f, 0x70,
  0x6c, 0x61, 0x79, 0x65, 0x72, 0x08, 0x00, 0x07, 0x65, 0x66, 0x66, 0x65,
  0x63, 0x74, 0x73, 0x00, 0x06, 0x70, 0x6f, 0x6b, 0x69, 0x6e, 0x67, 0x05,
  0x00, 0x0a, 0x65, 0x78, 0x68, 0x61, 0x75, 0x73, 0x74, 0x69, 0x6f, 0x6e,
  0x3d, 0xcc, 0xcc, 0xcd, 0x08, 0x00, 0x0a, 0x6d, 0x65, 0x73, 0x73, 0x61,
  0x67, 0x65, 0x5f, 0x69, 0x64, 0x00, 0x0e, 0x73, 0x77, 0x65, 0x65, 0x74,
  0x42, 0x65, 0x72, 0x72, 0x79, 0x42, 0x75, 0x73, 0x68, 0x00, 0x10, 0x6d,
  0x69, 0x6e, 0x65, 0x63, 0x72, 0x61, 0x66, 0x74, 0x3a, 0x74, 0x68, 0x6f,
  0x72, 0x6e, 0x73, 0x01, 0x0a, 0x08, 0x00, 0x07, 0x73, 0x63, 0x61, 0x6c,
  0x69, 0x6e, 0x67, 0x00, 0x20, 0x77, 0x68, 0x65, 0x6e, 0x5f, 0x63, 0x61,
  0x75, 0x73, 0x65, 0x64, 0x5f, 0x62, 0x79, 0x5f, 0x6c, 0x69, 0x76, 0x69,
  0x6e, 0x67, 0x5f, 0x6e, 0x6f, 0x6e, 0x5f, 0x70, 0x6c, 0x61, 0x79, 0x65,
  0x72, 0x08, 0x00, 0x07, 0x65, 0x66, 0x66, 0x65, 0x63, 0x74, 0x73, 0x00,
  0x06, 0x74, 0x68, 0x6f, 0x72, 0x6e, 0x73, 0x05, 0x00, 0x0a, 0x65, 0x78,
  0x68, 0x61, 0x75, 0x73, 0x74, 0x69, 0x6f, 0x6e, 0x3d, 0xcc, 0xcc, 0xcd,
  0x08, 0x00, 0x0a, 0x6d, 0x65, 0x73, 0x73, 0x61, 0x67, 0x65, 0x5f, 0x69,
  0x64, 0x00, 0x06, 0x74, 0x68, 0x6f, 0x72, 0x6e, 0x73, 0x00, 0x10, 0x6d,
  0x69, 0x6e, 0x65, 0x63, 0x72, 0x61, 0x66, 0x74, 0x3a, 0x74, 0x68, 0x72,
  0x6f, 0x77, 0x6e, 0x01, 0x0a, 0x08, 0x00, 0x07, 0x73, 0x63, 0x61, 0x6c,
  0x69, 0x6e, 0x67, 0x00, 0x20, 0x77, 0x68, 0x65, 0x6e, 0x5f, 0x63, 0x61,
  0x75, 0x73, 0x65, 0x64, 0x5f, 0x62, 0x79, 0x5f, 0x6c, 0x69, 0x76, 0x69,
  0x6e, 0x67, 0x5f, 0x6e, 0x6f, 0x6e, 0x5f, 0x70, 0x6c, 0x61, 0x79, 0x65,
  0x72, 0x05, 0x00, 0x0a, 0x65, 0x78, 0x68, 0x61, 0x75, 0x73, 0x74, 0x69,
  0x6f, 0x6e, 0x3d, 0xcc, 0xcc, 0xcd, 0x08, 0x00, 0x0a, 0x6d, 0x65, 0x73,
  0x73, 0x61, 0x67, 0x65, 0x5f, 0x69, 0x64, 0x00, 0x06, 0x74, 0x68, 0x72,
  0x6f, 0x77, 0x6e, 0x00, 0x11, 0x6d, 0x69, 0x6e, 0x65, 0x63, 0x72, 0x61,
  0x66, 0x74, 0x3a, 0x74, 0x72, 0x69, 0x64, 0x65, 0x6e, 0x74, 0x01, 0x0a,
  0x08, 0x00, 0x07, 0x73, 0x63, 0x61, 0x6c, 0x69, 0x6e, 0x67, 0x00, 0x20,
  0x77, 0x68, 0x65, 0x6e, 0x5f, 0x63, 0x61, 0x75, 0x73, 0x65, 0x64, 0x5f,
  0x62, 0x79, 0x5f, 0x6c, 0x69, 0x76, 0x69, 0x6e, 0x67, 0x5f, 0x6e, 0x6f,
  0x6e, 0x5f, 0x70, 0x6c, 0x61, 0x79, 0x65, 0x72, 0x05, 0x00, 0x0a, 0x65,
  0x78, 0x68, 0x61, 0x75, 0x73, 0x74, 0x69, 0x6f, 0x6e, 0x3d, 0xcc, 0xcc,
  0xcd, 0x08, 0x00, 0x0a, 0x6d, 0x65, 0x73, 0x73, 0x61, 0x67, 0x65, 0x5f,
  0x69, 0x64, 0x00, 0x07, 0x74, 0x72, 0x69, 0x64, 0x65, 0x6e, 0x74, 0x00,
  0x1f, 0x6d, 0x69, 0x6e, 0x65, 0x63, 0x72, 0x61, 0x66, 0x74, 0x3a, 0x75,
  0x6e, 0x61, 0x74, 0x74, 0x72, 0x69, 0x62, 0x75, 0x74, 0x65, 0x64, 0x5f,
  0x66, 0x69, 0x72, 0x65, 0x62, 0x61, 0x6c, 0x6c, 0x01, 0x0a, 0x08, 0x00,
  0x07, 0x73, 0x63, 0x61, 0x6c, 0x69, 0x6e, 0x67, 0x00, 0x20, 0x77, 0x68,
  0x65, 0x6e, 0x5f, 0x63, 0x61, 0x75, 0x73, 0x65, 0x64, 0x5f, 0x62, 0x79,
  0x5f, 0x6c, 0x69, 0x76, 0x69, 0x6e, 0x67, 0x5f, 0x6e, 0x6f, 0x6e, 0x5f,
  0x70, 0x6c, 0x61, 0x79, 0x65, 0x72, 0x08, 0x00, 0x07, 0x65, 0x66, 0x66,
  0x65, 0x63, 0x74, 0x73, 0x00, 0x07, 0x62, 0x75, 0x72, 0x6e, 0x69, 0x6e,
  0x67, 0x05, 0x00, 0x0a, 0x65, 0x78, 0x68, 0x61, 0x75, 0x73, 0x74, 0x69,
  0x6f, 0x6e, 0x3d, 0xcc, 0xcc, 0xcd, 0x08, 0x00, 0x0a, 0x6d, 0x65, 0x73,
  0x73, 0x61, 0x67, 0x65, 0x5f, 0x69, 0x64, 0x00, 0x06, 0x6f, 0x6e, 0x46,
  0x69, 0x72, 0x65, 0x00, 0x15, 0x6d, 0x69, 0x6e, 0x65, 0x63, 0x72, 0x61,
  0x66, 0x74, 0x3a, 0x77, 0x69, 0x6e, 0x64, 0x5f, 0x63, 0x68, 0x61, 0x72,
  0x67, 0x65, 0x01, 0x0a, 0x08, 0x00, 0x07, 0x73, 0x63, 0x61, 0x6c, 0x69,
  0x6e, 0x67, 0x00, 0x20, 0x77, 0x68, 0x65, 0x6e, 0x5f, 0x63, 0x61, 0x75,
  0x73, 0x65, 0x64, 0x5f, 0x62, 0x79, 0x5f, 0x6c, 0x69, 0x76, 0x69, 0x6e,
  0x67, 0x5f, 0x6e, 0x6f, 0x6e, 0x5f, 0x70, 0x6c, 0x61, 0x79, 0x65, 0x72,
  0x05, 0x00, 0x0a, 0x65, 0x78, 0x68, 0x61, 0x75, 0x73, 0x74, 0x69, 0x6f,
  0x6e, 0x3d, 0xcc, 0xcc, 0xcd, 0x08, 0x00, 0x0a, 0x6d, 0x65, 0x73, 0x73,
  0x61, 0x67, 0x65, 0x5f, 0x69, 0x64, 0x00, 0x03, 0x6d, 0x6f, 0x62, 0x00,
  0x10, 0x6d, 0x69, 0x6e, 0x65, 0x63, 0x72, 0x61, 0x66, 0x74, 0x3a, 0x77,
  0x69, 0x74, 0x68, 0x65, 0x72, 0x01, 0x0a, 0x08, 0x00, 0x07, 0x73, 0x63,
  0x61, 0x6c, 0x69, 0x6e, 0x67, 0x00, 0x20, 0x77, 0x68, 0x65, 0x6e, 0x5f,
  0x63, 0x61, 0x75, 0x73, 0x65, 0x64, 0x5f, 0x62, 0x79, 0x5f, 0x6c, 0x69,
  0x76, 0x69, 0x6e, 0x67, 0x5f, 0x6e, 0x6f, 0x6e, 0x5f, 0x70, 0x6c, 0x61,
  0x79, 0x65, 0x72, 0x05, 0x00, 0x0a, 0x65, 0x78, 0x68, 0x61, 0x75, 0x73,
  0x74, 0x69, 0x6f, 0x6e, 0x00, 0x00, 0x00, 0x00, 0x08, 0x00, 0x0a, 0x6d,
  0x65, 0x73, 0x73, 0x61, 0x67, 0x65, 0x5f, 0x69, 0x64, 0x00, 0x06, 0x77,
  0x69, 0x74, 0x68, 0x65, 0x72, 0x00, 0x16, 0x6d, 0x69, 0x6e, 0x65, 0x63,
  0x72, 0x61, 0x66, 0x74, 0x3a, 0x77, 0x69, 0x74, 0x68, 0x65, 0x72, 0x5f,
  0x73, 0x6b, 0x75, 0x6c, 0x6c, 0x01, 0x0a, 0x08, 0x00, 0x07, 0x73, 0x63,
  0x61, 0x6c, 0x69, 0x6e, 0x67, 0x00, 0x20, 0x77, 0x68, 0x65, 0x6e, 0x5f,
  0x63, 0x61, 0x75, 0x73, 0x65, 0x64, 0x5f, 0x62, 0x79, 0x5f, 0x6c, 0x69,
  0x76, 0x69, 0x6e, 0x67, 0x5f, 0x6e, 0x6f, 0x6e, 0x5f, 0x70, 0x6c, 0x61,
  0x79, 0x65, 0x72, 0x05, 0x00, 0x0a, 0x65, 0x78, 0x68, 0x61, 0x75, 0x73,
  0x74, 0x69, 0x6f, 0x6e, 0x3d, 0xcc, 0xcc, 0xcd, 0x08, 0x00, 0x0a, 0x6d,
  0x65, 0x73, 0x73, 0x61, 0x67, 0x65, 0x5f, 0x69, 0x64, 0x00, 0x0b, 0x77,
  0x69, 0x74, 0x68, 0x65, 0x72, 0x53, 0x6b, 0x75, 0x6c, 0x6c, 0x00,
};
Blob e774_damage_type() { return {k_e774_damage_type, sizeof(k_e774_damage_type)}; }

static const uint8_t k_e775_dimension_type[] = {
  0x18, 0x6d, 0x69, 0x6e, 0x65, 0x63, 0x72, 0x61, 0x66, 0x74, 0x3a, 0x64,
  0x69, 0x6d, 0x65, 0x6e, 0x73, 0x69, 0x6f, 0x6e, 0x5f, 0x74, 0x79, 0x70,
  0x65, 0x01, 0x13, 0x6d, 0x69, 0x6e, 0x65, 0x63, 0x72, 0x61, 0x66, 0x74,
  0x3a, 0x6f, 0x76, 0x65, 0x72, 0x77, 0x6f, 0x72, 0x6c, 0x64, 0x01, 0x0a,
  0x08, 0x00, 0x0d, 0x64, 0x65, 0x66, 0x61, 0x75, 0x6c, 0x74, 0x5f, 0x63,
  0x6c, 0x6f, 0x63, 0x6b, 0x00, 0x13, 0x6d, 0x69, 0x6e, 0x65, 0x63, 0x72,
  0x61, 0x66, 0x74, 0x3a, 0x6f, 0x76, 0x65, 0x72, 0x77, 0x6f, 0x72, 0x6c,
  0x64, 0x01, 0x00, 0x16, 0x68, 0x61, 0x73, 0x5f, 0x65, 0x6e, 0x64, 0x65,
  0x72, 0x5f, 0x64, 0x72, 0x61, 0x67, 0x6f, 0x6e, 0x5f, 0x66, 0x69, 0x67,
  0x68, 0x74, 0x00, 0x05, 0x00, 0x0d, 0x61, 0x6d, 0x62, 0x69, 0x65, 0x6e,
  0x74, 0x5f, 0x6c, 0x69, 0x67, 0x68, 0x74, 0x00, 0x00, 0x00, 0x00, 0x03,
  0x00, 0x1f, 0x6d, 0x6f, 0x6e, 0x73, 0x74, 0x65, 0x72, 0x5f, 0x73, 0x70,
  0x61, 0x77, 0x6e, 0x5f, 0x62, 0x6c, 0x6f, 0x63, 0x6b, 0x5f, 0x6c, 0x69,
  0x67, 0x68, 0x74, 0x5f, 0x6c, 0x69, 0x6d, 0x69, 0x74, 0x00, 0x00, 0x00,
  0x00, 0x08, 0x00, 0x0a, 0x69, 0x6e, 0x66, 0x69, 0x6e, 0x69, 0x62, 0x75,
  0x72, 0x6e, 0x00, 0x1f, 0x23, 0x6d, 0x69, 0x6e, 0x65, 0x63, 0x72, 0x61,
  0x66, 0x74, 0x3a, 0x69, 0x6e, 0x66, 0x69, 0x6e, 0x69, 0x62, 0x75, 0x72,
  0x6e, 0x5f, 0x6f, 0x76, 0x65, 0x72, 0x77, 0x6f, 0x72, 0x6c, 0x64, 0x01,
  0x00, 0x0c, 0x68, 0x61, 0x73, 0x5f, 0x73, 0x6b, 0x79, 0x6c, 0x69, 0x67,
  0x68, 0x74, 0x01, 0x08, 0x00, 0x09, 0x74, 0x69, 0x6d, 0x65, 0x6c, 0x69,
  0x6e, 0x65, 0x73, 0x00, 0x17, 0x23, 0x6d, 0x69, 0x6e, 0x65, 0x63, 0x72,
  0x61, 0x66, 0x74, 0x3a, 0x69, 0x6e, 0x5f, 0x6f, 0x76, 0x65, 0x72, 0x77,
  0x6f, 0x72, 0x6c, 0x64, 0x06, 0x00, 0x10, 0x63, 0x6f, 0x6f, 0x72, 0x64,
  0x69, 0x6e, 0x61, 0x74, 0x65, 0x5f, 0x73, 0x63, 0x61, 0x6c, 0x65, 0x3f,
  0xf0, 0x00, 0x00, 0x00, 0x00, 0x00, 0x00, 0x03, 0x00, 0x0e, 0x6c, 0x6f,
  0x67, 0x69, 0x63, 0x61, 0x6c, 0x5f, 0x68, 0x65, 0x69, 0x67, 0x68, 0x74,
  0x00, 0x00, 0x01, 0x80, 0x0a, 0x00, 0x0a, 0x61, 0x74, 0x74, 0x72, 0x69,
  0x62, 0x75, 0x74, 0x65, 0x73, 0x0a, 0x00, 0x20, 0x6d, 0x69, 0x6e, 0x65,
  0x63, 0x72, 0x61, 0x66, 0x74, 0x3a, 0x61, 0x75, 0x64, 0x69, 0x6f, 0x2f,
  0x62, 0x61, 0x63, 0x6b, 0x67, 0x72, 0x6f, 0x75, 0x6e, 0x64, 0x5f, 0x6d,
  0x75, 0x73, 0x69, 0x63, 0x0a, 0x00, 0x07, 0x64, 0x65, 0x66, 0x61, 0x75,
  0x6c, 0x74, 0x03, 0x00, 0x09, 0x6d, 0x61, 0x78, 0x5f, 0x64, 0x65, 0x6c,
  0x61, 0x79, 0x00, 0x00, 0x5d, 0xc0, 0x08, 0x00, 0x05, 0x73, 0x6f, 0x75,
  0x6e, 0x64, 0x00, 0x14, 0x6d, 0x69, 0x6e, 0x65, 0x63, 0x72, 0x61, 0x66,
  0x74, 0x3a, 0x6d, 0x75, 0x73, 0x69, 0x63, 0x2e, 0x67, 0x61, 0x6d, 0x65,
  0x03, 0x00, 0x09, 0x6d, 0x69, 0x6e, 0x5f, 0x64, 0x65, 0x6c, 0x61, 0x79,
  0x00, 0x00, 0x2e, 0xe0, 0x00, 0x0a, 0x00, 0x08, 0x63, 0x72, 0x65, 0x61,
  0x74, 0x69, 0x76, 0x65, 0x03, 0x00, 0x09, 0x6d, 0x61, 0x78, 0x5f, 0x64,
  0x65, 0x6c, 0x61, 0x79, 0x00, 0x00, 0x5d, 0xc0, 0x08, 0x00, 0x05, 0x73,
  0x6f, 0x75, 0x6e, 0x64, 0x00, 0x18, 0x6d, 0x69, 0x6e, 0x65, 0x63, 0x72,
  0x61, 0x66, 0x74, 0x3a, 0x6d, 0x75, 0x73, 0x69, 0x63, 0x2e, 0x63, 0x72,
  0x65, 0x61, 0x74, 0x69, 0x76, 0x65, 0x03, 0x00, 0x09, 0x6d, 0x69, 0x6e,
  0x5f, 0x64, 0x65, 0x6c, 0x61, 0x79, 0x00, 0x00, 0x2e, 0xe0, 0x00, 0x00,
  0x08, 0x00, 0x1a, 0x6d, 0x69, 0x6e, 0x65, 0x63, 0x72, 0x61, 0x66, 0x74,
  0x3a, 0x76, 0x69, 0x73, 0x75, 0x61, 0x6c, 0x2f, 0x66, 0x6f, 0x67, 0x5f,
  0x63, 0x6f, 0x6c, 0x6f, 0x72, 0x00, 0x07, 0x23, 0x63, 0x30, 0x64, 0x38,
  0x66, 0x66, 0x05, 0x00, 0x1d, 0x6d, 0x69, 0x6e, 0x65, 0x63, 0x72, 0x61,
  0x66, 0x74, 0x3a, 0x76, 0x69, 0x73, 0x75, 0x61, 0x6c, 0x2f, 0x63, 0x6c,
  0x6f, 0x75, 0x64, 0x5f, 0x68, 0x65, 0x69, 0x67, 0x68, 0x74, 0x43, 0x40,
  0x54, 0x7b, 0x08, 0x00, 0x24, 0x6d, 0x69, 0x6e, 0x65, 0x63, 0x72, 0x61,
  0x66, 0x74, 0x3a, 0x76, 0x69, 0x73, 0x75, 0x61, 0x6c, 0x2f, 0x61, 0x6d,
  0x62, 0x69, 0x65, 0x6e, 0x74, 0x5f, 0x6c, 0x69, 0x67, 0x68, 0x74, 0x5f,
  0x63, 0x6f, 0x6c, 0x6f, 0x72, 0x00, 0x07, 0x23, 0x30, 0x61, 0x30, 0x61,
  0x30, 0x61, 0x08, 0x00, 0x1a, 0x6d, 0x69, 0x6e, 0x65, 0x63, 0x72, 0x61,
  0x66, 0x74, 0x3a, 0x76, 0x69, 0x73, 0x75, 0x61, 0x6c, 0x2f, 0x73, 0x6b,
  0x79, 0x5f, 0x63, 0x6f, 0x6c, 0x6f, 0x72, 0x00, 0x07, 0x23, 0x37, 0x38,
  0x61, 0x37, 0x66, 0x66, 0x0a, 0x00, 0x1e, 0x6d, 0x69, 0x6e, 0x65, 0x63,
  0x72, 0x61, 0x66, 0x74, 0x3a, 0x61, 0x75, 0x64, 0x69, 0x6f, 0x2f, 0x61,
  0x6d, 0x62, 0x69, 0x65, 0x6e, 0x74, 0x5f, 0x73, 0x6f, 0x75, 0x6e, 0x64,
  0x73, 0x0a, 0x00, 0x04, 0x6d, 0x6f, 0x6f, 0x64, 0x03, 0x00, 0x0a, 0x74,
  0x69, 0x63, 0x6b, 0x5f, 0x64, 0x65, 0x6c, 0x61, 0x79, 0x00, 0x00, 0x17,
  0x70, 0x06, 0x00, 0x06, 0x6f, 0x66, 0x66, 0x73, 0x65, 0x74, 0x40, 0x00,
  0x00, 0x00, 0x00, 0x00, 0x00, 0x00, 0x08, 0x00, 0x05, 0x73, 0x6f, 0x75,
  0x6e, 0x64, 0x00, 0x16, 0x6d, 0x69, 0x6e, 0x65, 0x63, 0x72, 0x61, 0x66,
  0x74, 0x3a, 0x61, 0x6d, 0x62, 0x69, 0x65, 0x6e, 0x74, 0x2e, 0x63, 0x61,
  0x76, 0x65, 0x03, 0x00, 0x13, 0x62, 0x6c, 0x6f, 0x63, 0x6b, 0x5f, 0x73,
  0x65, 0x61, 0x72, 0x63, 0x68, 0x5f, 0x65, 0x78, 0x74, 0x65, 0x6e, 0x74,
  0x00, 0x00, 0x00, 0x08, 0x00, 0x00, 0x08, 0x00, 0x1c, 0x6d, 0x69, 0x6e,
  0x65, 0x63, 0x72, 0x61, 0x66, 0x74, 0x3a, 0x76, 0x69, 0x73, 0x75, 0x61,
  0x6c, 0x2f, 0x63, 0x6c, 0x6f, 0x75, 0x64, 0x5f, 0x63, 0x6f, 0x6c, 0x6f,
  0x72, 0x00, 0x09, 0x23, 0x63, 0x63, 0x66, 0x66, 0x66, 0x66, 0x66, 0x66,
  0x00, 0x03, 0x00, 0x05, 0x6d, 0x69, 0x6e, 0x5f, 0x79, 0xff, 0xff, 0xff,
  0xc0, 0x0a, 0x00, 0x19, 0x6d, 0x6f, 0x6e, 0x73, 0x74, 0x65, 0x72, 0x5f,
  0x73, 0x70, 0x61, 0x77, 0x6e, 0x5f, 0x6c, 0x69, 0x67, 0x68, 0x74, 0x5f,
  0x6c, 0x65, 0x76, 0x65, 0x6c, 0x03, 0x00, 0x0d, 0x6d, 0x69, 0x6e, 0x5f,
  0x69, 0x6e, 0x63, 0x6c, 0x75, 0x73, 0x69, 0x76, 0x65, 0x00, 0x00, 0x00,
  0x00, 0x03, 0x00, 0x0d, 0x6d, 0x61, 0x78, 0x5f, 0x69, 0x6e, 0x63, 0x6c,
  0x75, 0x73, 0x69, 0x76, 0x65, 0x00, 0x00, 0x00, 0x07, 0x08, 0x00, 0x04,
  0x74, 0x79, 0x70, 0x65, 0x00, 0x11, 0x6d, 0x69, 0x6e, 0x65, 0x63, 0x72,
  0x61, 0x66, 0x74, 0x3a, 0x75, 0x6e, 0x69, 0x66, 0x6f, 0x72, 0x6d, 0x00,
  0x01, 0x00, 0x0b, 0x68, 0x61, 0x73, 0x5f, 0x63, 0x65, 0x69, 0x6c, 0x69,
  0x6e, 0x67, 0x00, 0x03, 0x00, 0x06, 0x68, 0x65, 0x69, 0x67, 0x68, 0x74,
  0x00, 0x00, 0x01, 0x80, 0x00,
};
Blob e775_dimension_type() { return {k_e775_dimension_type, sizeof(k_e775_dimension_type)}; }

static const uint8_t k_e775_biome[] = {
  0x18, 0x6d, 0x69, 0x6e, 0x65, 0x63, 0x72, 0x61, 0x66, 0x74, 0x3a, 0x77,
  0x6f, 0x72, 0x6c, 0x64, 0x67, 0x65, 0x6e, 0x2f, 0x62, 0x69, 0x6f, 0x6d,
  0x65, 0x01, 0x10, 0x6d, 0x69, 0x6e, 0x65, 0x63, 0x72, 0x61, 0x66, 0x74,
  0x3a, 0x70, 0x6c, 0x61, 0x69, 0x6e, 0x73, 0x01, 0x0a, 0x0a, 0x00, 0x07,
  0x65, 0x66, 0x66, 0x65, 0x63, 0x74, 0x73, 0x08, 0x00, 0x0b, 0x77, 0x61,
  0x74, 0x65, 0x72, 0x5f, 0x63, 0x6f, 0x6c, 0x6f, 0x72, 0x00, 0x07, 0x23,
  0x33, 0x66, 0x37, 0x36, 0x65, 0x34, 0x00, 0x01, 0x00, 0x11, 0x68, 0x61,
  0x73, 0x5f, 0x70, 0x72, 0x65, 0x63, 0x69, 0x70, 0x69, 0x74, 0x61, 0x74,
  0x69, 0x6f, 0x6e, 0x01, 0x05, 0x00, 0x0b, 0x74, 0x65, 0x6d, 0x70, 0x65,
  0x72, 0x61, 0x74, 0x75, 0x72, 0x65, 0x3f, 0x4c, 0xcc, 0xcd, 0x05, 0x00,
  0x08, 0x64, 0x6f, 0x77, 0x6e, 0x66, 0x61, 0x6c, 0x6c, 0x3e, 0xcc, 0xcc,
  0xcd, 0x0a, 0x00, 0x0a, 0x61, 0x74, 0x74, 0x72, 0x69, 0x62, 0x75, 0x74,
  0x65, 0x73, 0x08, 0x00, 0x1a, 0x6d, 0x69, 0x6e, 0x65, 0x63, 0x72, 0x61,
  0x66, 0x74, 0x3a, 0x76, 0x69, 0x73, 0x75, 0x61, 0x6c, 0x2f, 0x73, 0x6b,
  0x79, 0x5f, 0x63, 0x6f, 0x6c, 0x6f, 0x72, 0x00, 0x07, 0x23, 0x37, 0x38,
  0x61, 0x37, 0x66, 0x66, 0x00, 0x00,
};
Blob e775_biome() { return {k_e775_biome, sizeof(k_e775_biome)}; }

static const uint8_t k_e775_chat_type[] = {
  0x13, 0x6d, 0x69, 0x6e, 0x65, 0x63, 0x72, 0x61, 0x66, 0x74, 0x3a, 0x63,
  0x68, 0x61, 0x74, 0x5f, 0x74, 0x79, 0x70, 0x65, 0x07, 0x0e, 0x6d, 0x69,
  0x6e, 0x65, 0x63, 0x72, 0x61, 0x66, 0x74, 0x3a, 0x63, 0x68, 0x61, 0x74,
  0x01, 0x0a, 0x0a, 0x00, 0x04, 0x63, 0x68, 0x61, 0x74, 0x08, 0x00, 0x0f,
  0x74, 0x72, 0x61, 0x6e, 0x73, 0x6c, 0x61, 0x74, 0x69, 0x6f, 0x6e, 0x5f,
  0x6b, 0x65, 0x79, 0x00, 0x0e, 0x63, 0x68, 0x61, 0x74, 0x2e, 0x74, 0x79,
  0x70, 0x65, 0x2e, 0x74, 0x65, 0x78, 0x74, 0x09, 0x00, 0x0a, 0x70, 0x61,
  0x72, 0x61, 0x6d, 0x65, 0x74, 0x65, 0x72, 0x73, 0x08, 0x00, 0x00, 0x00,
  0x02, 0x00, 0x06, 0x73, 0x65, 0x6e, 0x64, 0x65, 0x72, 0x00, 0x07, 0x63,
  0x6f, 0x6e, 0x74, 0x65, 0x6e, 0x74, 0x00, 0x0a, 0x00, 0x09, 0x6e, 0x61,
  0x72, 0x72, 0x61, 0x74, 0x69, 0x6f, 0x6e, 0x08, 0x00, 0x0f, 0x74, 0x72,
  0x61, 0x6e, 0x73, 0x6c, 0x61, 0x74, 0x69, 0x6f, 0x6e, 0x5f, 0x6b, 0x65,
  0x79, 0x00, 0x16, 0x63, 0x68, 0x61, 0x74, 0x2e, 0x74, 0x79, 0x70, 0x65,
  0x2e, 0x74, 0x65, 0x78, 0x74, 0x2e, 0x6e, 0x61, 0x72, 0x72, 0x61, 0x74,
  0x65, 0x09, 0x00, 0x0a, 0x70, 0x61, 0x72, 0x61, 0x6d, 0x65, 0x74, 0x65,
  0x72, 0x73, 0x08, 0x00, 0x00, 0x00, 0x02, 0x00, 0x06, 0x73, 0x65, 0x6e,
  0x64, 0x65, 0x72, 0x00, 0x07, 0x63, 0x6f, 0x6e, 0x74, 0x65, 0x6e, 0x74,
  0x00, 0x00, 0x17, 0x6d, 0x69, 0x6e, 0x65, 0x63, 0x72, 0x61, 0x66, 0x74,
  0x3a, 0x65, 0x6d, 0x6f, 0x74, 0x65, 0x5f, 0x63, 0x6f, 0x6d, 0x6d, 0x61,
  0x6e, 0x64, 0x01, 0x0a, 0x0a, 0x00, 0x04, 0x63, 0x68, 0x61, 0x74, 0x08,
  0x00, 0x0f, 0x74, 0x72, 0x61, 0x6e, 0x73, 0x6c, 0x61, 0x74, 0x69, 0x6f,
  0x6e, 0x5f, 0x6b, 0x65, 0x79, 0x00, 0x0f, 0x63, 0x68, 0x61, 0x74, 0x2e,
  0x74, 0x79, 0x70, 0x65, 0x2e, 0x65, 0x6d, 0x6f, 0x74, 0x65, 0x09, 0x00,
  0x0a, 0x70, 0x61, 0x72, 0x61, 0x6d, 0x65, 0x74, 0x65, 0x72, 0x73, 0x08,
  0x00, 0x00, 0x00, 0x02, 0x00, 0x06, 0x73, 0x65, 0x6e, 0x64, 0x65, 0x72,
  0x00, 0x07, 0x63, 0x6f, 0x6e, 0x74, 0x65, 0x6e, 0x74, 0x00, 0x0a, 0x00,
  0x09, 0x6e, 0x61, 0x72, 0x72, 0x61, 0x74, 0x69, 0x6f, 0x6e, 0x08, 0x00,
  0x0f, 0x74, 0x72, 0x61, 0x6e, 0x73, 0x6c, 0x61, 0x74, 0x69, 0x6f, 0x6e,
  0x5f, 0x6b, 0x65, 0x79, 0x00, 0x0f, 0x63, 0x68, 0x61, 0x74, 0x2e, 0x74,
  0x79, 0x70, 0x65, 0x2e, 0x65, 0x6d, 0x6f, 0x74, 0x65, 0x09, 0x00, 0x0a,
  0x70, 0x61, 0x72, 0x61, 0x6d, 0x65, 0x74, 0x65, 0x72, 0x73, 0x08, 0x00,
  0x00, 0x00, 0x02, 0x00, 0x06, 0x73, 0x65, 0x6e, 0x64, 0x65, 0x72, 0x00,
  0x07, 0x63, 0x6f, 0x6e, 0x74, 0x65, 0x6e, 0x74, 0x00, 0x00, 0x1e, 0x6d,
  0x69, 0x6e, 0x65, 0x63, 0x72, 0x61, 0x66, 0x74, 0x3a, 0x6d, 0x73, 0x67,
  0x5f, 0x63, 0x6f, 0x6d, 0x6d, 0x61, 0x6e, 0x64, 0x5f, 0x69, 0x6e, 0x63,
  0x6f, 0x6d, 0x69, 0x6e, 0x67, 0x01, 0x0a, 0x0a, 0x00, 0x04, 0x63, 0x68,
  0x61, 0x74, 0x08, 0x00, 0x0f, 0x74, 0x72, 0x61, 0x6e, 0x73, 0x6c, 0x61,
  0x74, 0x69, 0x6f, 0x6e, 0x5f, 0x6b, 0x65, 0x79, 0x00, 0x21, 0x63, 0x6f,
  0x6d, 0x6d, 0x61, 0x6e, 0x64, 0x73, 0x2e, 0x6d, 0x65, 0x73, 0x73, 0x61,
  0x67, 0x65, 0x2e, 0x64, 0x69, 0x73, 0x70, 0x6c, 0x61, 0x79, 0x2e, 0x69,
  0x6e, 0x63, 0x6f, 0x6d, 0x69, 0x6e, 0x67, 0x0a, 0x00, 0x05, 0x73, 0x74,
  0x79, 0x6c, 0x65, 0x08, 0x00, 0x05, 0x63, 0x6f, 0x6c, 0x6f, 0x72, 0x00,
  0x04, 0x67, 0x72, 0x61, 0x79, 0x01, 0x00, 0x06, 0x69, 0x74, 0x61, 0x6c,
  0x69, 0x63, 0x01, 0x00, 0x09, 0x00, 0x0a, 0x70, 0x61, 0x72, 0x61, 0x6d,
  0x65, 0x74, 0x65, 0x72, 0x73, 0x08, 0x00, 0x00, 0x00, 0x02, 0x00, 0x06,
  0x73, 0x65, 0x6e, 0x64, 0x65, 0x72, 0x00, 0x07, 0x63, 0x6f, 0x6e, 0x74,
  0x65, 0x6e, 0x74, 0x00, 0x0a, 0x00, 0x09, 0x6e, 0x61, 0x72, 0x72, 0x61,
  0x74, 0x69, 0x6f, 0x6e, 0x08, 0x00, 0x0f, 0x74, 0x72, 0x61, 0x6e, 0x73,
  0x6c, 0x61, 0x74, 0x69, 0x6f, 0x6e, 0x5f, 0x6b, 0x65, 0x79, 0x00, 0x16,
  0x63, 0x68, 0x61, 0x74, 0x2e, 0x74, 0x79, 0x70, 0x65, 0x2e, 0x74, 0x65,
  0x78, 0x74, 0x2e, 0x6e, 0x61, 0x72, 0x72, 0x61, 0x74, 0x65, 0x09, 0x00,
  0x0a, 0x70, 0x61, 0x72, 0x61, 0x6d, 0x65, 0x74, 0x65, 0x72, 0x73, 0x08,
  0x00, 0x00, 0x00, 0x02, 0x00, 0x06, 0x73, 0x65, 0x6e, 0x64, 0x65, 0x72,
  0x00, 0x07, 0x63, 0x6f, 0x6e, 0x74, 0x65, 0x6e, 0x74, 0x00, 0x00, 0x1e,
  0x6d, 0x69, 0x6e, 0x65, 0x63, 0x72, 0x61, 0x66, 0x74, 0x3a, 0x6d, 0x73,
  0x67, 0x5f, 0x63, 0x6f, 0x6d, 0x6d, 0x61, 0x6e, 0x64, 0x5f, 0x6f, 0x75,
  0x74, 0x67, 0x6f, 0x69, 0x6e, 0x67, 0x01, 0x0a, 0x0a, 0x00, 0x04, 0x63,
  0x68, 0x61, 0x74, 0x08, 0x00, 0x0f, 0x74, 0x72, 0x61, 0x6e, 0x73, 0x6c,
  0x61, 0x74, 0x69, 0x6f, 0x6e, 0x5f, 0x6b, 0x65, 0x79, 0x00, 0x21, 0x63,
  0x6f, 0x6d, 0x6d, 0x61, 0x6e, 0x64, 0x73, 0x2e, 0x6d, 0x65, 0x73, 0x73,
  0x61, 0x67, 0x65, 0x2e, 0x64, 0x69, 0x73, 0x70, 0x6c, 0x61, 0x79, 0x2e,
  0x6f, 0x75, 0x74, 0x67, 0x6f, 0x69, 0x6e, 0x67, 0x0a, 0x00, 0x05, 0x73,
  0x74, 0x79, 0x6c, 0x65, 0x08, 0x00, 0x05, 0x63, 0x6f, 0x6c, 0x6f, 0x72,
  0x00, 0x04, 0x67, 0x72, 0x61, 0x79, 0x01, 0x00, 0x06, 0x69, 0x74, 0x61,
  0x6c, 0x69, 0x63, 0x01, 0x00, 0x09, 0x00, 0x0a, 0x70, 0x61, 0x72, 0x61,
  0x6d, 0x65, 0x74, 0x65, 0x72, 0x73, 0x08, 0x00, 0x00, 0x00, 0x02, 0x00,
  0x06, 0x74, 0x61, 0x72, 0x67, 0x65, 0x74, 0x00, 0x07, 0x63, 0x6f, 0x6e,
  0x74, 0x65, 0x6e, 0x74, 0x00, 0x0a, 0x00, 0x09, 0x6e, 0x61, 0x72, 0x72,
  0x61, 0x74, 0x69, 0x6f, 0x6e, 0x08, 0x00, 0x0f, 0x74, 0x72, 0x61, 0x6e,
  0x73, 0x6c, 0x61, 0x74, 0x69, 0x6f, 0x6e, 0x5f, 0x6b, 0x65, 0x79, 0x00,
  0x16, 0x63, 0x68, 0x61, 0x74, 0x2e, 0x74, 0x79, 0x70, 0x65, 0x2e, 0x74,
  0x65, 0x78, 0x74, 0x2e, 0x6e, 0x61, 0x72, 0x72, 0x61, 0x74, 0x65, 0x09,
  0x00, 0x0a, 0x70, 0x61, 0x72, 0x61, 0x6d, 0x65, 0x74, 0x65, 0x72, 0x73,
  0x08, 0x00, 0x00, 0x00, 0x02, 0x00, 0x06, 0x73, 0x65, 0x6e, 0x64, 0x65,
  0x72, 0x00, 0x07, 0x63, 0x6f, 0x6e, 0x74, 0x65, 0x6e, 0x74, 0x00, 0x00,
  0x15, 0x6d, 0x69, 0x6e, 0x65, 0x63, 0x72, 0x61, 0x66, 0x74, 0x3a, 0x73,
  0x61, 0x79, 0x5f, 0x63, 0x6f, 0x6d, 0x6d, 0x61, 0x6e, 0x64, 0x01, 0x0a,
  0x0a, 0x00, 0x04, 0x63, 0x68, 0x61, 0x74, 0x08, 0x00, 0x0f, 0x74, 0x72,
  0x61, 0x6e, 0x73, 0x6c, 0x61, 0x74, 0x69, 0x6f, 0x6e, 0x5f, 0x6b, 0x65,
  0x79, 0x00, 0x16, 0x63, 0x68, 0x61, 0x74, 0x2e, 0x74, 0x79, 0x70, 0x65,
  0x2e, 0x61, 0x6e, 0x6e, 0x6f, 0x75, 0x6e, 0x63, 0x65, 0x6d, 0x65, 0x6e,
  0x74, 0x09, 0x00, 0x0a, 0x70, 0x61, 0x72, 0x61, 0x6d, 0x65, 0x74, 0x65,
  0x72, 0x73, 0x08, 0x00, 0x00, 0x00, 0x02, 0x00, 0x06, 0x73, 0x65, 0x6e,
  0x64, 0x65, 0x72, 0x00, 0x07, 0x63, 0x6f, 0x6e, 0x74, 0x65, 0x6e, 0x74,
  0x00, 0x0a, 0x00, 0x09, 0x6e, 0x61, 0x72, 0x72, 0x61, 0x74, 0x69, 0x6f,
  0x6e, 0x08, 0x00, 0x0f, 0x74, 0x72, 0x61, 0x6e, 0x73, 0x6c, 0x61, 0x74,
  0x69, 0x6f, 0x6e, 0x5f, 0x6b, 0x65, 0x79, 0x00, 0x16, 0x63, 0x68, 0x61,
  0x74, 0x2e, 0x74, 0x79, 0x70, 0x65, 0x2e, 0x74, 0x65, 0x78, 0x74, 0x2e,
  0x6e, 0x61, 0x72, 0x72, 0x61, 0x74, 0x65, 0x09, 0x00, 0x0a, 0x70, 0x61,
  0x72, 0x61, 0x6d, 0x65, 0x74, 0x65, 0x72, 0x73, 0x08, 0x00, 0x00, 0x00,
  0x02, 0x00, 0x06, 0x73, 0x65, 0x6e, 0x64, 0x65, 0x72, 0x00, 0x07, 0x63,
  0x6f, 0x6e, 0x74, 0x65, 0x6e, 0x74, 0x00, 0x00, 0x23, 0x6d, 0x69, 0x6e,
  0x65, 0x63, 0x72, 0x61, 0x66, 0x74, 0x3a, 0x74, 0x65, 0x61, 0x6d, 0x5f,
  0x6d, 0x73, 0x67, 0x5f, 0x63, 0x6f, 0x6d, 0x6d, 0x61, 0x6e, 0x64, 0x5f,
  0x69, 0x6e, 0x63, 0x6f, 0x6d, 0x69, 0x6e, 0x67, 0x01, 0x0a, 0x0a, 0x00,
  0x04, 0x63, 0x68, 0x61, 0x74, 0x08, 0x00, 0x0f, 0x74, 0x72, 0x61, 0x6e,
  0x73, 0x6c, 0x61, 0x74, 0x69, 0x6f, 0x6e, 0x5f, 0x6b, 0x65, 0x79, 0x00,
  0x13, 0x63, 0x68, 0x61, 0x74, 0x2e, 0x74, 0x79, 0x70, 0x65, 0x2e, 0x74,
  0x65, 0x61, 0x6d, 0x2e, 0x74, 0x65, 0x78, 0x74, 0x09, 0x00, 0x0a, 0x70,
  0x61, 0x72, 0x61, 0x6d, 0x65, 0x74, 0x65, 0x72, 0x73, 0x08, 0x00, 0x00,
  0x00, 0x03, 0x00, 0x06, 0x74, 0x61, 0x72, 0x67, 0x65, 0x74, 0x00, 0x06,
  0x73, 0x65, 0x6e, 0x64, 0x65, 0x72, 0x00, 0x07, 0x63, 0x6f, 0x6e, 0x74,
  0x65, 0x6e, 0x74, 0x00, 0x0a, 0x00, 0x09, 0x6e, 0x61, 0x72, 0x72, 0x61,
  0x74, 0x69, 0x6f, 0x6e, 0x08, 0x00, 0x0f, 0x74, 0x72, 0x61, 0x6e, 0x73,
  0x6c, 0x61, 0x74, 0x69, 0x6f, 0x6e, 0x5f, 0x6b, 0x65, 0x79, 0x00, 0x16,
  0x63, 0x68, 0x61, 0x74, 0x2e, 0x74, 0x79, 0x70, 0x65, 0x2e, 0x74, 0x65,
  0x78, 0x74, 0x2e, 0x6e, 0x61, 0x72, 0x72, 0x61, 0x74, 0x65, 0x09, 0x00,
  0x0a, 0x70, 0x61, 0x72, 0x61, 0x6d, 0x65, 0x74, 0x65, 0x72, 0x73, 0x08,
  0x00, 0x00, 0x00, 0x02, 0x00, 0x06, 0x73, 0x65, 0x6e, 0x64, 0x65, 0x72,
  0x00, 0x07, 0x63, 0x6f, 0x6e, 0x74, 0x65, 0x6e, 0x74, 0x00, 0x00, 0x23,
  0x6d, 0x69, 0x6e, 0x65, 0x63, 0x72, 0x61, 0x66, 0x74, 0x3a, 0x74, 0x65,
  0x61, 0x6d, 0x5f, 0x6d, 0x73, 0x67, 0x5f, 0x63, 0x6f, 0x6d, 0x6d, 0x61,
  0x6e, 0x64, 0x5f, 0x6f, 0x75, 0x74, 0x67, 0x6f, 0x69, 0x6e, 0x67, 0x01,
  0x0a, 0x0a, 0x00, 0x04, 0x63, 0x68, 0x61, 0x74, 0x08, 0x00, 0x0f, 0x74,
  0x72, 0x61, 0x6e, 0x73, 0x6c, 0x61, 0x74, 0x69, 0x6f, 0x6e, 0x5f, 0x6b,
  0x65, 0x79, 0x00, 0x13, 0x63, 0x68, 0x61, 0x74, 0x2e, 0x74, 0x79, 0x70,
  0x65, 0x2e, 0x74, 0x65, 0x61, 0x6d, 0x2e, 0x73, 0x65, 0x6e, 0x74, 0x09,
  0x00, 0x0a, 0x70, 0x61, 0x72, 0x61, 0x6d, 0x65, 0x74, 0x65, 0x72, 0x73,
  0x08, 0x00, 0x00, 0x00, 0x03, 0x00, 0x06, 0x74, 0x61, 0x72, 0x67, 0x65,
  0x74, 0x00, 0x06, 0x73, 0x65, 0x6e, 0x64, 0x65, 0x72, 0x00, 0x07, 0x63,
  0x6f, 0x6e, 0x74, 0x65, 0x6e, 0x74, 0x00, 0x0a, 0x00, 0x09, 0x6e, 0x61,
  0x72, 0x72, 0x61, 0x74, 0x69, 0x6f, 0x6e, 0x08, 0x00, 0x0f, 0x74, 0x72,
  0x61, 0x6e, 0x73, 0x6c, 0x61, 0x74, 0x69, 0x6f, 0x6e, 0x5f, 0x6b, 0x65,
  0x79, 0x00, 0x16, 0x63, 0x68, 0x61, 0x74, 0x2e, 0x74, 0x79, 0x70, 0x65,
  0x2e, 0x74, 0x65, 0x78, 0x74, 0x2e, 0x6e, 0x61, 0x72, 0x72, 0x61, 0x74,
  0x65, 0x09, 0x00, 0x0a, 0x70, 0x61, 0x72, 0x61, 0x6d, 0x65, 0x74, 0x65,
  0x72, 0x73, 0x08, 0x00, 0x00, 0x00, 0x02, 0x00, 0x06, 0x73, 0x65, 0x6e,
  0x64, 0x65, 0x72, 0x00, 0x07, 0x63, 0x6f, 0x6e, 0x74, 0x65, 0x6e, 0x74,
  0x00, 0x00,
};
Blob e775_chat_type() { return {k_e775_chat_type, sizeof(k_e775_chat_type)}; }

static const uint8_t k_e775_damage_type[] = {
  0x15, 0x6d, 0x69, 0x6e, 0x65, 0x63, 0x72, 0x61, 0x66, 0x74, 0x3a, 0x64,
  0x61, 0x6d, 0x61, 0x67, 0x65, 0x5f, 0x74, 0x79, 0x70, 0x65, 0x32, 0x0f,
  0x6d, 0x69, 0x6e, 0x65, 0x63, 0x72, 0x61, 0x66, 0x74, 0x3a, 0x61, 0x72,
  0x72, 0x6f, 0x77, 0x01, 0x0a, 0x08, 0x00, 0x07, 0x73, 0x63, 0x61, 0x6c,
  0x69, 0x6e, 0x67, 0x00, 0x20, 0x77, 0x68, 0x65, 0x6e, 0x5f, 0x63, 0x61,
  0x75, 0x73, 0x65, 0x64, 0x5f, 0x62, 0x79, 0x5f, 0x6c, 0x69, 0x76, 0x69,
  0x6e, 0x67, 0x5f, 0x6e, 0x6f, 0x6e, 0x5f, 0x70, 0x6c, 0x61, 0x79, 0x65,
  0x72, 0x05, 0x00, 0x0a, 0x65, 0x78, 0x68, 0x61, 0x75, 0x73, 0x74, 0x69,
  0x6f, 0x6e, 0x3d, 0xcc, 0xcc, 0xcd, 0x08, 0x00, 0x0a, 0x6d, 0x65, 0x73,
  0x73, 0x61, 0x67, 0x65, 0x5f, 0x69, 0x64, 0x00, 0x05, 0x61, 0x72, 0x72,
  0x6f, 0x77, 0x00, 0x1b, 0x6d, 0x69, 0x6e, 0x65, 0x63, 0x72, 0x61, 0x66,
  0x74, 0x3a, 0x62, 0x61, 0x64, 0x5f, 0x72, 0x65, 0x73, 0x70, 0x61, 0x77,
  0x6e, 0x5f, 0x70, 0x6f, 0x69, 0x6e, 0x74, 0x01, 0x0a, 0x08, 0x00, 0x07,
  0x73, 0x63, 0x61, 0x6c, 0x69, 0x6e, 0x67, 0x00, 0x06, 0x61, 0x6c, 0x77,
  0x61, 0x79, 0x73, 0x05, 0x00, 0x0a, 0x65, 0x78, 0x68, 0x61, 0x75, 0x73,
  0x74, 0x69, 0x6f, 0x6e, 0x3d, 0xcc, 0xcc, 0xcd, 0x08, 0x00, 0x0a, 0x6d,
  0x65, 0x73, 0x73, 0x61, 0x67, 0x65, 0x5f, 0x69, 0x64, 0x00, 0x0f, 0x62,
  0x61, 0x64, 0x52, 0x65, 0x73, 0x70, 0x61, 0x77, 0x6e, 0x50, 0x6f, 0x69,
  0x6e, 0x74, 0x08, 0x00, 0x12, 0x64, 0x65, 0x61, 0x74, 0x68, 0x5f, 0x6d,
  0x65, 0x73, 0x73, 0x61, 0x67, 0x65, 0x5f, 0x74, 0x79, 0x70, 0x65, 0x00,
  0x17, 0x69, 0x6e, 0x74, 0x65, 0x6e, 0x74, 0x69, 0x6f, 0x6e, 0x61, 0x6c,
  0x5f, 0x67, 0x61, 0x6d, 0x65, 0x5f, 0x64, 0x65, 0x73, 0x69, 0x67, 0x6e,
  0x00, 0x10, 0x6d, 0x69, 0x6e, 0x65, 0x63, 0x72, 0x61, 0x66, 0x74, 0x3a,
  0x63, 0x61, 0x63, 0x74, 0x75, 0x73, 0x01, 0x0a, 0x08, 0x00, 0x07, 0x73,
  0x63, 0x61, 0x6c, 0x69, 0x6e, 0x67, 0x00, 0x20, 0x77, 0x68, 0x65, 0x6e,
  0x5f, 0x63, 0x61, 0x75, 0x73, 0x65, 0x64, 0x5f, 0x62, 0x79, 0x5f, 0x6c,
  0x69, 0x76, 0x69, 0x6e, 0x67, 0x5f, 0x6e, 0x6f, 0x6e, 0x5f, 0x70, 0x6c,
  0x61, 0x79, 0x65, 0x72, 0x05, 0x00, 0x0a, 0x65, 0x78, 0x68, 0x61, 0x75,
  0x73, 0x74, 0x69, 0x6f, 0x6e, 0x3d, 0xcc, 0xcc, 0xcd, 0x08, 0x00, 0x0a,
  0x6d, 0x65, 0x73, 0x73, 0x61, 0x67, 0x65, 0x5f, 0x69, 0x64, 0x00, 0x06,
  0x63, 0x61, 0x63, 0x74, 0x75, 0x73, 0x00, 0x12, 0x6d, 0x69, 0x6e, 0x65,
  0x63, 0x72, 0x61, 0x66, 0x74, 0x3a, 0x63, 0x61, 0x6d, 0x70, 0x66, 0x69,
  0x72, 0x65, 0x01, 0x0a, 0x08, 0x00, 0x07, 0x73, 0x63, 0x61, 0x6c, 0x69,
  0x6e, 0x67, 0x00, 0x20, 0x77, 0x68, 0x65, 0x6e, 0x5f, 0x63, 0x61, 0x75,
  0x73, 0x65, 0x64, 0x5f, 0x62, 0x79, 0x5f, 0x6c, 0x69, 0x76, 0x69, 0x6e,
  0x67, 0x5f, 0x6e, 0x6f, 0x6e, 0x5f, 0x70, 0x6c, 0x61, 0x79, 0x65, 0x72,
  0x08, 0x00, 0x07, 0x65, 0x66, 0x66, 0x65, 0x63, 0x74, 0x73, 0x00, 0x07,
  0x62, 0x75, 0x72, 0x6e, 0x69, 0x6e, 0x67, 0x05, 0x00, 0x0a, 0x65, 0x78,
  0x68, 0x61, 0x75, 0x73, 0x74, 0x69, 0x6f, 0x6e, 0x3d, 0xcc, 0xcc, 0xcd,
  0x08, 0x00, 0x0a, 0x6d, 0x65, 0x73, 0x73, 0x61, 0x67, 0x65, 0x5f, 0x69,
  0x64, 0x00, 0x06, 0x69, 0x6e, 0x46, 0x69, 0x72, 0x65, 0x00, 0x12, 0x6d,
  0x69, 0x6e, 0x65, 0x63, 0x72, 0x61, 0x66, 0x74, 0x3a, 0x63, 0x72, 0x61,
  0x6d, 0x6d, 0x69, 0x6e, 0x67, 0x01, 0x0a, 0x08, 0x00, 0x07, 0x73, 0x63,
  0x61, 0x6c, 0x69, 0x6e, 0x67, 0x00, 0x20, 0x77, 0x68, 0x65, 0x6e, 0x5f,
  0x63, 0x61, 0x75, 0x73, 0x65, 0x64, 0x5f, 0x62, 0x79, 0x5f, 0x6c, 0x69,
  0x76, 0x69, 0x6e, 0x67, 0x5f, 0x6e, 0x6f, 0x6e, 0x5f, 0x70, 0x6c, 0x61,
  0x79, 0x65, 0x72, 0x05, 0x00, 0x0a, 0x65, 0x78, 0x68, 0x61, 0x75, 0x73,
  0x74, 0x69, 0x6f, 0x6e, 0x00, 0x00, 0x00, 0x00, 0x08, 0x00, 0x0a, 0x6d,
  0x65, 0x73, 0x73, 0x61, 0x67, 0x65, 0x5f, 0x69, 0x64, 0x00, 0x08, 0x63,
  0x72, 0x61, 0x6d, 0x6d, 0x69, 0x6e, 0x67, 0x00, 0x17, 0x6d, 0x69, 0x6e,
  0x65, 0x63, 0x72, 0x61, 0x66, 0x74, 0x3a, 0x64, 0x72, 0x61, 0x67, 0x6f,
  0x6e, 0x5f, 0x62, 0x72, 0x65, 0x61, 0x74, 0x68, 0x01, 0x0a, 0x08, 0x00,
  0x07, 0x73, 0x63, 0x61, 0x6c, 0x69, 0x6e, 0x67, 0x00, 0x20, 0x77, 0x68,
  0x65, 0x6e, 0x5f, 0x63, 0x61, 0x75, 0x73, 0x65, 0x64, 0x5f, 0x62, 0x79,
  0x5f, 0x6c, 0x69, 0x76, 0x69, 0x6e, 0x67, 0x5f, 0x6e, 0x6f, 0x6e, 0x5f,
  0x70, 0x6c, 0x61, 0x79, 0x65, 0x72, 0x05, 0x00, 0x0a, 0x65, 0x78, 0x68,
  0x61, 0x75, 0x73, 0x74, 0x69, 0x6f, 0x6e, 0x00, 0x00, 0x00, 0x00, 0x08,
  0x00, 0x0a, 0x6d, 0x65, 0x73, 0x73, 0x61, 0x67, 0x65, 0x5f, 0x69, 0x64,
  0x00, 0x0c, 0x64, 0x72, 0x61, 0x67, 0x6f, 0x6e, 0x42, 0x72, 0x65, 0x61,
  0x74, 0x68, 0x00, 0x0f, 0x6d, 0x69, 0x6e, 0x65, 0x63, 0x72, 0x61, 0x66,
  0x74, 0x3a, 0x64, 0x72, 0x6f, 0x77, 0x6e, 0x01, 0x0a, 0x08, 0x00, 0x07,
  0x73, 0x63, 0x61, 0x6c, 0x69, 0x6e, 0x67, 0x00, 0x20, 0x77, 0x68, 0x65,
  0x6e, 0x5f, 0x63, 0x61, 0x75, 0x73, 0x65, 0x64, 0x5f, 0x62, 0x79, 0x5f,
  0x6c, 0x69, 0x76, 0x69, 0x6e, 0x67, 0x5f, 0x6e, 0x6f, 0x6e, 0x5f, 0x70,
  0x6c, 0x61, 0x79, 0x65, 0x72, 0x08, 0x00, 0x07, 0x65, 0x66, 0x66, 0x65,
  0x63, 0x74, 0x73, 0x00, 0x08, 0x64, 0x72, 0x6f, 0x77, 0x6e, 0x69, 0x6e,
  0x67, 0x05, 0x00, 0x0a, 0x65, 0x78, 0x68, 0x61, 0x75, 0x73, 0x74, 0x69,
  0x6f, 0x6e, 0x00, 0x00, 0x00, 0x00, 0x08, 0x00, 0x0a, 0x6d, 0x65, 0x73,
  0x73, 0x61, 0x67, 0x65, 0x5f, 0x69, 0x64, 0x00, 0x05, 0x64, 0x72, 0x6f,
  0x77, 0x6e, 0x00, 0x11, 0x6d, 0x69, 0x6e, 0x65, 0x63, 0x72, 0x61, 0x66,
  0x74, 0x3a, 0x64, 0x72, 0x79, 0x5f, 0x6f, 0x75, 0x74, 0x01, 0x0a, 0x08,
  0x00, 0x07, 0x73, 0x63, 0x61, 0x6c, 0x69, 0x6e, 0x67, 0x00, 0x20, 0x77,
  0x68, 0x65, 0x6e, 0x5f, 0x63, 0x61, 0x75, 0x73, 0x65, 0x64, 0x5f, 0x62,
  0x79, 0x5f, 0x6c, 0x69, 0x76, 0x69, 0x6e, 0x67, 0x5f, 0x6e, 0x6f, 0x6e,
  0x5f, 0x70, 0x6c, 0x61, 0x79, 0x65, 0x72, 0x05, 0x00, 0x0a, 0x65, 0x78,
  0x68, 0x61, 0x75, 0x73, 0x74, 0x69, 0x6f, 0x6e, 0x3d, 0xcc, 0xcc, 0xcd,
  0x08, 0x00, 0x0a, 0x6d, 0x65, 0x73, 0x73, 0x61, 0x67, 0x65, 0x5f, 0x69,
  0x64, 0x00, 0x06, 0x64, 0x72, 0x79, 0x6f, 0x75, 0x74, 0x00, 0x15, 0x6d,
  0x69, 0x6e, 0x65, 0x63, 0x72, 0x61, 0x66, 0x74, 0x3a, 0x65, 0x6e, 0x64,
  0x65, 0x72, 0x5f, 0x70, 0x65, 0x61, 0x72, 0x6c, 0x01, 0x0a, 0x08, 0x00,
  0x07, 0x73, 0x63, 0x61, 0x6c, 0x69, 0x6e, 0x67, 0x00, 0x20, 0x77, 0x68,
  0x65, 0x6e, 0x5f, 0x63, 0x61, 0x75, 0x73, 0x65, 0x64, 0x5f, 0x62, 0x79,
  0x5f, 0x6c, 0x69, 0x76, 0x69, 0x6e, 0x67, 0x5f, 0x6e, 0x6f, 0x6e, 0x5f,
  0x70, 0x6c, 0x61, 0x79, 0x65, 0x72, 0x05, 0x00, 0x0a, 0x65, 0x78, 0x68,
  0x61, 0x75, 0x73, 0x74, 0x69, 0x6f, 0x6e, 0x00, 0x00, 0x00, 0x00, 0x08,
  0x00, 0x0a, 0x6d, 0x65, 0x73, 0x73, 0x61, 0x67, 0x65, 0x5f, 0x69, 0x64,
  0x00, 0x04, 0x66, 0x61, 0x6c, 0x6c, 0x08, 0x00, 0x12, 0x64, 0x65, 0x61,
  0x74, 0x68, 0x5f, 0x6d, 0x65, 0x73, 0x73, 0x61, 0x67, 0x65, 0x5f, 0x74,
  0x79, 0x70, 0x65, 0x00, 0x0d, 0x66, 0x61, 0x6c, 0x6c, 0x5f, 0x76, 0x61,
  0x72, 0x69, 0x61, 0x6e, 0x74, 0x73, 0x00, 0x13, 0x6d, 0x69, 0x6e, 0x65,
  0x63, 0x72, 0x61, 0x66, 0x74, 0x3a, 0x65, 0x78, 0x70, 0x6c, 0x6f, 0x73,
  0x69, 0x6f, 0x6e, 0x01, 0x0a, 0x08, 0x00, 0x07, 0x73, 0x63, 0x61, 0x6c,
  0x69, 0x6e, 0x67, 0x00, 0x06, 0x61, 0x6c, 0x77, 0x61, 0x79, 0x73, 0x05,
  0x00, 0x0a, 0x65, 0x78, 0x68, 0x61, 0x75, 0x73, 0x74, 0x69, 0x6f, 0x6e,
  0x3d, 0xcc, 0xcc, 0xcd, 0x08, 0x00, 0x0a, 0x6d, 0x65, 0x73, 0x73, 0x61,
  0x67, 0x65, 0x5f, 0x69, 0x64, 0x00, 0x09, 0x65, 0x78, 0x70, 0x6c, 0x6f,
  0x73, 0x69, 0x6f, 0x6e, 0x00, 0x0e, 0x6d, 0x69, 0x6e, 0x65, 0x63, 0x72,
  0x61, 0x66, 0x74, 0x3a, 0x66, 0x61, 0x6c, 0x6c, 0x01, 0x0a, 0x08, 0x00,
  0x07, 0x73, 0x63, 0x61, 0x6c, 0x69, 0x6e, 0x67, 0x00, 0x20, 0x77, 0x68,
  0x65, 0x6e, 0x5f, 0x63, 0x61, 0x75, 0x73, 0x65, 0x64, 0x5f, 0x62, 0x79,
  0x5f, 0x6c, 0x69, 0x76, 0x69, 0x6e, 0x67, 0x5f, 0x6e, 0x6f, 0x6e, 0x5f,
  0x70, 0x6c, 0x61, 0x79, 0x65, 0x72, 0x05, 0x00, 0x0a, 0x65, 0x78, 0x68,
  0x61, 0x75, 0x73, 0x74, 0x69, 0x6f, 0x6e, 0x00, 0x00, 0x00, 0x00, 0x08,
  0x00, 0x0a, 0x6d, 0x65, 0x73, 0x73, 0x61, 0x67, 0x65, 0x5f, 0x69, 0x64,
  0x00, 0x04, 0x66, 0x61, 0x6c, 0x6c, 0x08, 0x00, 0x12, 0x64, 0x65, 0x61,
  0x74, 0x68, 0x5f, 0x6d, 0x65, 0x73, 0x73, 0x61, 0x67, 0x65, 0x5f, 0x74,
  0x79, 0x70, 0x65, 0x00, 0x0d, 0x66, 0x61, 0x6c, 0x6c, 0x5f, 0x76, 0x61,
  0x72, 0x69, 0x61, 0x6e, 0x74, 0x73, 0x00, 0x17, 0x6d, 0x69, 0x6e, 0x65,
  0x63, 0x72, 0x61, 0x66, 0x74, 0x3a, 0x66, 0x61, 0x6c, 0x6c, 0x69, 0x6e,
  0x67, 0x5f, 0x61, 0x6e, 0x76, 0x69, 0x6c, 0x01, 0x0a, 0x08, 0x00, 0x07,
  0x73, 0x63, 0x61, 0x6c, 0x69, 0x6e, 0x67, 0x00, 0x20, 0x77, 0x68, 0x65,
  0x6e, 0x5f, 0x63, 0x61, 0x75, 0x73, 0x65, 0x64, 0x5f, 0x62, 0x79, 0x5f,
  0x6c, 0x69, 0x76, 0x69, 0x6e, 0x67, 0x5f, 0x6e, 0x6f, 0x6e, 0x5f, 0x70,
  0x6c, 0x61, 0x79, 0x65, 0x72, 0x05, 0x00, 0x0a, 0x65, 0x78, 0x68, 0x61,
  0x75, 0x73, 0x74, 0x69, 0x6f, 0x6e, 0x3d, 0xcc, 0xcc, 0xcd, 0x08, 0x00,
  0x0a, 0x6d, 0x65, 0x73, 0x73, 0x61, 0x67, 0x65, 0x5f, 0x69, 0x64, 0x00,
  0x05, 0x61, 0x6e, 0x76, 0x69, 0x6c, 0x00, 0x17, 0x6d, 0x69, 0x6e, 0x65,
  0x63, 0x72, 0x61, 0x66, 0x74, 0x3a, 0x66, 0x61, 0x6c, 0x6c, 0x69, 0x6e,
  0x67, 0x5f, 0x62, 0x6c, 0x6f, 0x63, 0x6b, 0x01, 0x0a, 0x08, 0x00, 0x07,
  0x73, 0x63, 0x61, 0x6c, 0x69, 0x6e, 0x67, 0x00, 0x20, 0x77, 0x68, 0x65,
  0x6e, 0x5f, 0x63, 0x61, 0x75, 0x73, 0x65, 0x64, 0x5f, 0x62, 0x79, 0x5f,
  0x6c, 0x69, 0x76, 0x69, 0x6e, 0x67, 0x5f, 0x6e, 0x6f, 0x6e, 0x5f, 0x70,
  0x6c, 0x61, 0x79, 0x65, 0x72, 0x05, 0x00, 0x0a, 0x65, 0x78, 0x68, 0x61,
  0x75, 0x73, 0x74, 0x69, 0x6f, 0x6e, 0x3d, 0xcc, 0xcc, 0xcd, 0x08, 0x00,
  0x0a, 0x6d, 0x65, 0x73, 0x73, 0x61, 0x67, 0x65, 0x5f, 0x69, 0x64, 0x00,
  0x0c, 0x66, 0x61, 0x6c, 0x6c, 0x69, 0x6e, 0x67, 0x42, 0x6c, 0x6f, 0x63,
  0x6b, 0x00, 0x1c, 0x6d, 0x69, 0x6e, 0x65, 0x63, 0x72, 0x61, 0x66, 0x74,
  0x3a, 0x66, 0x61, 0x6c, 0x6c, 0x69, 0x6e, 0x67, 0x5f, 0x73, 0x74, 0x61,
  0x6c, 0x61, 0x63, 0x74, 0x69, 0x74, 0x65, 0x01, 0x0a, 0x08, 0x00, 0x07,
  0x73, 0x63, 0x61, 0x6c, 0x69, 0x6e, 0x67, 0x00, 0x20, 0x77, 0x68, 0x65,
  0x6e, 0x5f, 0x63, 0x61, 0x75, 0x73, 0x65, 0x64, 0x5f, 0x62, 0x79, 0x5f,
  0x6c, 0x69, 0x76, 0x69, 0x6e, 0x67, 0x5f, 0x6e, 0x6f, 0x6e, 0x5f, 0x70,
  0x6c, 0x61, 0x79, 0x65, 0x72, 0x05, 0x00, 0x0a, 0x65, 0x78, 0x68, 0x61,
  0x75, 0x73, 0x74, 0x69, 0x6f, 0x6e, 0x3d, 0xcc, 0xcc, 0xcd, 0x08, 0x00,
  0x0a, 0x6d, 0x65, 0x73, 0x73, 0x61, 0x67, 0x65, 0x5f, 0x69, 0x64, 0x00,
  0x11, 0x66, 0x61, 0x6c, 0x6c, 0x69, 0x6e, 0x67, 0x53, 0x74, 0x61, 0x6c,
  0x61, 0x63, 0x74, 0x69, 0x74, 0x65, 0x00, 0x12, 0x6d, 0x69, 0x6e, 0x65,
  0x63, 0x72, 0x61, 0x66, 0x74, 0x3a, 0x66, 0x69, 0x72, 0x65, 0x62, 0x61,
  0x6c, 0x6c, 0x01, 0x0a, 0x08, 0x00, 0x07, 0x73, 0x63, 0x61, 0x6c, 0x69,
  0x6e, 0x67, 0x00, 0x20, 0x77, 0x68, 0x65, 0x6e, 0x5f, 0x63, 0x61, 0x75,
  0x73, 0x65, 0x64, 0x5f, 0x62, 0x79, 0x5f, 0x6c, 0x69, 0x76, 0x69, 0x6e,
  0x67, 0x5f, 0x6e, 0x6f, 0x6e, 0x5f, 0x70, 0x6c, 0x61, 0x79, 0x65, 0x72,
  0x08, 0x00, 0x07, 0x65, 0x66, 0x66, 0x65, 0x63, 0x74, 0x73, 0x00, 0x07,
  0x62, 0x75, 0x72, 0x6e, 0x69, 0x6e, 0x67, 0x05, 0x00, 0x0a, 0x65, 0x78,
  0x68, 0x61, 0x75, 0x73, 0x74, 0x69, 0x6f, 0x6e, 0x3d, 0xcc, 0xcc, 0xcd,
  0x08, 0x00, 0x0a, 0x6d, 0x65, 0x73, 0x73, 0x61, 0x67, 0x65, 0x5f, 0x69,
  0x64, 0x00, 0x08, 0x66, 0x69, 0x72, 0x65, 0x62, 0x61, 0x6c, 0x6c, 0x00,
  0x13, 0x6d, 0x69, 0x6e, 0x65, 0x63, 0x72, 0x61, 0x66, 0x74, 0x3a, 0x66,
  0x69, 0x72, 0x65, 0x77, 0x6f, 0x72, 0x6b, 0x73, 0x01, 0x0a, 0x08, 0x00,
  0x07, 0x73, 0x63, 0x61, 0x6c, 0x69, 0x6e, 0x67, 0x00, 0x20, 0x77, 0x68,
  0x65, 0x6e, 0x5f, 0x63, 0x61, 0x75, 0x73, 0x65, 0x64, 0x5f, 0x62, 0x79,
  0x5f, 0x6c, 0x69, 0x76, 0x69, 0x6e, 0x67, 0x5f, 0x6e, 0x6f, 0x6e, 0x5f,
  0x70, 0x6c, 0x61, 0x79, 0x65, 0x72, 0x05, 0x00, 0x0a, 0x65, 0x78, 0x68,
  0x61, 0x75, 0x73, 0x74, 0x69, 0x6f, 0x6e, 0x3d, 0xcc, 0xcc, 0xcd, 0x08,
  0x00, 0x0a, 0x6d, 0x65, 0x73, 0x73, 0x61, 0x67, 0x65, 0x5f, 0x69, 0x64,
  0x00, 0x09, 0x66, 0x69, 0x72, 0x65, 0x77, 0x6f, 0x72, 0x6b, 0x73, 0x00,
  0x17, 0x6d, 0x69, 0x6e, 0x65, 0x63, 0x72, 0x61, 0x66, 0x74, 0x3a, 0x66,
  0x6c, 0x79, 0x5f, 0x69, 0x6e, 0x74, 0x6f, 0x5f, 0x77, 0x61, 0x6c, 0x6c,
  0x01, 0x0a, 0x08, 0x00, 0x07, 0x73, 0x63, 0x61, 0x6c, 0x69, 0x6e, 0x67,
  0x00, 0x20, 0x77, 0x68, 0x65, 0x6e, 0x5f, 0x63, 0x61, 0x75, 0x73, 0x65,
  0x64, 0x5f, 0x62, 0x79, 0x5f, 0x6c, 0x69, 0x76, 0x69, 0x6e, 0x67, 0x5f,
  0x6e, 0x6f, 0x6e, 0x5f, 0x70, 0x6c, 0x61, 0x79, 0x65, 0x72, 0x05, 0x00,
  0x0a, 0x65, 0x78, 0x68, 0x61, 0x75, 0x73, 0x74, 0x69, 0x6f, 0x6e, 0x00,
  0x00, 0x00, 0x00, 0x08, 0x00, 0x0a, 0x6d, 0x65, 0x73, 0x73, 0x61, 0x67,
  0x65, 0x5f, 0x69, 0x64, 0x00, 0x0b, 0x66, 0x6c, 0x79, 0x49, 0x6e, 0x74,
  0x6f, 0x57, 0x61, 0x6c, 0x6c, 0x00, 0x10, 0x6d, 0x69, 0x6e, 0x65, 0x63,
  0x72, 0x61, 0x66, 0x74, 0x3a, 0x66, 0x72, 0x65, 0x65, 0x7a, 0x65, 0x01,
  0x0a, 0x08, 0x00, 0x07, 0x73, 0x63, 0x61, 0x6c, 0x69, 0x6e, 0x67, 0x00,
  0x20, 0x77, 0x68, 0x65, 0x6e, 0x5f, 0x63, 0x61, 0x75, 0x73, 0x65, 0x64,
  0x5f, 0x62, 0x79, 0x5f, 0x6c, 0x69, 0x76, 0x69, 0x6e, 0x67, 0x5f, 0x6e,
  0x6f, 0x6e, 0x5f, 0x70, 0x6c, 0x61, 0x79, 0x65, 0x72, 0x08, 0x00, 0x07,
  0x65, 0x66, 0x66, 0x65, 0x63, 0x74, 0x73, 0x00, 0x08, 0x66, 0x72, 0x65,
  0x65, 0x7a, 0x69, 0x6e, 0x67, 0x05, 0x00, 0x0a, 0x65, 0x78, 0x68, 0x61,
  0x75, 0x73, 0x74, 0x69, 0x6f, 0x6e, 0x00, 0x00, 0x00, 0x00, 0x08, 0x00,
  0x0a, 0x6d, 0x65, 0x73, 0x73, 0x61, 0x67, 0x65, 0x5f, 0x69, 0x64, 0x00,
  0x06, 0x66, 0x72, 0x65, 0x65, 0x7a, 0x65, 0x00, 0x11, 0x6d, 0x69, 0x6e,
  0x65, 0x63, 0x72, 0x61, 0x66, 0x74, 0x3a, 0x67, 0x65, 0x6e, 0x65, 0x72,
  0x69, 0x63, 0x01, 0x0a, 0x08, 0x00, 0x07, 0x73, 0x63, 0x61, 0x6c, 0x69,
  0x6e, 0x67, 0x00, 0x20, 0x77, 0x68, 0x65, 0x6e, 0x5f, 0x63, 0x61, 0x75,
  0x73, 0x65, 0x64, 0x5f, 0x62, 0x79, 0x5f, 0x6c, 0x69, 0x76, 0x69, 0x6e,
  0x67, 0x5f, 0x6e, 0x6f, 0x6e, 0x5f, 0x70, 0x6c, 0x61, 0x79, 0x65, 0x72,
  0x05, 0x00, 0x0a, 0x65, 0x78, 0x68, 0x61, 0x75, 0x73, 0x74, 0x69, 0x6f,
  0x6e, 0x00, 0x00, 0x00, 0x00, 0x08, 0x00, 0x0a, 0x6d, 0x65, 0x73, 0x73,
  0x61, 0x67, 0x65, 0x5f, 0x69, 0x64, 0x00, 0x07, 0x67, 0x65, 0x6e, 0x65,
  0x72, 0x69, 0x63, 0x00, 0x16, 0x6d, 0x69, 0x6e, 0x65, 0x63, 0x72, 0x61,
  0x66, 0x74, 0x3a, 0x67, 0x65, 0x6e, 0x65, 0x72, 0x69, 0x63, 0x5f, 0x6b,
  0x69, 0x6c, 0x6c, 0x01, 0x0a, 0x08, 0x00, 0x07, 0x73, 0x63, 0x61, 0x6c,
  0x69, 0x6e, 0x67, 0x00, 0x20, 0x77, 0x68, 0x65, 0x6e, 0x5f, 0x63, 0x61,
  0x75, 0x73, 0x65, 0x64, 0x5f, 0x62, 0x79, 0x5f, 0x6c, 0x69, 0x76, 0x69,
  0x6e, 0x67, 0x5f, 0x6e, 0x6f, 0x6e, 0x5f, 0x70, 0x6c, 0x61, 0x79, 0x65,
  0x72, 0x05, 0x00, 0x0a, 0x65, 0x78, 0x68, 0x61, 0x75, 0x73, 0x74, 0x69,
  0x6f, 0x6e, 0x00, 0x00, 0x00, 0x00, 0x08, 0x00, 0x0a, 0x6d, 0x65, 0x73,
  0x73, 0x61, 0x67, 0x65, 0x5f, 0x69, 0x64, 0x00, 0x0b, 0x67, 0x65, 0x6e,
  0x65, 0x72, 0x69, 0x63, 0x4b, 0x69, 0x6c, 0x6c, 0x00, 0x13, 0x6d, 0x69,
  0x6e, 0x65, 0x63, 0x72, 0x61, 0x66, 0x74, 0x3a, 0x68, 0x6f, 0x74, 0x5f,
  0x66, 0x6c, 0x6f, 0x6f, 0x72, 0x01, 0x0a, 0x08, 0x00, 0x07, 0x73, 0x63,
  0x61, 0x6c, 0x69, 0x6e, 0x67, 0x00, 0x20, 0x77, 0x68, 0x65, 0x6e, 0x5f,
  0x63, 0x61, 0x75, 0x73, 0x65, 0x64, 0x5f, 0x62, 0x79, 0x5f, 0x6c, 0x69,
  0x76, 0x69, 0x6e, 0x67, 0x5f, 0x6e, 0x6f, 0x6e, 0x5f, 0x70, 0x6c, 0x61,
  0x79, 0x65, 0x72, 0x08, 0x00, 0x07, 0x65, 0x66, 0x66, 0x65, 0x63, 0x74,
  0x73, 0x00, 0x07, 0x62, 0x75, 0x72, 0x6e, 0x69, 0x6e, 0x67, 0x05, 0x00,
  0x0a, 0x65, 0x78, 0x68, 0x61, 0x75, 0x73, 0x74, 0x69, 0x6f, 0x6e, 0x3d,
  0xcc, 0xcc, 0xcd, 0x08, 0x00, 0x0a, 0x6d, 0x65, 0x73, 0x73, 0x61, 0x67,
  0x65, 0x5f, 0x69, 0x64, 0x00, 0x08, 0x68, 0x6f, 0x74, 0x46, 0x6c, 0x6f,
  0x6f, 0x72, 0x00, 0x11, 0x6d, 0x69, 0x6e, 0x65, 0x63, 0x72, 0x61, 0x66,
  0x74, 0x3a, 0x69, 0x6e, 0x5f, 0x66, 0x69, 0x72, 0x65, 0x01, 0x0a, 0x08,
  0x00, 0x07, 0x73, 0x63, 0x61, 0x6c, 0x69, 0x6e, 0x67, 0x00, 0x20, 0x77,
  0x68, 0x65, 0x6e, 0x5f, 0x63, 0x61, 0x75, 0x73, 0x65, 0x64, 0x5f, 0x62,
  0x79, 0x5f, 0x6c, 0x69, 0x76, 0x69, 0x6e, 0x67, 0x5f, 0x6e, 0x6f, 0x6e,
  0x5f, 0x70, 0x6c, 0x61, 0x79, 0x65, 0x72, 0x08, 0x00, 0x07, 0x65, 0x66,
  0x66, 0x65, 0x63, 0x74, 0x73, 0x00, 0x07, 0x62, 0x75, 0x72, 0x6e, 0x69,
  0x6e, 0x67, 0x05, 0x00, 0x0a, 0x65, 0x78, 0x68, 0x61, 0x75, 0x73, 0x74,
  0x69, 0x6f, 0x6e, 0x3d, 0xcc, 0xcc, 0xcd, 0x08, 0x00, 0x0a, 0x6d, 0x65,
  0x73, 0x73, 0x61, 0x67, 0x65, 0x5f, 0x69, 0x64, 0x00, 0x06, 0x69, 0x6e,
  0x46, 0x69, 0x72, 0x65, 0x00, 0x11, 0x6d, 0x69, 0x6e, 0x65, 0x63, 0x72,
  0x61, 0x66, 0x74, 0x3a, 0x69, 0x6e, 0x5f, 0x77, 0x61, 0x6c, 0x6c, 0x01,
  0x0a, 0x08, 0x00, 0x07, 0x73, 0x63, 0x61, 0x6c, 0x69, 0x6e, 0x67, 0x00,
  0x20, 0x77, 0x68, 0x65, 0x6e, 0x5f, 0x63, 0x61, 0x75, 0x73, 0x65, 0x64,
  0x5f, 0x62, 0x79, 0x5f, 0x6c, 0x69, 0x76, 0x69, 0x6e, 0x67, 0x5f, 0x6e,
  0x6f, 0x6e, 0x5f, 0x70, 0x6c, 0x61, 0x79, 0x65, 0x72, 0x05, 0x00, 0x0a,
  0x65, 0x78, 0x68, 0x61, 0x75, 0x73, 0x74, 0x69, 0x6f, 0x6e, 0x00, 0x00,
  0x00, 0x00, 0x08, 0x00, 0x0a, 0x6d, 0x65, 0x73, 0x73, 0x61, 0x67, 0x65,
  0x5f, 0x69, 0x64, 0x00, 0x06, 0x69, 0x6e, 0x57, 0x61, 0x6c, 0x6c, 0x00,
  0x18, 0x6d, 0x69, 0x6e, 0x65, 0x63, 0x72, 0x61, 0x66, 0x74, 0x3a, 0x69,
  0x6e, 0x64, 0x69, 0x72, 0x65, 0x63, 0x74, 0x5f, 0x6d, 0x61, 0x67, 0x69,
  0x63, 0x01, 0x0a, 0x08, 0x00, 0x07, 0x73, 0x63, 0x61, 0x6c, 0x69, 0x6e,
  0x67, 0x00, 0x20, 0x77, 0x68, 0x65, 0x6e, 0x5f, 0x63, 0x61, 0x75, 0x73,
  0x65, 0x64, 0x5f, 0x62, 0x79, 0x5f, 0x6c, 0x69, 0x76, 0x69, 0x6e, 0x67,
  0x5f, 0x6e, 0x6f, 0x6e, 0x5f, 0x70, 0x6c, 0x61, 0x79, 0x65, 0x72, 0x05,
  0x00, 0x0a, 0x65, 0x78, 0x68, 0x61, 0x75, 0x73, 0x74, 0x69, 0x6f, 0x6e,
  0x00, 0x00, 0x00, 0x00, 0x08, 0x00, 0x0a, 0x6d, 0x65, 0x73, 0x73, 0x61,
  0x67, 0x65, 0x5f, 0x69, 0x64, 0x00, 0x0d, 0x69, 0x6e, 0x64, 0x69, 0x72,
  0x65, 0x63, 0x74, 0x4d, 0x61, 0x67, 0x69, 0x63, 0x00, 0x0e, 0x6d, 0x69,
  0x6e, 0x65, 0x63, 0x72, 0x61, 0x66, 0x74, 0x3a, 0x6c, 0x61, 0x76, 0x61,
  0x01, 0x0a, 0x08, 0x00, 0x07, 0x73, 0x63, 0x61, 0x6c, 0x69, 0x6e, 0x67,
  0x00, 0x20, 0x77, 0x68, 0x65, 0x6e, 0x5f, 0x63, 0x61, 0x75, 0x73, 0x65,
  0x64, 0x5f, 0x62, 0x79, 0x5f, 0x6c, 0x69, 0x76, 0x69, 0x6e, 0x67, 0x5f,
  0x6e, 0x6f, 0x6e, 0x5f, 0x70, 0x6c, 0x61, 0x79, 0x65, 0x72, 0x08, 0x00,
  0x07, 0x65, 0x66, 0x66, 0x65, 0x63, 0x74, 0x73, 0x00, 0x07, 0x62, 0x75,
  0x72, 0x6e, 0x69, 0x6e, 0x67, 0x05, 0x00, 0x0a, 0x65, 0x78, 0x68, 0x61,
  0x75, 0x73, 0x74, 0x69, 0x6f, 0x6e, 0x3d, 0xcc, 0xcc, 0xcd, 0x08, 0x00,
  0x0a, 0x6d, 0x65, 0x73, 0x73, 0x61, 0x67, 0x65, 0x5f, 0x69, 0x64, 0x00,
  0x04, 0x6c, 0x61, 0x76, 0x61, 0x00, 0x18, 0x6d, 0x69, 0x6e, 0x65, 0x63,
  0x72, 0x61, 0x66, 0x74, 0x3a, 0x6c, 0x69, 0x67, 0x68, 0x74, 0x6e, 0x69,
  0x6e, 0x67, 0x5f, 0x62, 0x6f, 0x6c, 0x74, 0x01, 0x0a, 0x08, 0x00, 0x07,
  0x73, 0x63, 0x61, 0x6c, 0x69, 0x6e, 0x67, 0x00, 0x20, 0x77, 0x68, 0x65,
  0x6e, 0x5f, 0x63, 0x61, 0x75, 0x73, 0x65, 0x64, 0x5f, 0x62, 0x79, 0x5f,
  0x6c, 0x69, 0x76, 0x69, 0x6e, 0x67, 0x5f, 0x6e, 0x6f, 0x6e, 0x5f, 0x70,
  0x6c, 0x61, 0x79, 0x65, 0x72, 0x05, 0x00, 0x0a, 0x65, 0x78, 0x68, 0x61,
  0x75, 0x73, 0x74, 0x69, 0x6f, 0x6e, 0x3d, 0xcc, 0xcc, 0xcd, 0x08, 0x00,
  0x0a, 0x6d, 0x65, 0x73, 0x73, 0x61, 0x67, 0x65, 0x5f, 0x69, 0x64, 0x00,
  0x0d, 0x6c, 0x69, 0x67, 0x68, 0x74, 0x6e, 0x69, 0x6e, 0x67, 0x42, 0x6f,
  0x6c, 0x74, 0x00, 0x14, 0x6d, 0x69, 0x6e, 0x65, 0x63, 0x72, 0x61, 0x66,
  0x74, 0x3a, 0x6d, 0x61, 0x63, 0x65, 0x5f, 0x73, 0x6d, 0x61, 0x73, 0x68,
  0x01, 0x0a, 0x08, 0x00, 0x07, 0x73, 0x63, 0x61, 0x6c, 0x69, 0x6e, 0x67,
  0x00, 0x20, 0x77, 0x68, 0x65, 0x6e, 0x5f, 0x63, 0x61, 0x75, 0x73, 0x65,
  0x64, 0x5f, 0x62, 0x79, 0x5f, 0x6c, 0x69, 0x76, 0x69, 0x6e, 0x67, 0x5f,
  0x6e, 0x6f, 0x6e, 0x5f, 0x70, 0x6c, 0x61, 0x79, 0x65, 0x72, 0x05, 0x00,
  0x0a, 0x65, 0x78, 0x68, 0x61, 0x75, 0x73, 0x74, 0x69, 0x6f, 0x6e, 0x3d,
  0xcc, 0xcc, 0xcd, 0x08, 0x00, 0x0a, 0x6d, 0x65, 0x73, 0x73, 0x61, 0x67,
  0x65, 0x5f, 0x69, 0x64, 0x00, 0x0a, 0x6d, 0x61, 0x63, 0x65, 0x5f, 0x73,
  0x6d, 0x61, 0x73, 0x68, 0x00, 0x0f, 0x6d, 0x69, 0x6e, 0x65, 0x63, 0x72,
  0x61, 0x66, 0x74, 0x3a, 0x6d, 0x61, 0x67, 0x69, 0x63, 0x01, 0x0a, 0x08,
  0x00, 0x07, 0x73, 0x63, 0x61, 0x6c, 0x69, 0x6e, 0x67, 0x00, 0x20, 0x77,
  0x68, 0x65, 0x6e, 0x5f, 0x63, 0x61, 0x75, 0x73, 0x65, 0x64, 0x5f, 0x62,
  0x79, 0x5f, 0x6c, 0x69, 0x76, 0x69, 0x6e, 0x67, 0x5f, 0x6e, 0x6f, 0x6e,
  0x5f, 0x70, 0x6c, 0x61, 0x79, 0x65, 0x72, 0x05, 0x00, 0x0a, 0x65, 0x78,
  0x68, 0x61, 0x75, 0x73, 0x74, 0x69, 0x6f, 0x6e, 0x00, 0x00, 0x00, 0x00,
  0x08, 0x00, 0x0a, 0x6d, 0x65, 0x73, 0x73, 0x61, 0x67, 0x65, 0x5f, 0x69,
  0x64, 0x00, 0x05, 0x6d, 0x61, 0x67, 0x69, 0x63, 0x00, 0x14, 0x6d, 0x69,
  0x6e, 0x65, 0x63, 0x72, 0x61, 0x66, 0x74, 0x3a, 0x6d, 0x6f, 0x62, 0x5f,
  0x61, 0x74, 0x74, 0x61, 0x63, 0x6b, 0x01, 0x0a, 0x08, 0x00, 0x07, 0x73,
  0x63, 0x61, 0x6c, 0x69, 0x6e, 0x67, 0x00, 0x20, 0x77, 0x68, 0x65, 0x6e,
  0x5f, 0x63, 0x61, 0x75, 0x73, 0x65, 0x64, 0x5f, 0x62, 0x79, 0x5f, 0x6c,
  0x69, 0x76, 0x69, 0x6e, 0x67, 0x5f, 0x6e, 0x6f, 0x6e, 0x5f, 0x70, 0x6c,
  0x61, 0x79, 0x65, 0x72, 0x05, 0x00, 0x0a, 0x65, 0x78, 0x68, 0x61, 0x75,
  0x73, 0x74, 0x69, 0x6f, 0x6e, 0x3d, 0xcc, 0xcc, 0xcd, 0x08, 0x00, 0x0a,
  0x6d, 0x65, 0x73, 0x73, 0x61, 0x67, 0x65, 0x5f, 0x69, 0x64, 0x00, 0x03,
  0x6d, 0x6f, 0x62, 0x00, 0x1d, 0x6d, 0x69, 0x6e, 0x65, 0x63, 0x72, 0x61,
  0x66, 0x74, 0x3a, 0x6d, 0x6f, 0x62, 0x5f, 0x61, 0x74, 0x74, 0x61, 0x63,
  0x6b, 0x5f, 0x6e, 0x6f, 0x5f, 0x61, 0x67, 0x67, 0x72, 0x6f, 0x01, 0x0a,
  0x08, 0x00, 0x07, 0x73, 0x63, 0x61, 0x6c, 0x69, 0x6e, 0x67, 0x00, 0x20,
  0x77, 0x68, 0x65, 0x6e, 0x5f, 0x63, 0x61, 0x75, 0x73, 0x65, 0x64, 0x5f,
  0x62, 0x79, 0x5f, 0x6c, 0x69, 0x76, 0x69, 0x6e, 0x67, 0x5f, 0x6e, 0x6f,
  0x6e, 0x5f, 0x70, 0x6c, 0x61, 0x79, 0x65, 0x72, 0x05, 0x00, 0x0a, 0x65,
  0x78, 0x68, 0x61, 0x75, 0x73, 0x74, 0x69, 0x6f, 0x6e, 0x3d, 0xcc, 0xcc,
  0xcd, 0x08, 0x00, 0x0a, 0x6d, 0x65, 0x73, 0x73, 0x61, 0x67, 0x65, 0x5f,
  0x69, 0x64, 0x00, 0x03, 0x6d, 0x6f, 0x62, 0x00, 0x18, 0x6d, 0x69, 0x6e,
  0x65, 0x63, 0x72, 0x61, 0x66, 0x74, 0x3a, 0x6d, 0x6f, 0x62, 0x5f, 0x70,
  0x72, 0x6f, 0x6a, 0x65, 0x63, 0x74, 0x69, 0x6c, 0x65, 0x01, 0x0a, 0x08,
  0x00, 0x07, 0x73, 0x63, 0x61, 0x6c, 0x69, 0x6e, 0x67, 0x00, 0x20, 0x77,
  0x68, 0x65, 0x6e, 0x5f, 0x63, 0x61, 0x75, 0x73, 0x65, 0x64, 0x5f, 0x62,
  0x79, 0x5f, 0x6c, 0x69, 0x76, 0x69, 0x6e, 0x67, 0x5f, 0x6e, 0x6f, 0x6e,
  0x5f, 0x70, 0x6c, 0x61, 0x79, 0x65, 0x72, 0x05, 0x00, 0x0a, 0x65, 0x78,
  0x68, 0x61, 0x75, 0x73, 0x74, 0x69, 0x6f, 0x6e, 0x3d, 0xcc, 0xcc, 0xcd,
  0x08, 0x00, 0x0a, 0x6d, 0x65, 0x73, 0x73, 0x61, 0x67, 0x65, 0x5f, 0x69,
  0x64, 0x00, 0x03, 0x6d, 0x6f, 0x62, 0x00, 0x11, 0x6d, 0x69, 0x6e, 0x65,
  0x63, 0x72, 0x61, 0x66, 0x74, 0x3a, 0x6f, 0x6e, 0x5f, 0x66, 0x69, 0x72,
  0x65, 0x01, 0x0a, 0x08, 0x00, 0x07, 0x73, 0x63, 0x61, 0x6c, 0x69, 0x6e,
  0x67, 0x00, 0x20, 0x77, 0x68, 0x65, 0x6e, 0x5f, 0x63, 0x61, 0x75, 0x73,
  0x65, 0x64, 0x5f, 0x62, 0x79, 0x5f, 0x6c, 0x69, 0x76, 0x69, 0x6e, 0x67,
  0x5f, 0x6e, 0x6f, 0x6e, 0x5f, 0x70, 0x6c, 0x61, 0x79, 0x65, 0x72, 0x08,
  0x00, 0x07, 0x65, 0x66, 0x66, 0x65, 0x63, 0x74, 0x73, 0x00, 0x07, 0x62,
  0x75, 0x72, 0x6e, 0x69, 0x6e, 0x67, 0x05, 0x00, 0x0a, 0x65, 0x78, 0x68,
  0x61, 0x75, 0x73, 0x74, 0x69, 0x6f, 0x6e, 0x00, 0x00, 0x00, 0x00, 0x08,
  0x00, 0x0a, 0x6d, 0x65, 0x73, 0x73, 0x61, 0x67, 0x65, 0x5f, 0x69, 0x64,
  0x00, 0x06, 0x6f, 0x6e, 0x46, 0x69, 0x72, 0x65, 0x00, 0x16, 0x6d, 0x69,
  0x6e, 0x65, 0x63, 0x72, 0x61, 0x66, 0x74, 0x3a, 0x6f, 0x75, 0x74, 0x5f,
  0x6f, 0x66, 0x5f, 0x77, 0x6f, 0x72, 0x6c, 0x64, 0x01, 0x0a, 0x08, 0x00,
  0x07, 0x73, 0x63, 0x61, 0x6c, 0x69, 0x6e, 0x67, 0x00, 0x20, 0x77, 0x68,
  0x65, 0x6e, 0x5f, 0x63, 0x61, 0x75, 0x73, 0x65, 0x64, 0x5f, 0x62, 0x79,
  0x5f, 0x6c, 0x69, 0x76, 0x69, 0x6e, 0x67, 0x5f, 0x6e, 0x6f, 0x6e, 0x5f,
  0x70, 0x6c, 0x61, 0x79, 0x65, 0x72, 0x05, 0x00, 0x0a, 0x65, 0x78, 0x68,
  0x61, 0x75, 0x73, 0x74, 0x69, 0x6f, 0x6e, 0x00, 0x00, 0x00, 0x00, 0x08,
  0x00, 0x0a, 0x6d, 0x65, 0x73, 0x73, 0x61, 0x67, 0x65, 0x5f, 0x69, 0x64,
  0x00, 0x0a, 0x6f, 0x75, 0x74, 0x4f, 0x66, 0x57, 0x6f, 0x72, 0x6c, 0x64,
  0x00, 0x18, 0x6d, 0x69, 0x6e, 0x65, 0x63, 0x72, 0x61, 0x66, 0x74, 0x3a,
  0x6f, 0x75, 0x74, 0x73, 0x69, 0x64, 0x65, 0x5f, 0x62, 0x6f, 0x72, 0x64,
  0x65, 0x72, 0x01, 0x0a, 0x08, 0x00, 0x07, 0x73, 0x63, 0x61, 0x6c, 0x69,
  0x6e, 0x67, 0x00, 0x20, 0x77, 0x68, 0x65, 0x6e, 0x5f, 0x63, 0x61, 0x75,
  0x73, 0x65, 0x64, 0x5f, 0x62, 0x79, 0x5f, 0x6c, 0x69, 0x76, 0x69, 0x6e,
  0x67, 0x5f, 0x6e, 0x6f, 0x6e, 0x5f, 0x70, 0x6c, 0x61, 0x79, 0x65, 0x72,
  0x05, 0x00, 0x0a, 0x65, 0x78, 0x68, 0x61, 0x75, 0x73, 0x74, 0x69, 0x6f,
  0x6e, 0x00, 0x00, 0x00, 0x00, 0x08, 0x00, 0x0a, 0x6d, 0x65, 0x73, 0x73,
  0x61, 0x67, 0x65, 0x5f, 0x69, 0x64, 0x00, 0x0d, 0x6f, 0x75, 0x74, 0x73,
  0x69, 0x64, 0x65, 0x42, 0x6f, 0x72, 0x64, 0x65, 0x72, 0x00, 0x17, 0x6d,
  0x69, 0x6e, 0x65, 0x63, 0x72, 0x61, 0x66, 0x74, 0x3a, 0x70, 0x6c, 0x61,
  0x79, 0x65, 0x72, 0x5f, 0x61, 0x74, 0x74, 0x61, 0x63, 0x6b, 0x01, 0x0a,
  0x08, 0x00, 0x07, 0x73, 0x63, 0x61, 0x6c, 0x69, 0x6e, 0x67, 0x00, 0x20,
  0x77, 0x68, 0x65, 0x6e, 0x5f, 0x63, 0x61, 0x75, 0x73, 0x65, 0x64, 0x5f,
  0x62, 0x79, 0x5f, 0x6c, 0x69, 0x76, 0x69, 0x6e, 0x67, 0x5f, 0x6e, 0x6f,
  0x6e, 0x5f, 0x70, 0x6c, 0x61, 0x79, 0x65, 0x72, 0x05, 0x00, 0x0a, 0x65,
  0x78, 0x68, 0x61, 0x75, 0x73, 0x74, 0x69, 0x6f, 0x6e, 0x3d, 0xcc, 0xcc,
  0xcd, 0x08, 0x00, 0x0a, 0x6d, 0x65, 0x73, 0x73, 0x61, 0x67, 0x65, 0x5f,
  0x69, 0x64, 0x00, 0x06, 0x70, 0x6c, 0x61, 0x79, 0x65, 0x72, 0x00, 0x1a,
  0x6d, 0x69, 0x6e, 0x65, 0x63, 0x72, 0x61, 0x66, 0x74, 0x3a, 0x70, 0x6c,
  0x61, 0x79, 0x65, 0x72, 0x5f, 0x65, 0x78, 0x70, 0x6c, 0x6f, 0x73, 0x69,
  0x6f, 0x6e, 0x01, 0x0a, 0x08, 0x00, 0x07, 0x73, 0x63, 0x61, 0x6c, 0x69,
  0x6e, 0x67, 0x00, 0x06, 0x61, 0x6c, 0x77, 0x61, 0x79, 0x73, 0x05, 0x00,
  0x0a, 0x65, 0x78, 0x68, 0x61, 0x75, 0x73, 0x74, 0x69, 0x6f, 0x6e, 0x3d,
  0xcc, 0xcc, 0xcd, 0x08, 0x00, 0x0a, 0x6d, 0x65, 0x73, 0x73, 0x61, 0x67,
  0x65, 0x5f, 0x69, 0x64, 0x00, 0x10, 0x65, 0x78, 0x70, 0x6c, 0x6f, 0x73,
  0x69, 0x6f, 0x6e, 0x2e, 0x70, 0x6c, 0x61, 0x79, 0x65, 0x72, 0x00, 0x14,
  0x6d, 0x69, 0x6e, 0x65, 0x63, 0x72, 0x61, 0x66, 0x74, 0x3a, 0x73, 0x6f,
  0x6e, 0x69, 0x63, 0x5f, 0x62, 0x6f, 0x6f, 0x6d, 0x01, 0x0a, 0x08, 0x00,
  0x07, 0x73, 0x63, 0x61, 0x6c, 0x69, 0x6e, 0x67, 0x00, 0x06, 0x61, 0x6c,
  0x77, 0x61, 0x79, 0x73, 0x05, 0x00, 0x0a, 0x65, 0x78, 0x68, 0x61, 0x75,
  0x73, 0x74, 0x69, 0x6f, 0x6e, 0x00, 0x00, 0x00, 0x00, 0x08, 0x00, 0x0a,
  0x6d, 0x65, 0x73, 0x73, 0x61, 0x67, 0x65, 0x5f, 0x69, 0x64, 0x00, 0x0a,
  0x73, 0x6f, 0x6e, 0x69, 0x63, 0x5f, 0x62, 0x6f, 0x6f, 0x6d, 0x00, 0x0f,
  0x6d, 0x69, 0x6e, 0x65, 0x63, 0x72, 0x61, 0x66, 0x74, 0x3a, 0x73, 0x70,
  0x65, 0x61, 0x72, 0x01, 0x0a, 0x08, 0x00, 0x07, 0x73, 0x63, 0x61, 0x6c,
  0x69, 0x6e, 0x67, 0x00, 0x20, 0x77, 0x68, 0x65, 0x6e, 0x5f, 0x63, 0x61,
  0x75, 0x73, 0x65, 0x64, 0x5f, 0x62, 0x79, 0x5f, 0x6c, 0x69, 0x76, 0x69,
  0x6e, 0x67, 0x5f, 0x6e, 0x6f, 0x6e, 0x5f, 0x70, 0x6c, 0x61, 0x79, 0x65,
  0x72, 0x05, 0x00, 0x0a, 0x65, 0x78, 0x68, 0x61, 0x75, 0x73, 0x74, 0x69,
  0x6f, 0x6e, 0x3d, 0xcc, 0xcc, 0xcd, 0x08, 0x00, 0x0a, 0x6d, 0x65, 0x73,
  0x73, 0x61, 0x67, 0x65, 0x5f, 0x69, 0x64, 0x00, 0x05, 0x73, 0x70, 0x65,
  0x61, 0x72, 0x00, 0x0e, 0x6d, 0x69, 0x6e, 0x65, 0x63, 0x72, 0x61, 0x66,
  0x74, 0x3a, 0x73, 0x70, 0x69, 0x74, 0x01, 0x0a, 0x08, 0x00, 0x07, 0x73,
  0x63, 0x61, 0x6c, 0x69, 0x6e, 0x67, 0x00, 0x20, 0x77, 0x68, 0x65, 0x6e,
  0x5f, 0x63, 0x61, 0x75, 0x73, 0x65, 0x64, 0x5f, 0x62, 0x79, 0x5f, 0x6c,
  0x69, 0x76, 0x69, 0x6e, 0x67, 0x5f, 0x6e, 0x6f, 0x6e, 0x5f, 0x70, 0x6c,
  0x61, 0x79, 0x65, 0x72, 0x05, 0x00, 0x0a, 0x65, 0x78, 0x68, 0x61, 0x75,
  0x73, 0x74, 0x69, 0x6f, 0x6e, 0x3d, 0xcc, 0xcc, 0xcd, 0x08, 0x00, 0x0a,
  0x6d, 0x65, 0x73, 0x73, 0x61, 0x67, 0x65, 0x5f, 0x69, 0x64, 0x00, 0x03,
  0x6d, 0x6f, 0x62, 0x00, 0x14, 0x6d, 0x69, 0x6e, 0x65, 0x63, 0x72, 0x61,
  0x66, 0x74, 0x3a, 0x73, 0x74, 0x61, 0x6c, 0x61, 0x67, 0x6d, 0x69, 0x74,
  0x65, 0x01, 0x0a, 0x08, 0x00, 0x07, 0x73, 0x63, 0x61, 0x6c, 0x69, 0x6e,
  0x67, 0x00, 0x20, 0x77, 0x68, 0x65, 0x6e, 0x5f, 0x63, 0x61, 0x75, 0x73,
  0x65, 0x64, 0x5f, 0x62, 0x79, 0x5f, 0x6c, 0x69, 0x76, 0x69, 0x6e, 0x67,
  0x5f, 0x6e, 0x6f, 0x6e, 0x5f, 0x70, 0x6c, 0x61, 0x79, 0x65, 0x72, 0x05,
  0x00, 0x0a, 0x65, 0x78, 0x68, 0x61, 0x75, 0x73, 0x74, 0x69, 0x6f, 0x6e,
  0x00, 0x00, 0x00, 0x00, 0x08, 0x00, 0x0a, 0x6d, 0x65, 0x73, 0x73, 0x61,
  0x67, 0x65, 0x5f, 0x69, 0x64, 0x00, 0x0a, 0x73, 0x74, 0x61, 0x6c, 0x61,
  0x67, 0x6d, 0x69, 0x74, 0x65, 0x00, 0x10, 0x6d, 0x69, 0x6e, 0x65, 0x63,
  0x72, 0x61, 0x66, 0x74, 0x3a, 0x73, 0x74, 0x61, 0x72, 0x76, 0x65, 0x01,
  0x0a, 0x08, 0x00, 0x07, 0x73, 0x63, 0x61, 0x6c, 0x69, 0x6e, 0x67, 0x00,
  0x20, 0x77, 0x68, 0x65, 0x6e, 0x5f, 0x63, 0x61, 0x75, 0x73, 0x65, 0x64,
  0x5f, 0x62, 0x79, 0x5f, 0x6c, 0x69, 0x76, 0x69, 0x6e, 0x67, 0x5f, 0x6e,
  0x6f, 0x6e, 0x5f, 0x70, 0x6c, 0x61, 0x79, 0x65, 0x72, 0x05, 0x00, 0x0a,
  0x65, 0x78, 0x68, 0x61, 0x75, 0x73, 0x74, 0x69, 0x6f, 0x6e, 0x00, 0x00,
  0x00, 0x00, 0x08, 0x00, 0x0a, 0x6d, 0x65, 0x73, 0x73, 0x61, 0x67, 0x65,
  0x5f, 0x69, 0x64, 0x00, 0x06, 0x73, 0x74, 0x61, 0x72, 0x76, 0x65, 0x00,
  0x0f, 0x6d, 0x69, 0x6e, 0x65, 0x63, 0x72, 0x61, 0x66, 0x74, 0x3a, 0x73,
  0x74, 0x69, 0x6e, 0x67, 0x01, 0x0a, 0x08, 0x00, 0x07, 0x73, 0x63, 0x61,
  0x6c, 0x69, 0x6e, 0x67, 0x00, 0x20, 0x77, 0x68, 0x65, 0x6e, 0x5f, 0x63,
  0x61, 0x75, 0x73, 0x65, 0x64, 0x5f, 0x62, 0x79, 0x5f, 0x6c, 0x69, 0x76,
  0x69, 0x6e, 0x67, 0x5f, 0x6e, 0x6f, 0x6e, 0x5f, 0x70, 0x6c, 0x61, 0x79,
  0x65, 0x72, 0x05, 0x00, 0x0a, 0x65, 0x78, 0x68, 0x61, 0x75, 0x73, 0x74,
  0x69, 0x6f, 0x6e, 0x3d, 0xcc, 0xcc, 0xcd, 0x08, 0x00, 0x0a, 0x6d, 0x65,
  0x73, 0x73, 0x61, 0x67, 0x65, 0x5f, 0x69, 0x64, 0x00, 0x05, 0x73, 0x74,
  0x69, 0x6e, 0x67, 0x00, 0x1a, 0x6d, 0x69, 0x6e, 0x65, 0x63, 0x72, 0x61,
  0x66, 0x74, 0x3a, 0x73, 0x77, 0x65, 0x65, 0x74, 0x5f, 0x62, 0x65, 0x72,
  0x72, 0x79, 0x5f, 0x62, 0x75, 0x73, 0x68, 0x01, 0x0a, 0x08, 0x00, 0x07,
  0x73, 0x63, 0x61, 0x6c, 0x69, 0x6e, 0x67, 0x00, 0x20, 0x77, 0x68, 0x65,
  0x6e, 0x5f, 0x63, 0x61, 0x75, 0x73, 0x65, 0x64, 0x5f, 0x62, 0x79, 0x5f,
  0x6c, 0x69, 0x76, 0x69, 0x6e, 0x67, 0x5f, 0x6e, 0x6f, 0x6e, 0x5f, 0x70,
  0x6c, 0x61, 0x79, 0x65, 0x72, 0x08, 0x00, 0x07, 0x65, 0x66, 0x66, 0x65,
  0x63, 0x74, 0x73, 0x00, 0x06, 0x70, 0x6f, 0x6b, 0x69, 0x6e, 0x67, 0x05,
  0x00, 0x0a, 0x65, 0x78, 0x68, 0x61, 0x75, 0x73, 0x74, 0x69, 0x6f, 0x6e,
  0x3d, 0xcc, 0xcc, 0xcd, 0x08, 0x00, 0x0a, 0x6d, 0x65, 0x73, 0x73, 0x61,
  0x67, 0x65, 0x5f, 0x69, 0x64, 0x00, 0x0e, 0x73, 0x77, 0x65, 0x65, 0x74,
  0x42, 0x65, 0x72, 0x72, 0x79, 0x42, 0x75, 0x73, 0x68, 0x00, 0x10, 0x6d,
  0x69, 0x6e, 0x65, 0x63, 0x72, 0x61, 0x66, 0x74, 0x3a, 0x74, 0x68, 0x6f,
  0x72, 0x6e, 0x73, 0x01, 0x0a, 0x08, 0x00, 0x07, 0x73, 0x63, 0x61, 0x6c,
  0x69, 0x6e, 0x67, 0x00, 0x20, 0x77, 0x68, 0x65, 0x6e, 0x5f, 0x63, 0x61,
  0x75, 0x73, 0x65, 0x64, 0x5f, 0x62, 0x79, 0x5f, 0x6c, 0x69, 0x76, 0x69,
  0x6e, 0x67, 0x5f, 0x6e, 0x6f, 0x6e, 0x5f, 0x70, 0x6c, 0x61, 0x79, 0x65,
  0x72, 0x08, 0x00, 0x07, 0x65, 0x66, 0x66, 0x65, 0x63, 0x74, 0x73, 0x00,
  0x06, 0x74, 0x68, 0x6f, 0x72, 0x6e, 0x73, 0x05, 0x00, 0x0a, 0x65, 0x78,
  0x68, 0x61, 0x75, 0x73, 0x74, 0x69, 0x6f, 0x6e, 0x3d, 0xcc, 0xcc, 0xcd,
  0x08, 0x00, 0x0a, 0x6d, 0x65, 0x73, 0x73, 0x61, 0x67, 0x65, 0x5f, 0x69,
  0x64, 0x00, 0x06, 0x74, 0x68, 0x6f, 0x72, 0x6e, 0x73, 0x00, 0x10, 0x6d,
  0x69, 0x6e, 0x65, 0x63, 0x72, 0x61, 0x66, 0x74, 0x3a, 0x74, 0x68, 0x72,
  0x6f, 0x77, 0x6e, 0x01, 0x0a, 0x08, 0x00, 0x07, 0x73, 0x63, 0x61, 0x6c,
  0x69, 0x6e, 0x67, 0x00, 0x20, 0x77, 0x68, 0x65, 0x6e, 0x5f, 0x63, 0x61,
  0x75, 0x73, 0x65, 0x64, 0x5f, 0x62, 0x79, 0x5f, 0x6c, 0x69, 0x76, 0x69,
  0x6e, 0x67, 0x5f, 0x6e, 0x6f, 0x6e, 0x5f, 0x70, 0x6c, 0x61, 0x79, 0x65,
  0x72, 0x05, 0x00, 0x0a, 0x65, 0x78, 0x68, 0x61, 0x75, 0x73, 0x74, 0x69,
  0x6f, 0x6e, 0x3d, 0xcc, 0xcc, 0xcd, 0x08, 0x00, 0x0a, 0x6d, 0x65, 0x73,
  0x73, 0x61, 0x67, 0x65, 0x5f, 0x69, 0x64, 0x00, 0x06, 0x74, 0x68, 0x72,
  0x6f, 0x77, 0x6e, 0x00, 0x11, 0x6d, 0x69, 0x6e, 0x65, 0x63, 0x72, 0x61,
  0x66, 0x74, 0x3a, 0x74, 0x72, 0x69, 0x64, 0x65, 0x6e, 0x74, 0x01, 0x0a,
  0x08, 0x00, 0x07, 0x73, 0x63, 0x61, 0x6c, 0x69, 0x6e, 0x67, 0x00, 0x20,
  0x77, 0x68, 0x65, 0x6e, 0x5f, 0x63, 0x61, 0x75, 0x73, 0x65, 0x64, 0x5f,
  0x62, 0x79, 0x5f, 0x6c, 0x69, 0x76, 0x69, 0x6e, 0x67, 0x5f, 0x6e, 0x6f,
  0x6e, 0x5f, 0x70, 0x6c, 0x61, 0x79, 0x65, 0x72, 0x05, 0x00, 0x0a, 0x65,
  0x78, 0x68, 0x61, 0x75, 0x73, 0x74, 0x69, 0x6f, 0x6e, 0x3d, 0xcc, 0xcc,
  0xcd, 0x08, 0x00, 0x0a, 0x6d, 0x65, 0x73, 0x73, 0x61, 0x67, 0x65, 0x5f,
  0x69, 0x64, 0x00, 0x07, 0x74, 0x72, 0x69, 0x64, 0x65, 0x6e, 0x74, 0x00,
  0x1f, 0x6d, 0x69, 0x6e, 0x65, 0x63, 0x72, 0x61, 0x66, 0x74, 0x3a, 0x75,
  0x6e, 0x61, 0x74, 0x74, 0x72, 0x69, 0x62, 0x75, 0x74, 0x65, 0x64, 0x5f,
  0x66, 0x69, 0x72, 0x65, 0x62, 0x61, 0x6c, 0x6c, 0x01, 0x0a, 0x08, 0x00,
  0x07, 0x73, 0x63, 0x61, 0x6c, 0x69, 0x6e, 0x67, 0x00, 0x20, 0x77, 0x68,
  0x65, 0x6e, 0x5f, 0x63, 0x61, 0x75, 0x73, 0x65, 0x64, 0x5f, 0x62, 0x79,
  0x5f, 0x6c, 0x69, 0x76, 0x69, 0x6e, 0x67, 0x5f, 0x6e, 0x6f, 0x6e, 0x5f,
  0x70, 0x6c, 0x61, 0x79, 0x65, 0x72, 0x08, 0x00, 0x07, 0x65, 0x66, 0x66,
  0x65, 0x63, 0x74, 0x73, 0x00, 0x07, 0x62, 0x75, 0x72, 0x6e, 0x69, 0x6e,
  0x67, 0x05, 0x00, 0x0a, 0x65, 0x78, 0x68, 0x61, 0x75, 0x73, 0x74, 0x69,
  0x6f, 0x6e, 0x3d, 0xcc, 0xcc, 0xcd, 0x08, 0x00, 0x0a, 0x6d, 0x65, 0x73,
  0x73, 0x61, 0x67, 0x65, 0x5f, 0x69, 0x64, 0x00, 0x06, 0x6f, 0x6e, 0x46,
  0x69, 0x72, 0x65, 0x00, 0x15, 0x6d, 0x69, 0x6e, 0x65, 0x63, 0x72, 0x61,
  0x66, 0x74, 0x3a, 0x77, 0x69, 0x6e, 0x64, 0x5f, 0x63, 0x68, 0x61, 0x72,
  0x67, 0x65, 0x01, 0x0a, 0x08, 0x00, 0x07, 0x73, 0x63, 0x61, 0x6c, 0x69,
  0x6e, 0x67, 0x00, 0x20, 0x77, 0x68, 0x65, 0x6e, 0x5f, 0x63, 0x61, 0x75,
  0x73, 0x65, 0x64, 0x5f, 0x62, 0x79, 0x5f, 0x6c, 0x69, 0x76, 0x69, 0x6e,
  0x67, 0x5f, 0x6e, 0x6f, 0x6e, 0x5f, 0x70, 0x6c, 0x61, 0x79, 0x65, 0x72,
  0x05, 0x00, 0x0a, 0x65, 0x78, 0x68, 0x61, 0x75, 0x73, 0x74, 0x69, 0x6f,
  0x6e, 0x3d, 0xcc, 0xcc, 0xcd, 0x08, 0x00, 0x0a, 0x6d, 0x65, 0x73, 0x73,
  0x61, 0x67, 0x65, 0x5f, 0x69, 0x64, 0x00, 0x03, 0x6d, 0x6f, 0x62, 0x00,
  0x10, 0x6d, 0x69, 0x6e, 0x65, 0x63, 0x72, 0x61, 0x66, 0x74, 0x3a, 0x77,
  0x69, 0x74, 0x68, 0x65, 0x72, 0x01, 0x0a, 0x08, 0x00, 0x07, 0x73, 0x63,
  0x61, 0x6c, 0x69, 0x6e, 0x67, 0x00, 0x20, 0x77, 0x68, 0x65, 0x6e, 0x5f,
  0x63, 0x61, 0x75, 0x73, 0x65, 0x64, 0x5f, 0x62, 0x79, 0x5f, 0x6c, 0x69,
  0x76, 0x69, 0x6e, 0x67, 0x5f, 0x6e, 0x6f, 0x6e, 0x5f, 0x70, 0x6c, 0x61,
  0x79, 0x65, 0x72, 0x05, 0x00, 0x0a, 0x65, 0x78, 0x68, 0x61, 0x75, 0x73,
  0x74, 0x69, 0x6f, 0x6e, 0x00, 0x00, 0x00, 0x00, 0x08, 0x00, 0x0a, 0x6d,
  0x65, 0x73, 0x73, 0x61, 0x67, 0x65, 0x5f, 0x69, 0x64, 0x00, 0x06, 0x77,
  0x69, 0x74, 0x68, 0x65, 0x72, 0x00, 0x16, 0x6d, 0x69, 0x6e, 0x65, 0x63,
  0x72, 0x61, 0x66, 0x74, 0x3a, 0x77, 0x69, 0x74, 0x68, 0x65, 0x72, 0x5f,
  0x73, 0x6b, 0x75, 0x6c, 0x6c, 0x01, 0x0a, 0x08, 0x00, 0x07, 0x73, 0x63,
  0x61, 0x6c, 0x69, 0x6e, 0x67, 0x00, 0x20, 0x77, 0x68, 0x65, 0x6e, 0x5f,
  0x63, 0x61, 0x75, 0x73, 0x65, 0x64, 0x5f, 0x62, 0x79, 0x5f, 0x6c, 0x69,
  0x76, 0x69, 0x6e, 0x67, 0x5f, 0x6e, 0x6f, 0x6e, 0x5f, 0x70, 0x6c, 0x61,
  0x79, 0x65, 0x72, 0x05, 0x00, 0x0a, 0x65, 0x78, 0x68, 0x61, 0x75, 0x73,
  0x74, 0x69, 0x6f, 0x6e, 0x3d, 0xcc, 0xcc, 0xcd, 0x08, 0x00, 0x0a, 0x6d,
  0x65, 0x73, 0x73, 0x61, 0x67, 0x65, 0x5f, 0x69, 0x64, 0x00, 0x0b, 0x77,
  0x69, 0x74, 0x68, 0x65, 0x72, 0x53, 0x6b, 0x75, 0x6c, 0x6c, 0x00,
};
Blob e775_damage_type() { return {k_e775_damage_type, sizeof(k_e775_damage_type)}; }

int plainsId(const char* t) {
  if (!std::strcmp(t, "j1162")) return 1;
  if (!std::strcmp(t, "j117")) return 1;
  if (!std::strcmp(t, "j118")) return 1;
  if (!std::strcmp(t, "j119_759")) return 1;
  if (!std::strcmp(t, "j119_760")) return 1;
  if (!std::strcmp(t, "j119_7612")) return 38;
  if (!std::strcmp(t, "j120_763")) return 39;
  if (!std::strcmp(t, "c764")) return 39;
  if (!std::strcmp(t, "c765")) return 39;
  if (!std::strcmp(t, "e766")) return 0;
  if (!std::strcmp(t, "e767")) return 0;
  if (!std::strcmp(t, "e769")) return 0;
  if (!std::strcmp(t, "e770")) return 0;
  if (!std::strcmp(t, "e773")) return 0;
  if (!std::strcmp(t, "e774")) return 0;
  if (!std::strcmp(t, "e775")) return 0;
  return 0;
}
int overworldId(const char* t) {
  if (!std::strcmp(t, "j1162")) return 0;
  if (!std::strcmp(t, "j117")) return 0;
  if (!std::strcmp(t, "j118")) return 0;
  if (!std::strcmp(t, "j119_759")) return 0;
  if (!std::strcmp(t, "j119_760")) return 0;
  if (!std::strcmp(t, "j119_7612")) return 0;
  if (!std::strcmp(t, "j120_763")) return 0;
  if (!std::strcmp(t, "c764")) return 0;
  if (!std::strcmp(t, "c765")) return 0;
  if (!std::strcmp(t, "e766")) return 0;
  if (!std::strcmp(t, "e767")) return 0;
  if (!std::strcmp(t, "e769")) return 0;
  if (!std::strcmp(t, "e770")) return 0;
  if (!std::strcmp(t, "e773")) return 0;
  if (!std::strcmp(t, "e774")) return 0;
  if (!std::strcmp(t, "e775")) return 0;
  return 0;
}
}  // namespace limbo::codec
